# units: length=mm, velocity=mm/s
x y z u v w
13.519012 -0.081445 -4.769245 -0.611563 5.477210 0.215748
-12.716994 1.711935 13.603511 0.039465 4.124664 -0.042217
7.707088 12.536169 -3.863156 2.088200 8.611576 -1.046704
-15.068817 -7.496978 15.900446 0.753945 3.662251 -0.795555
-10.503895 7.862389 2.092173 -2.111798 7.664661 0.420629
5.274559 -6.234364 6.075022 -1.732267 9.628770 -1.995155
2.237527 1.076634 6.739470 -0.216252 12.264688 -0.651356
4.265198 -5.468964 -1.629223 -2.399695 13.701443 0.916637
11.137811 -10.846102 -9.088167 -1.396878 5.588659 1.139816
-6.871624 -6.547898 -6.097082 1.875592 8.626344 1.664183
-3.907630 0.932086 3.923942 0.373396 16.884479 -0.374955
11.452926 -11.507093 6.024026 -1.645999 6.046204 -0.865765
-9.241308 -2.844599 4.812258 1.794228 7.879746 -0.934314
-13.062762 -4.178848 8.901917 1.130721 5.081655 -0.770555
7.868318 -5.217421 -10.176581 -1.174713 6.357019 1.519328
-10.850942 5.457601 -13.638985 -0.461874 4.479536 -0.580548
-8.609723 10.426387 -2.713013 -2.415783 8.769730 -0.761238
5.189911 2.906567 -11.788078 0.139347 6.123305 -0.316505
-5.513990 1.161406 -0.913173 0.417480 16.796147 0.069139
1.499778 9.522815 -1.531860 1.045596 16.138396 -1.067962
-0.413133 5.440206 3.751101 -0.033045 19.655916 0.300040
-9.398823 -10.805350 10.116058 1.256262 5.787717 -1.352129
-13.359422 3.498509 -7.456385 -0.369577 5.092303 -0.206274
14.230982 9.287162 -4.876516 1.516341 5.397171 -0.519603
-10.045071 -7.525566 8.837638 1.469733 6.101320 -1.293068
-1.051149 -5.757264 -2.280353 0.703955 15.546548 1.527153
3.270098 -0.243057 -3.519001 -0.408215 18.620384 0.439287
-0.019414 -2.235091 11.822714 0.002620 6.859185 -1.595461
-8.855128 -11.855067 -9.372293 1.262490 6.030203 1.336223
12.621621 -12.384211 11.032193 -1.198662 4.819412 -1.047716
-4.056265 -7.514706 9.730866 0.885390 7.576333 -2.124026
10.518095 7.305700 8.854168 1.157198 5.868268 0.974133
-12.773550 7.947781 6.327567 -1.384232 5.669785 0.685700
-15.112157 9.766623 -5.099053 -1.451544 5.085747 -0.489771
-10.937271 10.236798 -9.551907 -1.321874 5.622307 -1.154439
15.202552 -5.187550 -15.613272 -0.646057 3.625612 0.663511
-11.816204 -10.360135 7.781918 1.534901 5.691919 -1.010855
11.195744 10.282288 15.565869 0.719532 4.191756 1.000393
10.170209 12.405554 12.730374 1.024902 5.014455 1.282903
10.884529 -1.464496 11.207283 -0.622783 5.037524 -0.641250
-14.695898 -12.472573 9.099532 1.323765 4.685045 -0.819660
6.569016 14.722538 11.753447 0.914202 5.917583 1.635713
7.069498 6.096126 -11.536514 0.672569 5.916244 -1.097546
15.412744 9.506170 11.188480 0.951055 4.199677 0.690394
11.486487 3.864353 -14.694622 0.226525 4.132895 -0.289792
-14.885631 2.051773 6.199144 -0.012461 4.800288 0.005189
-0.138902 9.939689 2.113988 -0.093874 15.619086 1.428693
0.792167 -10.316298 5.632357 -0.253266 9.716446 -1.800738
-14.588939 -1.612511 -5.708679 0.859181 5.028142 0.336199
11.745832 9.986777 -14.804194 0.766353 4.249105 -0.965895
14.514708 -7.749092 -8.810621 -1.321767 4.801639 0.802330
0.643024 3.035501 10.317703 0.034217 7.831277 0.549034
-6.259447 6.878047 -5.805840 -1.785994 9.676811 -1.656567
9.450131 7.233460 7.555817 1.386176 6.729733 1.108312
-11.652918 1.652211 14.933818 0.041586 4.051884 -0.053294
-2.863149 -1.022145 10.901769 0.333400 7.172159 -1.269459
5.924139 2.428216 6.969516 0.173909 9.016873 0.204597
6.769810 14.311647 -11.101954 1.003769 6.122619 -1.646102
12.846123 17.541703 2.389966 1.680263 5.801237 0.312606
-15.125819 10.902539 -8.544056 -1.268691 4.672866 -0.716640
7.030753 -0.169803 9.194633 -0.574288 6.928666 -0.751039
-11.357694 4.158650 15.087465 -0.249236 4.084174 0.331083
1.681196 -11.490620 4.357439 -0.512906 9.584069 -1.329386
4.277054 14.039965 -3.351886 1.435556 9.990031 -1.125031
6.029626 1.382014 4.295909 -0.372843 11.657739 -0.265638
-7.969320 -7.830801 2.566310 2.319862 8.960203 -0.747051
9.377975 2.743108 10.496035 0.163166 5.557215 0.182619
1.096530 -4.706543 -8.555188 -0.334326 9.388541 2.608432
8.599186 16.853593 9.262376 1.206481 6.013799 1.299528
13.347322 12.978909 -9.417935 1.348428 5.001698 -0.951458
-15.865596 -10.147228 -1.117010 1.690703 5.119996 0.119033
7.236128 5.961048 -2.983954 2.149861 10.652158 -0.886536
-2.532942 -7.368397 5.318678 1.045067 11.103558 -2.194434
-1.194269 -7.875744 -0.554778 0.669160 13.693174 0.310848
9.813482 9.047809 11.342709 1.035997 5.407044 1.197436
10.292286 11.789711 -8.927824 1.458099 5.989591 -1.264797
-8.012520 -3.473827 14.085334 0.601181 4.920442 -1.056826
-4.357996 3.319099 -12.912187 -0.145583 5.765440 -0.431344
-11.528807 16.850293 5.636765 -1.588108 5.949586 0.776472
5.815678 -6.268374 0.943618 -2.610314 11.695549 -0.423534
13.334993 10.738534 -5.557410 1.656558 5.657491 -0.690377
5.552837 0.455222 -10.039705 -0.337319 6.975318 0.609884
-6.223671 4.723091 12.159149 -0.409798 5.795380 0.800620
15.260795 -6.167728 -5.645894 -1.432184 4.989468 0.529852
10.363254 -6.378999 6.227857 -1.809562 6.757923 -1.087467
5.106854 11.981182 5.946888 1.579881 9.303127 1.839758
7.668030 5.680939 7.278254 1.207914 7.724948 1.146514
11.246395 9.030905 2.990283 2.040461 7.040551 0.542534
3.675749 8.637893 2.389400 2.199032 14.640720 1.429469
-7.871397 11.740576 -7.304920 -1.662487 7.435387 -1.542843
2.360524 -4.400611 12.400719 -0.349799 6.468026 -1.837625
14.739248 9.080859 8.442581 1.163241 4.734593 0.666300
9.342222 5.297528 9.014495 0.827470 6.151475 0.798443
-12.836613 16.434241 -10.345898 -1.251988 4.889893 -1.009062
-10.458300 -7.254557 3.164163 2.171029 7.371810 -0.656846
-0.139287 12.287811 -15.328341 -0.015828 5.330975 -1.741858
-12.655527 6.805314 4.299565 -1.394502 6.027998 0.473765
6.217252 -3.433287 8.889239 -1.177740 7.561046 -1.683897
3.860031 -5.122848 11.630667 -0.634016 6.680729 -1.910356
11.246508 -0.207502 8.290482 -0.575679 5.635939 -0.424368
-12.611064 5.243886 4.568236 -1.014268 5.933648 0.367409
-14.164018 12.849428 12.352638 -1.067942 4.335308 0.931367
-0.605591 -13.523932 -13.361124 0.077072 5.708485 1.700434
-12.872875 6.822045 -4.980415 -1.315349 5.822368 -0.508898
5.151177 7.982664 3.948659 2.282268 12.055859 1.749483
-12.462656 6.590578 2.169282 -1.517594 6.388670 0.264156
-0.674504 4.842645 -13.616195 -0.046381 5.812455 -0.936299
12.694166 3.238174 -5.111928 0.394217 5.737600 -0.158751
-13.913607 0.305379 -14.774598 0.196741 3.780677 0.208916
4.835268 13.298949 1.121111 1.822164 10.667763 0.422489
1.756606 1.363696 -4.652522 -0.003612 19.919849 0.009568
-13.170909 0.630968 13.921395 0.177757 4.010135 -0.187886
-11.576239 6.035144 7.256723 -1.062449 5.851101 0.666011
13.406456 -4.983157 6.552224 -1.425535 5.434619 -0.696711
-1.541962 4.862341 5.774513 -0.489925 14.374564 1.834725
5.208113 -9.174153 -2.379181 -1.855414 10.269962 0.847594
-5.278926 -11.811369 -0.304791 1.497316 9.182031 0.086451
-10.148396 -4.923514 -0.028699 2.371326 8.059778 0.006706
-2.895751 -0.430709 -8.591142 0.457233 9.130024 1.356522
4.290828 -6.278803 8.029796 -1.193713 8.733374 -2.233898
14.287196 9.886389 -14.217308 0.788990 3.962365 -0.785131
-13.633757 12.963571 -10.452601 -1.244711 4.754886 -0.954283
11.257813 16.524191 -12.945903 1.026273 4.715574 -1.180161
9.073650 10.461812 -5.299661 2.022854 7.700029 -1.181491
11.236722 -13.102133 0.326711 -1.772759 6.459948 -0.051544
13.768608 0.673696 -0.884358 -0.447409 5.688838 0.028737
2.920413 9.191840 0.292241 1.968417 15.836386 0.196976
-4.549924 16.145075 -5.997115 -1.059043 8.124980 -1.395892
-9.591386 12.391035 4.107659 -2.071042 7.532639 0.886956
15.767517 2.555849 -12.407342 0.076246 3.816619 -0.059998
-14.867334 -0.741864 -6.007916 0.643038 4.874013 0.259853
11.567538 15.339664 -1.376908 1.917364 6.558469 -0.228228
13.027649 13.518454 -1.594806 1.940237 6.127766 -0.237518
10.405483 7.993299 12.086062 0.864329 5.026343 1.003926
15.210651 -11.122213 9.752219 -1.276935 4.516336 -0.818699
-8.090498 -12.942538 4.789265 1.515655 7.161156 -0.897210
14.221035 2.889679 9.968320 0.165533 4.442143 0.116031
-2.650852 15.172315 5.584599 -0.749690 9.082519 1.579387
-6.956078 -7.609315 7.649150 1.558971 7.689316 -1.714300
-3.985876 -0.327720 13.136918 0.224517 5.748920 -0.739978
9.221770 6.198436 1.845137 2.031561 8.779180 0.406485
10.870946 16.556192 12.062370 1.084213 4.951232 1.203039
12.155085 1.165573 -2.980934 -0.324222 6.318376 0.079513
-5.806186 4.428322 -2.386625 -1.554166 13.842294 -0.638838
-3.536723 -4.414887 1.761175 2.226490 15.454810 -1.108721
-7.535066 3.712493 14.730693 -0.191263 4.687985 0.373910
-0.363892 -11.215422 15.314505 0.040894 5.267706 -1.721037
-2.038455 -4.291505 -3.464465 1.274673 15.481555 2.166376
5.503831 1.958767 -6.610495 -0.017707 9.701119 0.021267
9.114074 -2.830371 11.959747 -0.754142 5.307131 -0.989606
-9.157186 14.039636 -2.607938 -2.043788 7.746082 -0.582065
-15.828243 2.096025 14.193346 -0.011206 3.592837 0.010049
10.743685 5.105671 -10.369443 0.629622 5.275856 -0.607690
14.988133 9.256503 7.151513 1.266075 4.856344 0.604101
-14.624378 17.308399 -14.402492 -0.962001 3.973261 -0.947405
9.932470 3.843706 1.748789 0.971358 8.075645 0.171025
-11.171645 -11.696640 -6.257121 1.617206 6.077583 0.905780
-15.787596 -0.896260 15.920910 0.282268 3.423313 -0.284651
8.391860 11.984263 -10.544178 1.213625 6.048228 -1.524892
8.060289 6.563872 -6.649849 1.503148 7.850172 -1.240118
6.161546 -4.290549 -2.198256 -2.708401 11.865019 0.966277
6.793959 -13.640853 6.811042 -1.191755 6.928960 -1.194752
-0.206573 -1.955329 6.085790 0.084169 13.573119 -2.479677
-9.564126 -7.473693 -6.090509 1.865414 7.117472 1.187910
-4.564410 -8.036205 12.504555 0.674827 6.117523 -1.848740
-8.695272 9.653237 6.461521 -1.834898 7.537285 1.363526
-3.436237 17.809566 13.098474 -0.425641 5.630530 1.622485
10.503806 -7.441858 11.899146 -1.094317 5.143975 -1.239687
2.140359 16.057050 -15.331954 0.232690 5.183282 -1.666818
-11.505328 3.333083 -9.552684 -0.302219 5.215228 -0.250927
-11.446060 11.635975 7.626150 -1.591750 5.938000 1.060533
-14.998346 6.694980 15.722278 -0.456416 3.573549 0.478446
-15.148643 -3.792079 -1.885948 1.370084 5.260926 0.170570
-3.543091 3.338942 -8.742592 -0.298077 8.706942 -0.735506
-4.037394 -13.335219 -13.680690 0.476670 5.459628 1.615193
-6.555563 -3.453716 -11.658143 0.783183 6.051397 1.392781
-7.624126 8.466713 -9.596996 -1.208514 6.671869 -1.521237
-1.374037 -13.924085 3.706385 0.337030 8.618547 -0.909118
-0.621383 -6.377444 -3.659907 0.356364 13.801836 2.098963
-14.561955 2.052109 -14.433626 -0.006210 3.730493 -0.006155
1.415413 -0.350443 -13.359794 -0.085133 5.886820 0.803556
11.363364 -0.289690 -2.550018 -0.959985 6.886265 0.215427
-7.379585 -7.868602 4.668739 2.043358 8.697241 -1.292743
-5.453858 -5.367468 -13.673166 0.613255 5.524638 1.537468
3.700240 -12.283529 14.577377 -0.418412 5.301115 -1.648366
2.105690 -9.402660 -10.967056 -0.399464 7.016054 2.080525
-10.008334 11.619841 11.288566 -1.162170 5.417881 1.310830
-5.496891 -2.067262 6.334632 1.474682 9.908978 -1.699428
-5.305871 2.412220 -7.363238 -0.152496 9.100567 -0.211627
2.205226 -9.291175 5.060559 -0.791765 10.336175 -1.816944
15.436429 -8.023826 -14.644208 -0.851568 3.789719 0.807864
0.237330 12.507439 -4.314528 0.102835 11.580444 -1.869480
-6.186379 -6.597690 7.511034 1.551906 8.218225 -1.884207
-0.235122 10.348268 14.920083 -0.026931 5.467611 1.708973
1.384468 12.582938 11.974496 0.240376 6.664482 2.079052
3.580746 0.904827 9.801170 -0.196813 7.749553 -0.538715
-3.164097 10.078534 11.863008 -0.533984 6.663276 2.002043
3.524905 10.588089 -10.182474 0.753577 7.517954 -2.176875
-8.622557 17.858169 6.013664 -1.386177 6.582077 0.966767
-1.359329 10.386429 -12.361005 -0.225219 6.574996 -2.048018
-13.294269 17.574388 -12.819115 -1.054188 4.383830 -1.016510
15.509312 -6.967696 7.604164 -1.321593 4.702545 -0.647973
8.722210 -11.850790 1.620692 -1.847940 7.634690 -0.343370
3.362900 12.900361 4.829071 1.210722 10.307746 1.738577
14.030537 -7.321166 5.072802 -1.656110 5.478371 -0.598774
-11.155496 -2.113995 10.568824 0.770513 5.153957 -0.729992
-9.195051 2.395919 -11.110911 -0.079995 5.409893 -0.096663
-10.098531 -2.789006 -4.125076 1.767261 7.503098 0.721896
12.149410 -5.756342 4.942180 -1.782472 6.236531 -0.725080
11.727659 11.095403 -6.547085 1.696234 6.085513 -0.946940
-11.740981 -8.280878 -12.444980 1.066924 4.770237 1.130897
14.498898 -6.582524 -4.835749 -1.591810 5.336952 0.530909
-3.431425 11.534032 12.104909 -0.561145 6.468997 1.979529
-7.693864 12.183123 -5.577916 -1.894327 8.123128 -1.373354
-15.250748 10.452404 -2.896552 -1.610666 5.249053 -0.305911
-10.151329 11.713224 -15.498752 -0.761680 4.382327 -1.162911
-0.655439 -8.283776 11.134154 0.129056 7.147558 -2.192311
9.476164 8.639920 0.477551 2.472013 8.610793 0.124577
-6.167195 -2.735174 -4.830667 2.003547 10.546524 1.569347
9.613322 -4.227047 -7.130445 -1.576976 6.834795 1.169683
12.363066 8.713205 -4.894704 1.671278 6.131766 -0.661681
-11.828901 1.711737 -0.078342 0.126802 6.718725 0.000840
-11.782212 -13.427346 -2.160604 1.709684 6.162388 0.313519
-13.545775 -0.613189 -15.206989 0.288524 3.780675 0.323908
5.267830 13.765808 7.380234 1.257561 8.048496 1.761844
-2.737896 5.013513 -14.227036 -0.169154 5.447242 -0.878979
-2.276609 12.218628 10.646898 -0.465321 7.299167 2.176144
-14.943874 -4.418993 4.707883 1.352862 5.139391 -0.426202
-0.615806 15.544084 -13.143347 -0.086391 5.964740 -1.843877
-5.570729 13.833319 -14.301281 -0.634014 5.302591 -1.627654
-6.497133 -3.862951 12.332960 0.735790 5.804203 -1.396689
9.588643 4.601175 10.360720 0.555709 5.586887 0.600454
-13.842812 -1.714269 -15.602529 0.382919 3.708495 0.431596
3.382761 -10.758439 8.793801 -0.730683 7.641265 -1.899479
-1.613270 -6.240026 4.617492 0.824613 12.749038 -2.360202
10.515353 -12.124328 10.172787 -1.244436 5.433886 -1.203895
-12.126811 11.180071 13.861559 -0.901538 4.398764 1.030503
-12.667257 -5.025281 8.431665 1.291467 5.323866 -0.859635
-1.091291 -9.480315 10.921783 0.211263 7.100450 -2.114352
11.064328 -0.083302 -5.601007 -0.731941 6.416337 0.370525
15.228529 0.016994 -11.086073 -0.310098 4.092138 0.225746
-2.855063 -10.468463 6.446290 0.797796 8.932835 -1.801299
-12.016713 16.017135 -0.634396 -1.856922 6.324962 -0.098032
-9.906887 -3.221576 9.448936 1.089695 5.891624 -1.039323
4.280000 17.622341 15.198783 0.434407 5.019184 1.542631
0.818711 2.142657 -12.399734 0.003825 6.361274 -0.057932
1.586714 15.673780 6.856647 0.400103 8.496682 1.728961
-1.693738 12.820600 -9.527847 -0.396017 7.900765 -2.227728
15.814006 4.296051 -11.521570 0.333234 3.937180 -0.242784
14.184908 -3.310268 13.372587 -0.642971 4.028452 -0.606150
12.085606 11.793790 9.646218 1.339601 5.284995 1.069213
3.464483 13.147739 15.153886 0.385551 5.250656 1.686428
0.774039 -10.304125 -12.028473 -0.128004 6.511382 1.989162
-10.137933 6.779476 11.394102 -0.802991 5.224225 0.902488
-7.683133 6.372597 11.634426 -0.713063 5.738923 1.079778
-7.960425 4.902547 12.001521 -0.483220 5.478422 0.728526
5.409770 5.548846 -14.737852 0.311992 5.014253 -0.849961
2.729399 12.299583 -2.028391 1.301171 12.314569 -0.966983
-8.370379 0.294030 -2.586176 1.033560 9.492712 0.319337
8.097022 5.109524 2.345278 1.797112 9.898967 0.520528
-14.263388 -1.606826 -8.464558 0.720555 4.728651 0.427611
-1.576169 -11.049588 13.674185 0.210360 5.787397 -1.824996
-12.328826 2.794936 7.172307 -0.221248 5.478753 0.128711
-4.216234 -9.576586 -14.515969 0.493808 5.385562 1.700118
-8.105372 1.583844 3.150670 0.256920 9.574910 -0.099868
5.560922 4.563835 8.554918 0.710865 7.993317 1.093594
5.448421 4.736787 -0.366014 1.619061 15.834536 -0.108765
-6.230759 -1.012787 13.296155 0.371514 5.368694 -0.792795
-5.516743 -5.934451 -10.960719 0.928970 6.668965 1.845686
-15.322895 8.979019 -0.322852 -1.531281 5.281858 -0.032264
9.324445 -13.475020 -14.096403 -0.856508 4.746276 1.294841
-10.682499 7.344483 11.777633 -0.826542 5.016937 0.911277
-14.852827 -1.034031 8.231707 0.603101 4.592704 -0.334249
11.368471 1.685579 -0.010635 -0.147024 7.023624 0.000138
8.633330 13.333198 -14.662663 0.807401 4.801542 -1.371273
13.873490 -3.824793 -9.826277 -0.963425 4.685567 0.682372
4.702019 -1.043819 -11.817432 -0.409771 6.279668 1.029864
-4.996592 -8.514746 -11.538997 0.811481 6.425189 1.874013
-9.307135 14.333361 -12.518287 -1.025585 5.210085 -1.379433
7.972670 3.396920 3.113117 0.854986 9.756463 0.333849
-10.319313 12.607325 -7.877851 -1.587279 6.237834 -1.211742
0.962636 -9.834409 4.934992 -0.341136 10.320672 -1.748846
-0.635582 12.547212 8.988559 -0.163865 8.359824 2.317417
6.054538 8.097261 15.787485 0.439883 4.723216 1.147015
9.541940 -3.472173 6.041821 -1.666800 7.248297 -1.055394
0.414537 13.762161 5.001561 0.148129 10.366731 1.787243
11.366439 -13.420781 -6.564552 -1.486472 5.795528 0.858494
-3.754813 -7.773343 -5.720038 1.336098 10.132194 2.035396
6.864818 -4.526507 7.962123 -1.483958 7.801784 -1.721160
14.640688 1.990394 -2.983444 -0.002808 5.206918 0.000572
-7.418286 7.348612 -8.431364 -1.296352 7.288879 -1.473388
14.601026 -11.689957 11.420026 -1.167441 4.400327 -0.913101
-2.776253 7.583310 -2.702531 -1.698984 16.444131 -1.653869
0.459472 -2.409452 -9.581728 -0.100162 8.596195 2.088762
11.484437 8.025958 13.987107 0.696481 4.387416 0.848257
1.980814 7.393186 12.200946 0.281759 6.583272 1.735511
-2.377133 5.286736 12.772421 -0.209586 6.146055 1.126112
-8.691173 -3.083758 -13.419887 0.639398 4.976707 0.987283
1.707157 16.475333 10.300990 0.300388 6.859064 1.812539
-1.468433 -6.504786 -7.583301 0.500671 9.839956 2.585570
1.758203 -4.073196 -6.155898 -0.791281 12.141954 2.770470
-1.753122 -12.765040 -12.590437 0.245207 5.999126 1.761009
9.854666 11.399470 3.060034 2.226827 7.727024 0.691466
-15.373936 -1.885521 4.574778 0.905136 4.912127 -0.269339
-6.099253 -6.456868 -0.301079 2.625249 11.380629 0.129591
-7.062738 -9.925702 -4.360371 1.815495 8.431057 1.120844
13.672368 6.892982 4.087437 1.300872 5.619145 0.388903
1.710683 1.219605 -5.014094 -0.083593 18.113546 0.245016
4.260089 16.343124 0.999505 1.207913 9.253633 0.283401
10.412415 -10.630893 15.904638 -0.789835 4.296764 -1.206448
-14.743846 -2.223960 -8.553324 0.792576 4.613348 0.459796
-7.116477 -2.903577 5.593710 1.833001 9.121253 -1.440780
-2.983998 14.319542 5.404155 -0.915005 9.459287 1.657115
-13.775221 0.213545 0.238882 0.599173 5.709341 -0.010391
-10.642739 -7.074889 -6.157037 1.812451 6.628407 1.048539
-2.119758 -10.153835 -9.504049 0.458830 7.612064 2.057187
10.516928 6.793026 10.389386 0.902983 5.404034 0.892032
-3.232665 -3.186740 -10.478229 0.584825 7.471326 1.895627
-0.800422 -1.519656 -10.601518 0.120443 7.671521 1.595251
-2.450372 5.599190 -9.156569 -0.480273 8.702181 -1.794690
-10.737524 -1.510689 -11.120246 0.639162 5.097212 0.661944
-8.374731 -3.500956 1.704795 2.494403 9.612843 -0.507771
-1.782411 -11.258009 10.394760 0.332765 7.030821 -1.940638
10.372671 10.992633 -6.553216 1.772673 6.644702 -1.119934
2.305141 -6.508087 12.517157 -0.366204 6.424733 -1.988527
-5.551576 4.650102 -2.474038 -1.632778 14.234794 -0.727641
-4.197812 13.882602 1.180583 -1.556950 10.640763 0.437873
8.568244 16.468240 -9.055091 1.243248 6.116140 -1.313890
-1.691802 10.388870 12.761639 -0.262347 6.354248 1.978941
6.066997 7.575435 6.961506 1.586999 8.909276 1.820984
-11.403004 -12.460392 8.455997 1.395715 5.546165 -1.035004
-7.184215 15.364052 -6.783341 -1.426544 7.302427 -1.346944
-1.017639 -10.473428 -4.331657 0.351450 10.240122 1.495973
5.296724 -6.492119 10.761309 -0.939824 6.807083 -1.909433
-9.383091 -1.304223 3.543243 1.531918 8.172431 -0.578483
-12.939750 14.741196 -8.684893 -1.422433 5.203080 -0.954708
4.707503 -0.030262 -2.113715 -0.786091 17.529260 0.352962
11.137100 15.847844 3.442641 1.801489 6.488745 0.556867
-2.779183 1.698810 4.166491 0.003440 19.896561 -0.005157
-9.761705 8.813047 -3.879553 -2.136121 7.799561 -0.848950
-5.115487 11.963515 15.735868 -0.494963 4.933841 1.522567
-2.193643 -3.907498 13.506095 0.260542 5.922686 -1.604140
-15.940170 -7.232681 -10.659597 1.081777 4.215376 0.723412
-5.426760 4.427859 3.911538 -1.388320 12.894163 1.000683
-1.002347 10.297061 -3.248395 -0.596190 14.166502 -1.932126
4.477363 15.086841 -11.858924 0.671910 6.183755 -1.779649
3.599991 -2.089315 -12.590738 -0.370814 6.130172 1.296898
8.416587 8.408578 4.798383 2.102763 8.456410 1.198807
5.072914 -9.287580 13.048356 -0.681337 5.793992 -1.752508
15.531870 -11.430659 -9.583706 -1.279186 4.469668 0.789303
2.722009 -10.910521 7.954479 -0.644818 8.097313 -1.884339
-7.171488 12.542115 14.150010 -0.764026 5.151192 1.507494
9.357711 -10.983728 1.481225 -1.982189 7.567029 -0.313759
-15.035309 1.624158 -10.342485 0.064463 4.213319 0.044342
-13.230049 -12.109769 0.840472 1.800612 5.880349 -0.114388
-6.616274 2.967656 -9.630257 -0.243770 6.820596 -0.354817
-13.789836 15.517764 -9.188722 -1.351379 4.895739 -0.900478
0.767884 7.509863 5.113079 0.413483 14.341735 2.753241
-4.058134 -6.626019 11.805050 0.669914 6.545701 -1.948769
15.839820 -11.460906 -1.173505 -1.669721 5.090509 0.123703
7.145338 -9.521018 12.676059 -0.895618 5.582792 -1.588854
-1.009018 3.094173 -10.454318 -0.054555 7.692395 -0.565241
-4.712781 -5.555651 -6.276527 1.630253 9.981117 2.171186
6.068220 1.431855 1.860421 -0.384060 14.220818 -0.117747
-2.832983 -13.271220 0.400486 0.775536 9.174385 -0.109634
-0.768284 -9.338471 4.364030 0.301053 10.950319 -1.710051
-9.412242 -8.063409 -4.487695 2.056447 7.579561 0.980500
-14.883785 16.849631 9.583729 -1.280823 4.574461 0.824727
7.503776 6.466553 -12.444352 0.638033 5.491034 -1.058122
-10.193995 3.875109 -3.860078 -0.843004 7.397889 -0.319214
-1.192394 -6.453542 -12.329010 0.199246 6.599124 2.060143
9.637270 5.778215 0.068387 1.887545 8.548668 0.013394
8.458404 10.254986 -2.397071 2.472550 8.988518 -0.700709
-15.020182 13.225886 -10.841839 -1.178089 4.404533 -0.850366
4.757936 -13.257175 -9.592474 -0.780212 6.622088 1.572985
-3.727174 -2.068328 9.785764 0.643236 7.819061 -1.688828
-0.781001 14.163962 6.440074 -0.236181 9.357440 1.947529
0.027226 15.572526 -11.301644 0.004627 6.666591 -1.920765
-13.878938 -1.491042 7.163594 0.799980 5.040011 -0.412909
-10.617635 16.139757 11.464693 -1.135372 5.137700 1.225950
-2.570597 9.729358 9.968902 -0.593093 7.902141 2.300043
-7.979588 2.905517 2.220887 -0.599473 10.149643 0.166846
3.495638 10.624886 -12.170502 0.561800 6.455219 -1.955978
7.578565 -12.215778 -5.575465 -1.490697 7.321926 1.096689
-15.499960 -6.637336 -4.256267 1.528519 5.064804 0.419729
-14.814255 0.509863 -0.886567 0.442887 5.261270 0.026505
-15.266276 -7.398402 7.014250 1.406621 4.849534 -0.646287
-5.630781 -1.867230 -10.636602 0.681998 6.710807 1.288302
-7.560400 4.299213 1.485893 -1.538099 10.997456 0.302292
8.718578 -9.213768 -1.185751 -2.220493 8.333592 0.301993
-2.186407 14.669267 10.873078 -0.396817 6.884544 1.973385
14.799656 14.519718 -13.665558 0.995306 4.051041 -0.919035
-12.337099 17.871929 6.644463 -1.461070 5.487893 0.786897
1.597698 7.112483 12.842824 0.198014 6.255447 1.591704
12.204611 12.591505 -9.942750 1.320831 5.190657 -1.076044
2.820447 -0.035470 15.985380 -0.089156 4.791609 -0.505307
12.359583 -2.929836 -7.218468 -1.173540 5.602556 0.685392
-14.609297 14.105017 -12.107236 -1.105971 4.303563 -0.916557
-7.693021 -0.633191 4.800184 1.298645 9.129842 -0.810310
15.498199 0.270293 4.703319 -0.421414 4.796207 -0.127889
12.957634 -8.560341 12.663272 -1.049530 4.499505 -1.025687
-12.294656 -2.732292 -0.211464 1.633055 6.594142 0.028088
11.910376 12.660273 6.969508 1.648273 5.894177 0.964508
-7.880461 4.080305 11.146908 -0.405731 5.775789 0.573906
-5.868093 2.641268 -4.507667 -0.376654 11.664452 -0.289333
-12.410173 5.453665 1.631454 -1.250615 6.409563 0.164407
-12.887596 13.446600 -0.862018 -1.971621 6.218420 -0.131877
-6.209990 2.657505 15.217794 -0.062447 4.706517 0.153028
5.816641 11.475830 -14.267164 0.645143 5.302996 -1.582419
-4.578426 12.276555 12.786827 -0.652714 5.995167 1.822930
0.552002 16.112101 -11.461126 0.089762 6.522200 -1.863712
8.997205 17.254285 14.235778 0.834933 4.769591 1.321069
9.709526 -13.113602 -1.012989 -1.743669 6.989911 0.181916
15.391635 -5.278234 9.164750 -1.084521 4.478138 -0.645764
9.528597 12.882121 -12.676467 1.019233 5.151415 -1.355947
-1.852095 -6.975077 1.665129 1.098244 14.147645 -0.987378
11.509625 -11.636336 3.443870 -1.812635 6.378547 -0.542370
-9.782015 -11.549705 13.531001 0.945788 4.860854 -1.308264
12.926146 -2.000115 -10.788240 -0.685819 4.666773 0.572389
-4.621130 10.080932 11.191869 -0.800780 6.754980 1.939400
13.232304 -6.280277 -10.247893 -1.171647 4.845689 0.907394
7.635697 6.267104 -7.156383 1.361526 7.830080 -1.276059
14.320220 -8.915617 15.276014 -0.850512 3.871986 -0.907279
-10.942125 6.821162 -7.925755 -1.177402 5.958626 -0.852832
8.041105 -11.592987 -9.544161 -1.208823 6.207246 1.434778
9.421235 8.636742 -0.415061 2.483182 8.660697 -0.109399
-0.478573 -7.041815 9.561273 0.121639 8.267411 -2.430184
-7.282279 16.401454 11.164020 -0.973362 5.829649 1.492203
13.462517 13.731008 -2.549594 1.863209 5.888039 -0.352863
-14.484877 -6.042040 11.610499 0.990658 4.332695 -0.794072
15.850005 2.499879 1.236080 0.133072 4.874712 0.010378
-12.307952 -8.215845 -4.715097 1.850768 6.168496 0.709017
9.029506 1.021591 10.117210 -0.227991 5.789784 -0.255456
7.025410 -10.149448 15.256040 -0.676849 4.858709 -1.469812
7.057096 2.902637 1.736983 0.649351 11.915142 0.159827
-3.929120 -8.857441 -4.838388 1.370507 10.096449 1.687666
11.669750 -5.385858 6.581850 -1.612465 6.097413 -0.909446
9.762230 14.516631 -3.350074 1.942439 7.259901 -0.666581
-13.471016 -10.656205 13.554872 1.011296 4.274104 -1.017592
-11.932308 9.325312 -12.585118 -0.913181 4.638088 -0.963141
6.746182 -13.889700 1.385906 -1.418860 7.793007 -0.291484
-5.696686 6.619401 -0.065523 -2.677500 13.980790 -0.030796
-3.300712 8.349952 6.121975 -1.351437 11.311767 2.506570
10.514044 17.535558 6.467712 1.468487 6.029577 0.903340
-5.965980 1.614359 13.697986 0.045901 5.208312 -0.105390
-0.672476 -10.853141 1.087404 0.255743 10.984566 -0.413539
-7.525033 0.984276 12.125087 0.171858 5.479017 -0.276915
-1.748066 13.573475 -10.168302 -0.364757 7.419889 -2.121751
-4.099768 -11.983934 -6.053094 0.984472 8.269959 1.453521
7.153780 9.664737 -7.789630 1.575061 7.710099 -1.715057
-11.551673 -1.938636 -1.314757 1.538755 6.972387 0.175134
0.499682 -10.529584 -1.048431 -0.198462 11.250431 0.416413
12.748555 -7.029527 -3.075286 -1.927933 6.230764 0.465068
14.649374 0.465115 7.634886 -0.335744 4.692644 -0.174982
7.670177 6.527666 4.583746 1.945677 9.257533 1.162749
-10.287716 17.158052 -2.650785 -1.709547 6.669219 -0.440491
-12.955896 -10.513406 3.615773 1.815698 5.936877 -0.506731
-13.989543 13.055290 -6.461444 -1.582265 5.296636 -0.730811
9.261618 -4.418813 -1.321560 -2.459960 8.743255 0.351017
-13.758770 0.841394 -11.048485 0.198915 4.370952 0.159731
-1.802135 -8.508203 -10.067275 0.398088 7.634186 2.223841
-3.772940 12.227819 2.052059 -1.689464 11.798749 0.918880
3.152401 -11.957096 -4.857799 -0.851677 8.915236 1.312421
15.249613 0.003359 0.810046 -0.559236 5.114098 -0.029706
8.654763 -9.152024 -0.203410 -2.249873 8.433589 0.052878
-11.752820 -8.154071 15.002621 0.841196 4.261978 -1.073797
12.219157 -7.333201 13.160569 -0.968761 4.521063 -1.043398
-2.659694 -10.596716 -0.676122 0.996273 10.827657 0.253263
-6.161222 10.208894 3.197810 -2.392613 10.667268 1.241819
-2.288380 10.643460 -5.038578 -1.046546 11.838713 -2.304295
-7.821208 2.304517 -6.872030 -0.121650 7.758437 -0.106887
9.347672 3.991880 -9.063185 0.523053 6.079089 -0.507135
11.150343 12.208185 12.856433 1.022963 4.795781 1.179485
-4.958453 3.277670 7.842180 -0.413517 8.875151 0.654010
6.747473 10.688404 -0.572842 2.611664 10.638973 -0.221723
-11.927526 8.550709 -15.881478 -0.603981 3.986134 -0.804199
-14.409992 13.396442 -8.388564 -1.403471 4.899364 -0.817010
-13.211693 17.902025 -14.473932 -0.941796 4.144258 -1.031774
2.397204 8.657902 14.007427 0.278271 5.713650 1.626001
13.834285 11.617630 -13.515967 0.937123 4.185701 -0.915561
-6.501870 -4.338414 -11.818171 0.828599 6.028890 1.506109
8.074159 6.837429 5.783545 1.727663 8.287664 1.237530
15.016340 13.799743 7.045428 1.480475 4.921882 0.694615
-11.584151 3.631637 -2.327981 -0.688550 6.753063 -0.138373
1.191311 -10.966236 -14.327537 -0.149000 5.581756 1.791980
-14.020117 -4.098175 -5.852086 1.325214 5.300238 0.553153
-15.243936 -7.349615 -1.892941 1.696080 5.318424 0.210614
-12.803518 -13.930257 0.033066 1.684638 5.838922 -0.004351
15.435918 1.114117 -6.499616 -0.198061 4.615601 0.083398
-3.752865 -13.889617 -6.728468 0.747060 7.523700 1.339395
-8.768000 10.344473 2.983420 -2.376722 8.600734 0.808709
-5.611173 -5.506757 0.160987 2.744414 12.431699 -0.078739
-15.890347 12.356667 -9.359949 -1.231508 4.414598 -0.725400
15.470650 14.857676 10.969448 1.181181 4.306940 0.837515
-13.767934 -3.722251 15.481665 0.562857 3.786261 -0.632917
-8.947555 -1.536869 12.943971 0.511390 5.001407 -0.739802
-3.685749 -11.938478 12.925526 0.495336 5.832629 -1.737089
15.792269 12.829496 7.234804 1.406213 4.701093 0.644219
-0.122210 -10.728753 -11.329359 0.021547 6.771695 1.997477
-13.853936 1.956313 14.039841 0.005535 3.883867 -0.005609
-10.892305 2.070043 -12.256596 -0.011772 4.715763 -0.013246
-7.141905 5.494026 6.004422 -1.415727 8.852137 1.190246
9.403582 -10.592955 -4.881707 -1.808634 7.119543 0.938921
5.718370 -13.145942 -11.608644 -0.769868 5.882968 1.562879
13.708529 8.048843 -4.896923 1.427924 5.547409 -0.510079
-5.009195 -13.217627 10.003844 0.789016 6.460576 -1.575740
8.020098 7.355332 -10.553730 0.967603 6.106139 -1.273279
-11.540608 12.066233 -9.189232 -1.409649 5.538757 -1.122436
13.376845 -6.315167 7.264658 -1.465781 5.354864 -0.796032
-0.147605 -6.649405 -8.528188 0.044367 9.122563 2.563399
6.734865 -2.866994 -5.928740 -1.756818 9.204640 1.546536
-5.538014 6.563266 2.869546 -2.387426 13.025759 1.237055
14.342275 1.803759 -15.040984 -0.022151 3.678479 0.023230
14.540892 4.952469 -10.955038 0.475496 4.262611 -0.358237
-12.287623 5.260143 6.633079 -0.895141 5.679910 0.483213
-10.606204 -4.615264 -1.849155 2.199741 7.617126 0.383517
-0.834768 11.682287 -14.161808 -0.109500 5.760081 -1.857659
-9.295195 6.144865 -12.284545 -0.641824 5.141527 -0.848235
-3.198027 1.006541 -6.770069 0.310665 11.476803 0.657662
1.607176 12.928222 -4.531020 0.638295 10.989384 -1.799508
3.963588 5.837016 6.864518 1.131714 10.527122 1.960010
-4.094372 10.295057 8.525863 -1.077288 8.458201 2.243278
-7.320729 -7.767058 10.156316 1.206620 6.489186 -1.673988
8.849581 -9.407806 7.826468 -1.550967 6.707259 -1.371657
-13.383472 -5.856853 8.383667 1.321541 5.141651 -0.827839
-3.855792 -10.407354 -14.356379 0.461301 5.443913 1.717574
-12.617816 5.816585 6.052529 -1.042776 5.690656 0.500200
-11.699013 -5.503765 10.823731 1.107349 5.082055 -1.024501
-12.194354 17.078390 13.251420 -1.016076 4.497815 1.104155
15.794936 10.862921 -4.839734 1.480151 4.926022 -0.453534
-12.317869 14.436504 -2.211840 -1.923937 6.307152 -0.345469
-9.644677 0.412566 15.440879 0.174064 4.235119 -0.278673
-6.110170 6.062247 9.022475 -0.964834 7.488061 1.424706
10.185260 1.132966 9.652273 -0.208195 5.577265 -0.197301
-13.058387 -9.404973 -5.872211 1.685201 5.670935 0.757816
10.830736 -4.341524 10.262329 -1.093907 5.413318 -1.036497
11.776452 -1.301010 15.583058 -0.351171 3.964914 -0.464683
9.386730 -6.745936 4.168606 -2.163561 7.830141 -0.960828
5.413764 11.057089 -6.600406 1.599600 9.026257 -1.950216
-3.476258 2.075211 10.234790 -0.012204 7.433600 0.035931
10.006333 -10.141276 3.818825 -1.942302 7.136433 -0.741262
11.113951 16.143755 4.382367 1.722260 6.341229 0.679108
-4.270027 -0.479874 -2.658703 0.923597 17.453093 0.575071
-9.695507 8.705962 6.236668 -1.766698 7.108978 1.136434
4.683367 -13.080644 12.446893 -0.611345 5.775517 -1.624759
0.363829 -4.836114 -15.670799 -0.034112 5.151665 1.469260
5.474988 -11.752985 -1.334776 -1.525394 9.068268 0.371884
0.817268 17.985873 -10.485577 0.130298 6.557282 -1.671726
5.091235 -10.795904 -11.091890 -0.813024 6.397805 1.771274
-15.404067 4.069103 -3.444321 -0.534057 4.937860 -0.119414
-9.624340 10.288539 -9.485714 -1.352377 6.052627 -1.332898
3.215289 -6.368502 11.995555 -0.533901 6.583901 -1.991871
15.703444 14.460357 -4.854702 1.574156 4.956496 -0.486648
-2.069337 4.063667 -14.802936 -0.082997 5.235329 -0.593717
-2.735948 -5.403572 -14.943414 0.287198 5.344573 1.568639
-10.098684 9.097120 -2.880052 -2.229133 7.790849 -0.635728
10.887186 -13.737009 -4.689192 -1.571990 6.160674 0.677068
-10.830775 -12.691465 -2.370893 1.772729 6.579713 0.388056
-10.767244 -6.572986 7.514981 1.612821 6.228977 -1.125666
-1.083467 11.952803 15.581796 -0.118024 5.232027 1.697352
-10.278625 0.608039 15.233467 0.158810 4.190919 -0.235365
2.724420 -10.455425 -5.827243 -0.806309 9.263223 1.724608
-2.202385 -2.087233 -8.954075 0.496272 8.966006 2.017655
-1.714264 -9.280341 2.211741 0.752846 11.805195 -0.971321
-12.404255 12.901381 14.320443 -0.920301 4.299853 1.062467
14.513310 -6.511426 0.957741 -1.765382 5.616358 -0.116498
-14.615669 4.170275 6.698139 -0.504241 4.844253 0.231086
8.747159 16.976629 4.054494 1.601735 7.063801 0.742438
-12.614660 5.590242 5.214645 -1.056452 5.836738 0.436716
11.845667 15.451092 -13.230240 1.026423 4.588675 -1.146396
7.589107 1.327093 5.260736 -0.341837 8.918313 -0.236960
13.145351 -12.705001 10.831747 -1.209525 4.740840 -0.996647
-6.594519 0.739935 -15.283793 0.121950 4.650446 0.282637
10.317081 13.467602 1.055606 2.149577 7.409092 0.219937
7.864778 -13.152173 -12.523077 -0.889181 5.321284 1.415842
6.256066 -7.227416 8.987702 -1.294645 7.359813 -1.859936
12.978208 10.942121 12.563540 0.997611 4.484795 0.965737
-15.456170 6.678995 -3.951038 -1.073601 4.972248 -0.274443
-1.708928 16.267847 -4.593835 -0.474094 9.111654 -1.274432
-8.779127 8.702915 10.175260 -1.158573 6.063133 1.342820
2.830603 6.202233 0.083132 0.181024 19.872683 0.005316
-7.328658 -3.523700 -3.704444 2.332727 9.981327 1.179132
13.934646 15.714188 8.158225 1.423450 5.006881 0.833378
10.510889 15.216427 -3.153099 1.881166 6.854645 -0.564320
-8.789744 -4.215767 7.620821 1.529106 7.039883 -1.325754
7.197362 15.152119 9.823667 1.136880 6.370246 1.551725
-5.359938 6.659978 1.275916 -2.591870 14.310099 0.616986
0.770724 -5.458831 4.596856 -0.428888 13.596387 -2.558030
-15.513528 5.986593 -10.137545 -0.633595 4.211092 -0.414032
-3.182917 4.540562 -11.525941 -0.276463 6.698151 -1.001124
3.079674 -6.674554 13.698525 -0.404795 5.823577 -1.800548
-0.603644 7.516191 15.187783 -0.053422 5.274297 1.344114
1.878439 -3.761359 14.804539 -0.178912 5.389874 -1.410063
-13.690949 7.492612 15.591678 -0.539387 3.773790 0.614271
10.105645 15.567229 3.602686 1.821105 6.901793 0.649228
-10.190776 12.401439 11.472392 -1.157101 5.324868 1.302621
3.446506 10.953694 8.355255 0.950342 8.667565 2.303883
7.234306 16.487089 -1.084138 1.664323 8.100417 -0.249417
-11.485467 -12.316917 8.447890 1.403510 5.537162 -1.032322
-15.468721 -8.933350 14.231739 0.911212 3.856521 -0.838346
-0.588370 11.116948 -9.149526 -0.158286 8.542399 -2.461452
5.292005 0.070355 -1.515727 -1.023603 16.379563 0.293179
-0.392504 -7.900652 -13.402848 0.057278 6.079481 1.955868
13.152160 15.932950 -14.999987 0.913623 4.093445 -1.041983
10.663704 -13.229188 -13.414775 -0.962720 4.698162 1.211086
2.009554 -6.419460 15.106793 -0.220597 5.350291 -1.658332
-0.821476 0.259502 8.394166 0.111296 9.923131 -1.137271
11.191835 3.119510 0.086162 0.529850 7.160032 0.004079
7.837369 10.921789 2.925920 2.387449 9.191658 0.891305
2.192173 17.371813 -7.199863 0.461063 7.739714 -1.514291
6.331130 14.141302 -15.465222 0.615815 4.882793 -1.504269
14.605495 -3.716271 11.054952 -0.826065 4.320302 -0.625252
13.389180 10.731339 4.288504 1.757705 5.815874 0.562986
0.149422 13.807252 -8.804224 0.036637 8.182567 -2.158718
-10.095743 14.415437 -12.603568 -1.045275 5.041371 -1.304926
-10.037701 0.777016 -12.719965 0.194264 4.784839 0.246175
-5.334327 4.225432 -6.280297 -0.940513 10.184675 -1.107300
5.727360 0.360021 14.603836 -0.161501 4.960722 -0.411801
-4.289686 15.134667 -8.239875 -0.916856 7.619369 -1.761150
-13.192317 -7.293539 -14.485640 0.853803 4.121372 0.937506
13.284664 3.721176 -4.404867 0.534694 5.610816 -0.177291
-13.940799 -0.618423 9.752648 0.491446 4.571797 -0.343804
14.461139 -9.016793 2.279881 -1.798027 5.564853 -0.283469
-5.076031 -7.355102 8.837233 1.169477 7.812815 -2.036028
-0.804018 -10.929679 -11.325820 0.140105 6.734314 1.973594
11.561597 8.307099 7.222377 1.435021 5.960471 0.896438
-10.171658 -12.577359 -4.183668 1.689320 6.630768 0.694828
-9.110842 0.598004 6.921777 0.507740 6.992304 -0.385745
8.381872 -11.695614 7.096745 -1.462233 6.776952 -1.238040
-14.320366 -6.690131 -4.344746 1.650658 5.456254 0.500804
-11.910287 -4.281701 6.988429 1.432509 5.878244 -0.840533
6.213577 2.148453 -11.366919 0.027078 6.077264 -0.049535
-0.387915 10.187105 10.411130 -0.087809 7.782144 2.356674
-3.026579 -9.749146 5.071048 1.003320 9.873237 -1.681068
-3.116781 4.008802 -4.940237 -0.686941 15.236337 -1.088832
15.437269 2.594808 -10.648029 0.096855 4.095618 -0.066807
-14.284074 -12.344793 1.757986 1.720750 5.493520 -0.211778
11.873195 -8.518395 -15.776444 -0.794715 4.112258 1.055974
4.170731 7.983004 -7.206968 1.323314 9.792788 -2.286668
8.862052 6.732666 -6.312278 1.548769 7.522371 -1.103160
-10.068010 -13.643083 -7.444958 1.376832 5.959926 1.018122
11.966126 7.758863 14.966140 0.604933 4.117575 0.756595
13.259269 14.914077 9.252078 1.364814 5.024312 0.952343
-12.671823 -13.803663 5.155735 1.550519 5.590262 -0.630853
8.529443 -0.443432 -11.262490 -0.465845 5.576527 0.615114
-12.119168 -9.028929 15.998768 0.794827 4.050275 -1.049268
3.377842 12.271282 11.439603 0.599862 6.748980 2.031529
-8.541846 12.459166 6.316778 -1.794728 7.416935 1.327219
11.922947 5.264133 3.393275 1.174846 6.469051 0.334361
10.505151 4.383870 15.805785 0.250051 4.067095 0.376220
7.842880 2.981950 -10.842690 0.205897 5.874065 -0.284651
-1.604548 -8.703740 2.777903 0.738375 12.085491 -1.278325
5.366904 2.296644 -1.429138 0.133132 17.124753 -0.035451
-15.285130 6.364274 -12.800622 -0.553197 3.906272 -0.463278
14.548773 -7.912746 7.628932 -1.427373 4.969977 -0.748471
7.555604 8.556810 -13.649376 0.699728 5.168056 -1.264075
15.348044 -8.607216 1.831698 -1.721502 5.285370 -0.205451
-13.500231 0.693320 14.022297 0.166487 3.944735 -0.172925
13.215212 -0.632590 -14.990024 -0.299026 3.856827 0.339186
5.316271 8.852984 0.706144 2.777623 13.147698 0.368943
9.086341 -12.391737 7.787786 -1.388956 6.302275 -1.190456
-2.338532 17.712433 -1.225236 -0.614264 8.989029 -0.321834
11.405411 -8.160593 -5.837389 -1.801893 6.334692 0.922225
-1.454687 -0.011393 14.202532 0.064414 5.499494 -0.628892
-7.411806 3.774422 -1.596398 -1.227801 11.249628 -0.264451
-0.868329 8.820783 -9.047000 -0.244123 8.943730 -2.543478
1.113131 -10.711382 -0.351792 -0.431931 11.108413 0.136507
9.065908 -7.091226 12.744352 -0.964371 5.218499 -1.355660
7.127722 -4.823449 10.143260 -1.126533 6.598995 -1.603137
-0.046616 17.347674 2.385518 -0.012836 9.221723 0.656885
-12.768219 10.331856 -9.074627 -1.315081 5.197193 -0.934654
5.309329 0.230917 -3.879865 -1.028146 13.335519 0.751332
10.227056 4.483717 15.475040 0.269902 4.168455 0.408402
-1.662716 15.556011 -13.540321 -0.221587 5.794190 -1.804489
0.429939 2.112700 -15.207794 0.000920 5.107288 -0.032558
3.121893 -9.076994 10.252480 -0.633798 7.285551 -2.081431
7.633334 16.605052 6.250284 1.404273 7.056299 1.149839
-5.838425 17.397167 -11.863482 -0.757554 5.768019 -1.539325
-15.048309 -4.999321 -9.318131 1.066602 4.527189 0.660455
-15.310674 -1.647128 -1.946692 0.945607 5.111121 0.120230
-0.795843 -0.258787 13.878385 0.042181 5.668843 -0.735586
12.859498 -0.724817 -9.012971 -0.585214 4.984060 0.410165
6.804616 -0.652395 -4.309177 -1.448148 10.434025 0.917072
13.310567 1.024101 7.298838 -0.246873 5.126067 -0.135372
-14.251845 -12.838297 9.568158 1.291785 4.703852 -0.867256
15.442672 16.941365 15.498713 0.897393 3.732702 0.900650
12.751879 3.030484 0.819421 0.396626 6.179093 0.025487
-12.283545 -11.094281 -12.590851 1.084505 4.635503 1.111637
-2.366271 -12.552640 13.100352 0.314991 5.821330 -1.743881
10.257789 0.814782 -9.855272 -0.275046 5.500900 0.264253
12.565325 -12.288173 13.955455 -0.978856 4.339078 -1.087149
-3.760131 -9.424996 -14.543734 0.445650 5.420999 1.723722
2.191034 15.283994 8.681055 0.479264 7.739537 1.898884
2.230439 2.516829 6.836431 0.119745 12.098289 0.367024
6.186125 -11.654742 -7.298100 -1.243972 7.379035 1.467580
13.737397 1.502870 -1.643509 -0.167852 5.659012 0.020081
-9.815161 -9.691457 -11.587253 1.139450 5.359473 1.345174
-12.213098 3.713256 4.527481 -0.591857 6.067529 0.219406
13.950252 7.901225 -8.995649 1.038300 4.810805 -0.669535
-6.164379 -0.031554 -7.997330 0.657036 8.070303 0.852403
-4.307975 9.808047 2.023621 -2.312870 13.211144 1.086444
-12.430869 -1.844706 3.209238 1.281874 6.252395 -0.330937
-5.012552 13.162122 -8.309701 -1.148642 7.821683 -1.904194
2.376700 15.575311 10.063268 0.445144 7.063369 1.884798
12.016086 2.382350 15.393647 0.043213 3.925116 0.055360
4.478084 10.730900 -3.440385 2.005221 11.678450 -1.540554
15.702099 -8.591061 -1.409668 -1.694420 5.183050 0.152118
-0.302819 3.507556 -7.567645 -0.043180 11.284317 -1.079108
-6.532947 -2.368861 11.050197 0.741811 6.277731 -1.254741
-5.018665 -12.302839 -12.019225 0.693990 5.941176 1.662041
-13.108163 -6.051305 -10.440989 1.142584 4.833050 0.910098
-6.123835 11.193309 10.283901 -1.093455 6.792769 1.836265
9.172794 8.885609 -1.650713 2.477602 8.733841 -0.445863
-13.523805 12.114553 -11.598450 -1.122004 4.572678 -0.962267
7.829867 0.758521 14.302201 -0.151141 4.753381 -0.276077
11.823668 4.459516 -0.660202 1.022054 6.766867 -0.057069
15.515565 -8.671099 -1.479846 -1.713408 5.241724 0.163422
-5.760909 2.184137 -6.276817 -0.084302 9.813623 -0.091852
8.236216 10.971076 -12.894337 0.914272 5.336459 -1.431353
15.975372 -12.276222 -6.007711 -1.474225 4.744762 0.554398
-7.814067 -12.194334 14.740609 0.750225 4.846148 -1.415239
-3.443125 10.482856 7.494082 -1.086507 9.393456 2.364820
-12.106739 -3.214035 7.978018 1.157963 5.537146 -0.763067
-4.304092 -5.370838 -6.118994 1.588497 10.401237 2.258317
-10.140178 8.893920 7.612909 -1.534603 6.447703 1.152129
3.120483 9.185476 -3.851549 1.698652 13.442637 -2.096611
-5.564609 6.303973 -9.165135 -0.946539 7.628754 -1.558987
-13.911604 -8.383746 -10.688502 1.201814 4.649764 0.923373
-9.662632 -4.249376 9.071052 1.271939 6.139767 -1.194067
-12.004617 -1.055871 8.628546 0.711972 5.330974 -0.511744
3.357324 1.414894 -11.994542 -0.063773 6.348265 0.227838
-5.980466 4.544482 -12.038937 -0.386150 5.890316 -0.777336
10.692708 2.070868 -2.812460 0.033448 7.245879 -0.008798
3.851950 2.488093 4.266052 0.182691 16.281067 0.202331
9.852106 -10.273266 -9.301685 -1.373219 5.915456 1.296500
8.195082 -1.464977 2.276640 -1.934332 9.790901 -0.537369
-14.543762 -0.678735 -15.010268 0.294725 3.680411 0.304179
-11.731962 -9.792839 8.642178 1.463191 5.566605 -1.077838
0.114805 -5.825679 -11.847974 -0.020617 6.905486 2.127684
-10.045886 5.136136 -1.559864 -1.528802 8.045809 -0.237383
-1.513426 16.748573 7.400889 -0.334427 7.922498 1.635399
9.617779 15.978542 1.415037 1.866602 7.244434 0.274628
4.816475 4.031614 2.186546 0.892926 17.048254 0.405363
2.947700 -11.139525 5.339778 -0.841731 9.135007 -1.524801
-13.556014 7.370592 -9.674245 -0.935876 4.773486 -0.667887
6.433684 -9.067982 -8.576955 -1.305867 7.284399 1.740894
3.301995 -6.219718 -6.009425 -1.297577 10.746255 2.361509
1.891162 0.734863 11.868247 -0.084276 6.616901 -0.528888
-6.131706 7.965205 -14.051070 -0.559301 5.243682 -1.281662
-11.261861 1.252183 -12.893446 0.114847 4.508689 0.131486
11.787488 3.854890 2.160864 0.763233 6.655324 0.139915
-4.018406 14.850197 -9.216909 -0.807833 7.323785 -1.852904
-1.778116 1.217975 -10.624945 0.065029 7.468369 0.388571
-0.193445 11.733566 -3.840312 -0.095078 12.495652 -1.887508
-4.505724 9.932196 -11.800299 -0.717045 6.479061 -1.877909
-3.656544 -2.550550 -1.539742 1.781338 17.479963 0.750107
6.074221 -2.362728 -0.784530 -2.607683 13.316712 0.336801
-13.384454 12.290063 2.198000 -1.912605 6.002285 0.314089
0.807736 8.659600 -5.426550 0.417140 13.104335 -2.802443
-4.369671 -4.159649 0.518049 2.623383 15.046462 -0.311017
7.467977 -6.850963 -2.024041 -2.499212 9.726347 0.677360
-0.850094 -13.636720 13.739663 0.103911 5.580556 -1.679463
-8.752932 -13.309098 1.018540 1.677340 7.293013 -0.195185
9.524649 4.284229 0.271607 1.282851 8.626256 0.036582
2.167360 6.185570 5.428424 0.945380 13.940119 2.367823
6.515258 2.502396 -7.586931 0.183557 8.126876 -0.213750
6.571660 -12.607906 -3.018597 -1.506071 8.093338 0.691792
4.966720 -13.301138 15.924666 -0.467447 4.807272 -1.498762
12.107415 -9.687501 6.915344 -1.629179 5.798772 -0.930532
-0.361358 -5.447741 7.509517 0.132292 10.341024 -2.749213
-12.825571 14.615809 12.289815 -1.111569 4.596168 1.065136
10.321139 0.209340 5.701318 -0.673494 6.773887 -0.372033
-9.182445 15.406583 5.868876 -1.640361 6.857167 1.048422
3.624313 -12.323057 3.163917 -1.005092 9.117025 -0.877415
12.807475 -7.652911 -15.971920 -0.760595 3.940707 0.948521
-5.046169 -6.861136 -15.177435 0.507553 5.095246 1.526574
10.234627 10.592562 -11.949255 1.055814 5.178623 -1.232697
-14.489477 17.072316 4.872723 -1.565721 5.185490 0.526542
15.575844 16.698734 -3.396611 1.594578 5.024852 -0.347728
-9.277829 -10.177370 -15.987729 0.741408 4.418987 1.277608
1.269088 6.511425 -15.250285 0.095356 5.193857 -1.145866
-8.022287 15.844095 -14.368454 -0.792256 4.917590 -1.418983
4.650993 3.644654 -7.326285 0.565793 9.598627 -0.891242
10.770170 -12.616049 1.823370 -1.797406 6.652393 -0.304298
10.708745 0.634820 -3.446500 -0.606758 7.125118 0.195279
0.485256 7.665586 5.670418 0.243806 13.392887 2.848978
7.397423 4.787669 3.717754 1.559928 10.110677 0.783979
-8.025104 9.826808 -7.000090 -1.748681 7.651171 -1.525329
-10.314038 -10.533191 6.615632 1.653873 6.404675 -1.060827
-11.203482 -1.071769 -4.626818 1.109040 6.621601 0.458012
5.302628 -10.631415 -12.776476 -0.709765 5.789539 1.710152
5.217122 -7.680697 5.875388 -1.640023 9.380959 -1.846952
-11.221982 -0.312121 14.201839 0.296234 4.274054 -0.374896
-9.172530 -12.771400 -12.901730 0.947789 5.051867 1.333123
2.068330 -1.833442 -2.638584 -0.162380 19.759931 0.207149
-8.192599 5.399125 6.900591 -1.180295 7.603913 0.994157
-15.151689 -13.343138 -5.320128 1.510763 4.963738 0.530466
-3.194501 -13.403726 6.140482 0.699126 7.942099 -1.343862
-5.320179 17.676950 -12.852824 -0.640780 5.534542 -1.548038
-6.325884 -7.767303 6.384258 1.700489 8.543386 -1.716181
-15.843563 1.577276 -2.491253 0.109819 4.828974 0.017268
-15.414314 4.454886 10.030606 -0.412078 4.205799 0.268153
-3.680767 -9.307843 5.195227 1.216336 9.802146 -1.716801
14.030862 -2.715772 -15.034098 -0.498733 3.789006 0.534394
6.301738 -10.022900 7.170357 -1.403969 7.736774 -1.597489
-13.177783 -8.883623 -3.564570 1.855498 5.945714 0.501909
6.854696 -4.465499 4.201426 -2.315900 10.023059 -1.419477
-6.372387 12.051519 11.751450 -0.935002 6.092629 1.724256
8.889331 1.016220 -4.811973 -0.474372 8.033990 0.256787
8.559710 12.579240 -4.602676 2.013323 7.919915 -1.082592
-6.945153 4.853042 -5.051170 -1.393201 9.703693 -1.013267
8.422100 12.995680 -5.492423 1.863281 7.655230 -1.215127
-4.485616 -10.238081 -13.334087 0.589390 5.726652 1.752041
7.682712 -1.121820 14.005139 -0.377814 4.906437 -0.688732
3.903237 4.623840 -13.963032 0.212490 5.428566 -0.760141
-4.817052 10.193603 -3.584217 -2.139912 11.619496 -1.592241
-5.756097 -0.388420 5.560901 1.135453 10.523372 -1.096949
-3.474144 8.584868 -1.986086 -2.171158 15.214593 -1.241200
12.545974 12.051312 5.517422 1.759614 5.949767 0.773837
13.918493 1.761773 -6.047549 -0.063410 5.121404 0.027552
3.242579 15.256221 13.779096 0.412606 5.639780 1.753338
13.638375 1.183047 -11.444860 -0.135982 4.326596 0.114112
-7.470683 7.488000 -14.252358 -0.571571 4.958369 -1.090428
-13.967259 14.417869 13.191174 -1.034760 4.250782 0.977264
0.679619 2.373883 10.925463 0.011481 7.329425 0.184566
11.730916 -1.558822 -1.675304 -1.383125 6.811254 0.197526
-5.038224 -3.985969 8.432616 1.205234 8.362454 -2.017233
5.802994 15.547707 9.875236 0.972113 6.608983 1.654292
4.273197 11.575733 12.376242 0.650703 6.228170 1.884599
-9.777690 10.369020 -13.888907 -0.840943 4.772704 -1.194534
-11.901467 -3.358487 -14.279020 0.616507 4.240769 0.739666
-9.949607 13.916078 0.551589 -2.126591 7.541899 0.117895
4.707297 16.292010 -7.443688 0.971867 7.550365 -1.536821
-10.195370 -9.076899 2.944419 2.097172 7.340854 -0.605662
-8.081935 -11.910121 -5.825030 1.539626 7.158183 1.109681
-2.563284 6.093980 10.038633 -0.454595 7.910464 1.780339
-9.441379 1.078255 -5.897194 0.374497 7.199521 0.233915
12.679852 -11.432357 1.143012 -1.868082 6.130039 -0.168396
-14.887549 9.066905 -7.768793 -1.206504 4.792624 -0.629592
-14.617172 1.214114 14.300772 0.094527 3.742910 -0.092481
-1.981185 17.050050 -9.728252 -0.352215 6.942057 -1.729491
-12.605355 5.648918 3.445670 -1.193638 6.123608 0.326281
9.404343 -9.358950 -14.206972 -0.877474 4.795296 1.325585
11.806718 -11.934129 1.817257 -1.847586 6.367938 -0.284375
-11.778288 -13.584031 -2.875366 1.673714 6.094175 0.408594
9.220295 12.255147 13.876804 0.885204 4.901607 1.332258
4.569330 6.561970 13.358504 0.424292 5.669851 1.240425
-6.338869 10.694952 15.856652 -0.547438 4.753543 1.369414
5.876846 6.584797 13.227535 0.514748 5.519861 1.158588
9.676932 -1.080363 -9.311456 -0.742181 5.918644 0.714151
9.923545 -12.550710 4.374895 -1.674406 6.692474 -0.738179
7.463745 16.625182 12.700209 0.862182 5.372364 1.467077
13.270383 6.975011 -4.119715 1.363422 5.787221 -0.423267
2.479841 -0.900276 -11.056348 -0.275508 7.125087 1.228351
9.967732 8.966711 -13.369737 0.814704 4.825079 -1.092764
-0.108197 -3.407987 -6.159919 0.050025 12.783756 2.848038
-6.735435 -11.347109 -13.822128 0.750613 5.245025 1.540371
3.785140 -6.624011 -9.045439 -0.938284 8.161900 2.242239
-13.755176 4.756352 -10.215233 -0.498934 4.541398 -0.370532
5.394150 0.270869 -12.281063 -0.244132 5.876412 0.555824
-6.184729 -3.057140 2.335862 2.599946 12.220292 -0.981953
-14.202279 13.402045 7.515872 -1.485626 5.080991 0.786196
-0.766487 14.576037 -5.985046 -0.232158 9.416265 -1.812788
12.250509 17.922100 -5.504271 1.525387 5.652305 -0.685371
-14.175108 -7.233766 9.611691 1.244683 4.750268 -0.843980
5.649758 3.500530 -5.918689 0.705472 10.288779 -0.739053
5.734161 -10.481046 -12.322481 -0.791567 5.886861 1.701045
0.892807 -5.966252 -1.596337 -0.611321 15.775196 1.093041
-2.317889 14.274515 -14.896092 -0.271218 5.379260 -1.743004
-1.467386 -13.292612 -2.938121 0.394872 9.073554 0.790645
-10.569563 4.665295 -14.125529 -0.342758 4.399944 -0.458074
0.589409 -13.555488 5.151064 -0.141482 8.449786 -1.236461
12.123191 -0.412164 6.715572 -0.688332 5.692983 -0.381297
-7.940099 4.246804 14.094260 -0.278341 4.814376 0.494076
-8.254829 14.595830 -0.058279 -2.031460 8.262850 -0.014342
5.626136 10.181459 1.272375 2.582898 11.871257 0.584133
-11.167083 -7.513214 -4.612908 1.959303 6.718074 0.809351
10.706182 -13.929300 -5.766173 -1.490278 6.037439 0.802639
1.135906 2.845622 14.365178 0.021078 5.419266 0.266567
-8.563013 16.318338 -10.491225 -1.123979 5.766629 -1.377075
0.605568 2.266797 -10.299931 0.008435 7.838788 -0.143460
6.696729 4.935186 -12.254066 0.445070 5.666075 -0.814415
11.697996 -13.903993 -7.343096 -1.408824 5.542777 0.884350
13.615387 -10.096162 13.329410 -1.021725 4.285198 -1.000264
6.787689 -2.857429 5.953877 -1.748787 9.146616 -1.533963
2.315921 11.794048 -5.897959 0.874836 10.522918 -2.227946
0.347275 1.818595 15.547064 -0.001126 4.989277 -0.050422
10.658724 -1.659787 -1.595501 -1.601257 7.563079 0.239692
-6.882012 17.197654 -8.297296 -1.125310 6.606849 -1.356730
8.624382 -1.379336 10.441411 -0.700675 5.877688 -0.848297
14.956872 -4.615064 -10.807759 -0.920997 4.316263 0.665508
10.459487 13.885855 10.164357 1.301097 5.558640 1.264385
-14.330732 0.302715 -5.413436 0.445803 5.089568 0.168402
14.408479 -12.172813 7.717643 -1.431785 4.936839 -0.766910
-2.366412 5.595998 -13.285046 -0.204297 5.910469 -1.146926
14.709201 2.692414 -2.475048 0.203709 5.220070 -0.034277
-14.713343 9.664616 9.185399 -1.154089 4.647896 0.720486
-1.692687 -1.280199 -10.380780 0.247248 7.753817 1.516304
8.973876 9.505635 -12.299899 0.943149 5.334860 -1.292712
-11.392985 8.132891 3.797041 -1.843442 6.809208 0.614380
-7.834723 15.406171 7.891340 -1.367909 6.764863 1.377794
-1.706936 -8.802688 11.153528 0.325648 7.026152 -2.127860
0.465097 13.269481 13.124944 0.069518 6.138911 1.961780
-6.824346 -12.478786 10.556209 0.979794 6.078987 -1.515590
0.117827 15.531039 -11.192165 0.020292 6.716642 -1.927459
-9.487418 -4.482702 -15.762219 0.580690 4.325965 0.964747
7.387721 -11.579775 -8.142591 -1.295059 6.790131 1.427387
13.861798 -2.027666 -9.801747 -0.723531 4.626279 0.511612
-13.044080 10.552149 -8.898379 -1.332824 5.158327 -0.909223
4.990050 4.045147 -11.299512 0.327777 6.442961 -0.742221
10.540721 5.482397 4.017998 1.372986 7.186210 0.523366
15.134229 9.189807 -10.123351 1.016875 4.397616 -0.680192
-2.637743 13.623651 -4.262330 -0.956829 10.449494 -1.546139
-5.797962 12.949795 -15.333994 -0.581482 4.984120 -1.537858
3.504845 14.508127 8.644453 0.776633 7.742848 1.915511
-11.044554 13.318229 -13.291791 -1.001154 4.727397 -1.204859
5.146913 8.460186 -4.319210 2.193321 11.571134 -1.840602
-5.521893 -12.607066 -5.058827 1.240818 7.992659 1.136763
-5.219312 -11.893858 12.047934 0.725286 5.943538 -1.674205
15.495640 13.243522 3.926202 1.635948 5.108362 0.414508
-11.624520 -12.613791 3.887403 1.709931 6.171839 -0.571825
7.832989 -13.162557 15.158420 -0.713024 4.718468 -1.379847
-11.067867 6.187577 -15.270020 -0.449833 4.139159 -0.620621
-11.944812 -4.199758 10.529691 1.017866 5.042690 -0.897278
-0.673712 16.729285 -6.797184 -0.157401 8.206633 -1.588041
2.783401 15.126303 8.492332 0.616459 7.786247 1.880856
-0.590802 1.080536 12.859721 0.016107 6.127018 -0.350605
-6.964945 5.739481 -6.837689 -1.319214 8.431162 -1.295111
4.113103 7.394082 -4.917719 1.821619 12.403188 -2.177969
-15.810138 -1.084600 -4.254631 0.719666 4.777181 0.193668
-4.956194 -13.069842 -15.319001 0.495444 4.965620 1.531359
4.435304 17.450403 -1.245434 1.108417 8.662169 -0.311244
5.314882 -4.708905 6.479347 -1.692781 9.628513 -2.063661
12.333268 -6.163861 -1.750904 -2.028114 6.567332 0.287923
14.672955 -6.699533 -10.431196 -1.122761 4.494865 0.798185
14.809035 12.453265 4.433637 1.658352 5.285822 0.496489
-5.507768 -0.910791 -10.407242 0.559319 6.829239 1.056865
8.798982 9.002566 14.942209 0.656063 4.628161 1.114109
14.524218 0.351261 6.433915 -0.397673 4.894638 -0.176160
-7.662803 -8.634428 13.732716 0.831322 5.195726 -1.489834
15.058476 3.943606 -13.065475 0.256095 3.855009 -0.222201
9.827846 12.294395 -11.562832 1.139083 5.384520 -1.340174
-10.122313 2.066522 -13.473694 -0.009623 4.581030 -0.012809
-15.650066 8.499684 10.864511 -0.877598 4.166925 0.609242
9.254009 1.072732 -9.991115 -0.219098 5.762264 0.236550
11.301479 14.916576 -8.197699 1.481177 5.726885 -1.074394
-6.795089 -12.663119 -14.014471 0.721728 5.127375 1.488522
2.474309 8.261852 12.326743 0.366219 6.492075 1.824462
-14.084209 -7.831645 3.356717 1.779241 5.644021 -0.424050
-14.615018 7.611326 3.326081 -1.353903 5.358417 0.308121
8.752660 12.786056 1.726096 2.252359 8.361652 0.444184
-7.856824 14.841843 -4.619204 -1.742452 7.770757 -1.024427
13.692694 -4.243113 -11.072852 -0.912643 4.526176 0.738026
-2.664711 -10.992087 -11.391359 0.446147 6.582058 1.907232
14.165702 1.186142 1.671400 -0.260177 5.478725 -0.030698
-13.805999 -6.391452 -2.235897 1.814390 5.845216 0.293843
-13.921352 -3.262686 15.574213 0.520049 3.740692 -0.581793
-0.736416 1.157686 6.289781 0.069132 14.215952 -0.590458
-10.654725 -9.929288 1.424124 2.079002 7.149212 -0.277882
2.891712 -1.964315 2.328738 -0.818635 18.831294 -0.659259
8.970102 -11.603253 15.533311 -0.762576 4.542776 -1.320534
-3.106044 -6.704701 -5.671424 1.252237 10.916079 2.286498
-13.578203 -9.465075 15.601696 0.843401 3.930920 -0.969089
5.592696 15.583699 -1.051384 1.578066 9.121005 -0.296664
1.733734 -5.442986 6.193425 -0.754087 11.518393 -2.693827
-8.905502 -2.338958 -0.435596 2.216670 9.284697 0.108424
0.732700 13.617309 1.530601 0.322933 11.894545 0.674602
-3.293023 -3.091992 -3.695924 1.770752 15.044249 1.987403
-6.469614 -7.200053 -9.273703 1.271564 7.154957 1.822691
4.037460 14.946838 -10.128353 0.737874 6.925935 -1.851027
15.522209 15.026819 4.918031 1.576401 4.988608 0.499464
-3.717107 1.770393 11.520732 0.029913 6.548365 -0.092712
15.233371 -6.256784 1.824611 -1.636730 5.309978 -0.196043
7.411927 5.850817 -4.427283 1.825028 9.621665 -1.090123
-7.393600 6.560956 7.677472 -1.321132 7.685149 1.371856
-0.202691 -7.374802 -9.022669 0.055126 8.596802 2.453906
-13.936780 -6.500161 6.256049 1.526882 5.338331 -0.685399
-6.257348 -9.190082 8.285046 1.318019 7.446003 -1.745123
-11.487720 15.320493 -3.765698 -1.819344 6.386326 -0.596385
-5.115373 1.912904 -7.536976 0.030887 9.060633 0.045509
-10.334159 9.528998 3.555199 -2.142267 7.479571 0.736991
-0.936225 -6.274229 10.717152 0.200862 7.551323 -2.299310
-6.380002 7.945068 -1.608967 -2.782504 11.946699 -0.701717
3.635056 -6.805736 -6.003312 -1.349932 10.368462 2.229419
-13.421579 -7.760143 -8.301954 1.426063 5.176691 0.882095
8.027094 -8.389178 14.902472 -0.747777 4.823875 -1.388264
13.150607 6.666819 6.648424 1.115964 5.417434 0.564187
-13.562877 -4.935699 3.376064 1.666566 5.823543 -0.414841
-6.246822 4.019940 -13.055235 -0.267768 5.419260 -0.559608
12.927314 -12.188207 10.801615 -1.221172 4.804019 -1.020369
12.414200 -13.375944 -6.133671 -1.521573 5.579743 0.751787
-2.005607 -8.380066 -4.695505 0.820219 11.132284 1.920288
3.808783 7.721971 -14.783036 0.341739 5.258033 -1.326391
4.407694 -6.824229 7.057221 -1.357178 9.251208 -2.172996
0.247918 3.309752 -10.675538 0.015333 7.554194 -0.660255
-9.030555 3.494271 -9.930055 -0.354552 5.865828 -0.389868
-2.241201 11.607564 -6.327483 -0.820531 10.304810 -2.316568
14.630682 1.039933 7.025696 -0.221941 4.772959 -0.106577
2.657830 16.868411 11.517280 0.402531 6.291603 1.744303
-0.982212 8.612371 2.515185 -0.681720 16.805350 1.745704
-5.077242 -10.837589 -1.071939 1.601245 9.700550 0.338065
-0.706346 3.899330 9.898892 -0.073654 8.226590 1.032205
8.441596 -4.668055 -11.246226 -1.004400 5.778373 1.338101
-2.462045 -9.447796 -2.760274 1.004326 11.262929 1.125981
-1.366026 16.255241 7.791027 -0.305361 7.931325 1.741605
-13.399746 -2.517229 15.184804 0.478668 3.845893 -0.542434
10.785245 -5.002632 15.100357 -0.679860 4.302950 -0.951867
1.042019 -5.146773 7.218065 -0.398835 10.667598 -2.762732
15.668803 3.951183 3.218019 0.495209 4.865248 0.101705
10.434733 11.799091 -6.722549 1.745112 6.539309 -1.124284
5.158402 -0.808383 6.657683 -1.060182 9.918072 -1.368322
-7.475953 1.206955 -14.668981 0.090152 4.699191 0.176892
4.237403 7.863823 -13.233715 0.483492 5.824010 -1.509979
14.319549 -0.251347 6.613803 -0.538910 4.946461 -0.248908
-2.813965 9.194989 13.994818 -0.335356 5.702173 1.667842
-7.308822 -0.918924 -9.133958 0.755909 6.879002 0.944673
13.668356 4.626047 -14.264788 0.318659 3.903348 -0.332564
-5.370578 16.059938 5.561537 -1.237798 8.066026 1.281810
-1.328908 -4.976616 2.157443 0.928798 16.508843 -1.507877
11.349480 6.096910 -9.013337 0.908267 5.490534 -0.721312
-11.045352 -0.457745 5.286579 0.877567 6.521109 -0.420025
3.437143 15.455491 -15.505452 0.362402 5.091095 -1.634847
7.311074 16.548165 -0.676205 1.669827 8.069551 -0.154443
-7.118829 13.034170 -12.719902 -0.892039 5.587372 -1.593893
15.504533 -7.699148 5.063133 -1.535930 5.004594 -0.501570
-8.715263 4.720517 11.495669 -0.496878 5.461590 0.655395
-2.212988 9.664551 -6.605357 -0.878125 10.845137 -2.621040
11.823699 -6.482550 -13.862662 -0.869240 4.432325 1.019137
2.145683 -1.011189 15.023021 -0.117185 5.180898 -0.820475
-7.720122 10.294114 -3.793854 -2.321856 9.137314 -1.141016
-12.032612 5.179297 -3.719236 -1.115162 6.353769 -0.344692
-13.774019 -6.586699 10.074810 1.185136 4.754367 -0.866851
-6.713519 -0.102503 -5.598668 1.006109 9.516756 0.839034
15.080022 -10.493193 7.741035 -1.427987 4.811675 -0.733029
11.958107 -1.356857 1.727972 -1.284024 6.658277 -0.185544
12.673759 -0.260821 -0.855291 -0.850291 6.255634 0.057382
4.898461 13.333664 0.853118 1.837918 10.642044 0.320093
-7.783532 11.432061 3.319368 -2.284882 8.994823 0.974411
13.679475 7.086204 -7.114832 1.103543 5.175604 -0.573964
-7.168665 3.914882 13.391698 -0.256295 5.141405 0.478781
-13.228674 2.971218 13.592254 -0.130917 4.049912 0.134515
9.419171 -2.536514 2.590325 -2.012076 8.432515 -0.553332
12.972185 0.596494 -2.219617 -0.504904 5.990848 0.086392
-10.983772 -0.645695 6.760517 0.817219 6.167116 -0.502999
-15.909314 16.672510 -1.023554 -1.629614 5.025943 -0.104844
15.289189 6.213995 -0.845387 1.086699 5.177921 -0.060087
13.594967 -10.197340 15.262273 -0.881585 3.988298 -0.989703
-4.469599 1.034583 -13.763668 0.093473 5.396267 0.287841
-10.674332 1.837236 6.777840 0.054366 6.240910 -0.034521
-2.638444 17.598149 4.009695 -0.643454 8.543405 0.977870
13.763663 -12.489089 -1.919759 -1.733710 5.638074 0.241818
-9.480960 11.986369 -6.555039 -1.786749 6.975996 -1.235340
-8.711478 -12.869470 0.598877 1.735429 7.433449 -0.119303
-1.412031 11.657190 3.934472 -0.679518 12.310919 1.893404
-7.822810 -2.703583 15.931031 0.412779 4.433960 -0.840617
-12.202936 -13.613602 1.065078 1.712308 6.050117 -0.149451
11.987706 8.398411 14.973062 0.653342 4.133574 0.816046
3.400896 -9.107687 -15.758553 -0.352949 5.066990 1.635443
-10.361969 -0.904852 -2.005666 1.361927 7.709608 0.263615
12.256146 -4.877694 13.414361 -0.804987 4.397293 -0.881059
-15.319467 6.661751 -0.201284 -1.177021 5.193657 -0.015465
2.768042 10.585306 -9.665173 0.660994 7.993549 -2.307992
8.909787 -6.874454 -14.248198 -0.804233 4.838649 1.286099
-4.195356 10.289202 -4.881235 -1.744302 11.133596 -2.029470
0.616784 -11.262672 8.963333 -0.134702 7.730361 -1.957542
-12.945980 2.695974 0.585051 -0.263268 6.079159 0.011898
15.983735 -1.710265 -3.673387 -0.852823 4.789765 0.195996
-11.899588 10.147480 -0.855765 -2.122657 6.852043 -0.152652
13.300642 0.870593 -8.335512 -0.259883 4.948164 0.162869
-10.003503 5.358025 10.974269 -0.636962 5.317254 0.698774
9.554567 7.502434 15.572711 0.528621 4.325058 0.861584
14.601438 -0.657526 -11.991434 -0.390194 4.091742 0.320447
-11.011269 -4.891771 -13.421445 0.810819 4.618739 0.988293
-0.193284 7.027759 -3.646374 -0.107089 17.460438 -2.020283
10.446104 15.409008 -13.174418 0.999142 4.832850 -1.260099
3.044755 9.421859 4.299064 1.569546 12.895335 2.216132
12.672047 -9.913628 7.373587 -1.561776 5.531066 -0.908763
-14.383683 4.979481 -0.362383 -0.895879 5.486890 -0.022571
-0.647191 5.094962 6.432976 -0.209428 13.161611 2.081681
-15.393145 7.812932 -13.230696 -0.673012 3.872740 -0.578467
-5.698968 17.050036 10.034392 -0.877505 6.363630 1.545058
-1.346951 -8.678137 -10.279432 0.290287 7.530181 2.215360
12.682652 -0.864552 -13.458425 -0.386114 4.190446 0.409732
1.044848 9.303488 -0.896129 0.763159 16.948357 -0.654534
-2.681321 -2.025559 -2.807366 0.928727 18.378443 0.972385
10.740166 1.602402 2.110506 -0.192953 7.330387 -0.037916
-1.787802 -8.088006 -13.394759 0.257257 6.029372 1.927447
-12.287216 -4.960746 8.644427 1.284259 5.394867 -0.903515
2.370295 -2.598385 -11.031759 -0.375803 7.229901 1.749049
-12.774682 -9.008565 -8.899728 1.416749 5.244337 0.987005
3.541385 8.908816 -6.264485 1.384047 10.847846 -2.448290
0.371582 12.590078 7.662226 0.112690 9.226610 2.323733
-4.313417 10.789813 2.819739 -2.040843 12.110467 1.334127
-1.991252 6.835611 0.284064 -0.445172 19.752313 0.063506
-12.877288 0.454235 -1.392445 0.573795 6.100123 0.062046
-15.694043 16.842386 -13.484146 -1.017274 3.945243 -0.874031
-14.428317 -4.694877 2.165941 1.581451 5.557011 -0.237403
-11.322812 4.144611 -14.834359 -0.255294 4.135263 -0.334468
9.113765 10.702678 14.573577 0.775786 4.721017 1.240538
-10.357312 12.687111 -4.313956 -1.999091 7.070977 -0.832648
-9.054925 4.206659 -1.198311 -1.294791 9.050396 -0.171350
-2.156749 -7.513956 -0.465502 1.219015 13.727645 0.263106
4.561222 7.901369 13.878668 0.464160 5.520449 1.412324
13.183892 0.027797 5.007768 -0.592066 5.571799 -0.224890
-6.246102 13.080476 -3.443879 -1.941794 9.409281 -1.070636
12.854159 -1.765572 15.928289 -0.379493 3.784282 -0.470251
-0.761622 -4.105958 -0.272986 0.509017 18.932198 0.182445
12.233275 11.832439 -7.029745 1.623782 5.789142 -0.933092
6.959805 -13.637105 10.797150 -0.924743 5.859181 -1.434607
0.915632 -7.539980 10.924989 -0.188174 7.324919 -2.245229
4.193325 15.403154 -11.678577 0.639919 6.254112 -1.782200
-5.893108 13.221648 -10.558502 -1.003305 6.596119 -1.797592
-0.264691 1.961979 -10.558963 0.000497 7.631159 0.019826
-14.075693 16.042985 7.280441 -1.474577 5.079080 0.762703
14.587410 13.352690 8.874014 1.355134 4.784917 0.824374
13.878038 -5.549992 -0.621171 -1.789357 5.875108 0.080090
-14.467462 12.704688 -6.294690 -1.560593 5.178538 -0.679003
0.468795 7.668175 -14.711196 0.045688 5.466855 -1.433725
1.259594 17.052756 0.093398 0.367361 9.536495 0.027239
5.880139 -3.328151 -14.933344 -0.443419 4.966110 1.126119
-10.348841 5.653656 10.803261 -0.694617 5.286512 0.725117
13.457691 1.043882 -13.564662 -0.128397 4.018560 0.129418
-5.443266 -7.534113 -15.900249 0.503422 4.849956 1.470540
-3.799090 6.716788 -6.183595 -1.380953 11.343354 -2.247710
-13.876645 2.260649 -5.190128 -0.073885 5.254976 -0.027634
11.113608 16.176251 -14.037859 0.944524 4.541395 -1.193051
3.701843 7.248136 -15.688231 0.273087 4.939738 -1.157329
-9.205883 9.219676 -10.321553 -1.177822 5.895517 -1.320563
-9.981056 -10.452437 5.415808 1.776080 6.796736 -0.963716
4.604952 7.300760 -12.251523 0.568654 6.187768 -1.512909
5.083101 -9.715933 6.638458 -1.317123 8.456127 -1.720143
-8.464271 3.073437 1.250714 -0.705426 9.761571 0.104236
-8.729803 15.805266 -3.089185 -1.789647 7.477904 -0.633296
-15.371736 12.738095 9.624660 -1.247793 4.496829 0.781277
-11.152891 -10.051425 -12.939584 1.040159 4.779866 1.206792
-4.377241 9.193860 2.295352 -2.386265 13.454614 1.251317
1.894910 4.062629 -8.337498 0.291599 9.763169 -1.283017
0.967393 12.302626 6.881434 0.326440 9.837378 2.322089
-3.057033 -9.659030 -15.824366 0.318162 5.063197 1.646929
6.250279 10.878859 -12.000703 0.888188 6.043415 -1.705345
-11.620050 -8.509367 4.954385 1.873102 6.399125 -0.798625
13.483556 -9.374147 -12.858583 -1.047750 4.379662 0.999186
-1.560862 14.492027 -0.063102 -0.617304 11.211129 -0.024956
-12.208771 10.876375 2.666962 -2.016642 6.532647 0.440528
14.335371 3.731233 -1.026149 0.540396 5.452304 -0.038682
-6.634045 -13.549086 -10.008888 0.954210 6.136518 1.439631
-13.797981 8.660939 -9.788068 -1.060194 4.740924 -0.752085
0.655113 -3.715456 8.104699 -0.213642 10.046593 -2.643055
6.689531 -9.588047 -8.432229 -1.322738 7.191454 1.667326
-3.584106 12.599588 -11.985493 -0.586247 6.449654 -1.960450
6.268572 -0.463981 -10.684913 -0.484806 6.438666 0.826362
7.715422 5.898820 9.286185 0.933177 6.689143 1.123160
-7.009328 10.442739 -4.222458 -2.236855 9.457711 -1.347494
6.101908 -8.693825 14.926194 -0.630482 5.067399 -1.542254
12.147591 -8.141792 -3.529203 -1.961739 6.410256 0.569938
-15.146151 8.460565 -1.163292 -1.481827 5.314398 -0.113811
14.572806 2.391773 -12.401947 0.056903 4.009225 -0.048426
6.825484 -7.675754 8.414575 -1.424463 7.386268 -1.756103
14.397643 3.441838 -7.930178 0.314750 4.716028 -0.173364
6.966148 -6.200102 11.484801 -0.988217 6.089298 -1.629233
-11.741084 6.574055 -13.545402 -0.589669 4.382468 -0.680287
-11.830445 5.882251 -11.002217 -0.682921 4.874168 -0.635111
15.632558 15.262241 1.349360 1.686912 5.153781 0.145610
8.758994 15.547448 -1.853501 1.881377 7.674524 -0.398120
-8.753331 -8.519490 8.254119 1.526278 6.680253 -1.439233
-10.403275 -3.356069 1.748744 2.072812 7.783835 -0.348430
-4.499883 1.062505 -9.763141 0.197734 7.488780 0.429012
-12.076262 -8.928905 -5.726806 1.762146 6.060273 0.835645
-1.632463 4.232441 9.718139 -0.200087 8.302321 1.191131
2.027981 16.118409 5.084285 0.551048 8.969282 1.381515
14.587957 14.498745 9.617001 1.304543 4.671904 0.860010
-1.219131 -8.481562 11.951956 0.213214 6.691417 -2.090283
1.625534 7.360809 12.175349 0.233705 6.626439 1.750462
9.019266 14.442254 1.362610 2.051325 7.861440 0.309909
2.147091 6.432317 -3.344065 0.996527 17.618454 -1.552077
11.979067 -6.996447 6.775224 -1.650262 5.941484 -0.933369
10.183288 12.399935 -10.671261 1.247398 5.535812 -1.307172
-3.247356 5.025953 4.670092 -1.096021 14.998778 1.576211
-10.934627 -5.336884 9.713959 1.245078 5.561501 -1.106086
-15.588492 13.696864 -12.111906 -1.078179 4.129299 -0.837720
10.795221 -7.350962 1.733084 -2.235370 7.359294 -0.358870
8.536031 -1.907968 -3.344766 -1.891317 9.022778 0.741095
12.626551 -10.887980 12.566061 -1.088836 4.581259 -1.083620
-8.732437 17.376207 -11.861219 -0.985668 5.322685 -1.338827
-15.540911 -5.664057 10.236084 1.028226 4.310365 -0.677245
9.774718 9.637582 12.821986 0.908612 5.023956 1.191871
-7.085452 -5.362284 8.505273 1.429496 7.392716 -1.715946
-0.437036 -4.735175 -6.253202 0.199727 12.031797 2.857733
-8.321201 -3.772005 6.328684 1.744378 7.857347 -1.326686
2.779741 10.716154 5.165228 1.212078 11.478271 2.252246
-10.713941 -11.537008 -11.861748 1.116201 5.058938 1.235782
8.280301 -5.534099 -2.109764 -2.555111 9.331180 0.651025
15.486527 -7.174450 10.348688 -1.121465 4.346409 -0.749405
2.759466 -6.267064 6.268053 -1.082914 10.735732 -2.459811
-9.504017 11.637427 -5.237417 -1.980422 7.380330 -1.091359
8.014865 11.139082 -14.241102 0.777263 4.987163 -1.381068
-7.845145 -10.133919 11.234113 1.077564 5.866374 -1.543054
-11.748884 4.867569 1.018853 -1.173550 6.815693 0.101769
-13.075347 -7.605684 7.743717 1.495801 5.378269 -0.885870
-4.024820 -5.843088 -13.691273 0.496611 5.718269 1.689325
2.217486 8.762490 4.967822 1.149341 13.102421 2.574861
13.853122 -1.486466 5.862004 -0.880752 5.248594 -0.372694
6.570368 12.500631 2.532752 2.159949 9.693337 0.832619
14.355793 15.198699 -15.290454 0.895816 3.891208 -0.954139
-6.085920 -3.443950 -2.041294 2.696738 12.371265 0.904520
13.588307 12.441453 -6.390251 1.609368 5.439564 -0.756847
8.065395 -4.074202 7.686757 -1.518917 7.360002 -1.447610
-1.860347 -0.005743 15.192208 0.068099 5.101934 -0.556123
11.290070 11.071807 -8.722934 1.450410 5.730738 -1.120616
14.496631 10.843300 -15.511165 0.752992 3.771735 -0.805690
-14.743537 9.243604 6.208326 -1.359131 5.054013 0.572314
-1.713299 -0.032260 9.171809 0.217676 8.830003 -1.165287
-3.290334 -5.043747 12.375744 0.491637 6.384369 -1.849165
-2.078073 -0.972107 -6.771615 0.588977 11.984882 1.919242
-15.998254 5.055324 -12.038015 -0.414380 3.857484 -0.311804
2.143736 16.071508 7.415263 0.494133 8.067693 1.709225
-12.102449 -2.088551 7.854453 0.978141 5.517137 -0.634811
-0.901385 -13.552012 -4.428905 0.223912 8.641311 1.100178
-2.380453 4.346637 15.847570 -0.089212 4.865753 0.593921
11.062120 -0.325690 -9.604086 -0.524060 5.357983 0.454987
12.234357 14.338123 4.155984 1.829842 6.152969 0.621593
-1.327105 15.575292 -1.020768 -0.457446 10.406762 -0.351854
-3.398340 3.019935 -3.805171 -0.141047 18.895876 -0.157932
4.641102 -1.816055 -8.222104 -0.954552 8.741473 1.691070
-10.801108 12.480901 -12.659509 -1.044043 4.908824 -1.223678
-7.873571 3.072498 -10.864527 -0.223859 5.858686 -0.308897
-4.775421 5.433024 -13.462565 -0.342858 5.548691 -0.966564
4.912927 -12.749451 4.927416 -1.135209 8.151055 -1.138557
-9.531792 4.417442 6.692821 -0.845385 6.890879 0.593594
1.267148 10.945867 11.715446 0.232548 6.904103 2.150029
-12.793691 15.628142 14.916737 -0.914295 4.155769 1.066017
7.610800 16.742482 -3.219437 1.590660 7.648372 -0.672864
7.247723 8.732650 -5.725944 1.981837 8.821230 -1.565718
1.936271 -9.351522 6.098220 -0.635367 9.763084 -2.001067
-8.529756 8.255582 10.439715 -1.081119 6.029724 1.323200
6.599246 -10.013509 2.380856 -1.923060 9.123970 -0.693796
-10.166188 -0.721665 11.329355 0.502561 5.153778 -0.560062
-3.664617 -7.304906 5.113913 1.447086 10.792590 -2.019385
15.305465 14.018643 0.732185 1.744912 5.306088 0.083473
6.950190 -2.355246 7.708611 -1.277813 7.902142 -1.417251
4.299850 6.304935 -7.996142 1.029664 9.111270 -1.914797
-8.649069 -4.228690 2.384375 2.451269 9.111942 -0.675766
1.773270 -2.440877 12.639218 -0.206566 6.320566 -1.472327
-11.205823 1.051074 -6.561508 0.308034 6.069547 0.180367
12.497705 -3.801705 14.510343 -0.636359 4.121534 -0.738839
-14.038601 11.506696 4.078011 -1.732424 5.591940 0.503244
-4.612888 -11.009731 -1.467533 1.464453 9.766892 0.465898
-12.139190 16.711575 -6.233038 -1.554870 5.699397 -0.798370
-4.486591 -11.180674 -7.080836 1.044456 8.033782 1.648383
-8.819284 -13.885961 1.346973 1.606495 7.113499 -0.245361
6.980007 -0.046106 -7.467908 -0.727962 7.959433 0.778847
-12.380741 16.982740 3.537309 -1.688837 5.921255 0.482519
3.779637 -1.598693 -9.858790 -0.587289 7.732951 1.531883
7.837646 -13.323034 -0.162365 -1.617390 7.642102 0.033506
12.382954 -8.302587 -10.354943 -1.269667 5.061901 1.061728
5.736025 -8.827106 -13.207585 -0.735216 5.657668 1.692884
-6.206905 4.955565 -3.438701 -1.747604 11.965368 -0.968194
-6.187792 9.868359 10.151585 -1.105150 6.881658 1.813090
15.239893 15.575189 -3.190053 1.657143 5.177742 -0.346877
-8.135293 -11.526688 -11.230805 1.059605 5.719302 1.462789
-2.479668 -5.837594 4.148752 1.316471 13.106566 -2.202598
-14.172870 -10.331294 14.691521 0.923845 3.994674 -0.957653
-10.696498 -10.930374 5.472499 1.734920 6.459945 -0.887613
-5.910526 7.269015 3.064278 -2.492743 12.076880 1.292349
-13.998388 -4.352341 -8.905257 1.095230 4.830155 0.696745
5.344795 10.110284 6.906630 1.582399 9.063203 2.044802
14.796565 5.674541 4.118573 0.931535 5.139105 0.259290
-11.116313 7.983470 12.321029 -0.835759 4.815328 0.926333
0.249829 6.761339 6.018517 0.113510 13.311871 2.734515
13.737976 -0.986844 -11.012415 -0.497976 4.417680 0.399180
2.575876 -11.584865 -9.461668 -0.508337 7.290260 1.867214
-8.613713 3.800863 13.673967 -0.244999 4.808876 0.388928
-5.486639 -1.845393 -12.277365 0.504421 5.944247 1.128735
5.191715 12.889290 12.200596 0.768167 6.106147 1.805202
-2.222627 -5.031215 -13.417703 0.291748 5.995665 1.761245
-4.513513 -9.805842 -3.722819 1.495503 9.877094 1.233515
13.862207 -4.669867 10.652728 -0.982872 4.576495 -0.755311
9.715848 -9.739369 -11.711804 -1.123431 5.347800 1.354221
13.634173 3.749109 -1.552412 0.587392 5.733162 -0.066881
-10.828239 13.323096 8.450036 -1.501682 5.894424 1.171868
-10.603693 14.995554 5.592749 -1.720389 6.463488 0.907392
9.602958 16.124738 -9.204512 1.300305 5.863682 -1.246353
-2.759564 2.082689 -8.371968 -0.016945 9.420636 -0.051408
-6.084171 13.456990 -15.186763 -0.615037 4.991692 -1.535200
-5.998580 6.961659 14.025632 -0.488248 5.230732 1.141602
-8.787293 -6.290432 -13.050727 0.894635 5.172453 1.328695
2.830858 -6.412653 2.750994 -1.581418 13.549297 -1.536803
-11.531675 -12.053676 -7.458046 1.498335 5.725270 0.969040
-10.566621 6.726132 -5.580033 -1.497895 6.801014 -0.791010
5.370106 0.003424 -8.569362 -0.561423 8.055123 0.895893
-2.260849 0.516990 9.203486 0.207493 8.662859 -0.844663
-11.140981 4.054615 -15.627553 -0.222715 4.013613 -0.312404
8.839987 -4.494562 11.647357 -0.948656 5.537191 -1.249926
6.347800 9.772646 -15.260149 0.561849 4.896943 -1.350689
13.879962 7.599654 -13.318828 0.679698 4.095382 -0.652219
8.952377 -10.205351 2.302147 -2.039825 7.853721 -0.524551
-10.988191 13.255798 7.132533 -1.649519 6.153400 1.070717
7.837352 -4.724357 -5.303465 -2.057742 8.625535 1.392456
2.977095 -8.623919 -2.300968 -1.330826 11.840199 1.028583
11.389054 -13.336127 15.434183 -0.847758 4.237688 -1.148862
-11.961367 16.932845 5.803370 -1.571323 5.791081 0.762369
9.402000 -0.163368 13.017927 -0.324452 4.850285 -0.449233
14.709203 -1.536647 -4.723951 -0.882518 5.101409 0.283426
-15.711596 -11.315565 1.807823 1.671759 5.115234 -0.192358
-6.745896 -11.190086 6.835702 1.392123 7.462588 -1.410656
4.121142 -8.568461 -7.753075 -1.092551 8.501275 2.055409
-4.317653 -0.276247 14.099283 0.197000 5.318762 -0.643304
4.841332 6.833456 2.947660 2.332959 13.909500 1.420430
5.890831 5.504372 15.849058 0.275493 4.628631 0.741204
-13.618652 -9.430942 -2.550539 1.858551 5.843281 0.348074
2.282199 -12.116671 5.924928 -0.583547 8.623422 -1.514975
8.838340 2.053927 -2.496740 0.032466 8.972968 -0.009171
15.434206 16.678173 -13.502353 1.017745 3.980857 -0.890357
-6.671766 7.088853 13.902583 -0.538295 5.175180 1.121696
0.435438 2.069818 -9.601079 0.001873 8.507653 -0.041301
2.496096 -6.693630 8.646193 -0.698108 8.744399 -2.418166
-0.378699 16.298886 -2.391517 -0.117321 9.806247 -0.740893
-9.165373 16.162138 -14.980434 -0.806142 4.624431 -1.317606
-3.763579 -9.348710 5.295418 1.223134 9.703155 -1.720970
6.157691 -0.711532 -3.557026 -1.614623 11.983409 0.932696
-3.991012 14.298938 11.497014 -0.651360 6.462584 1.876389
-3.581130 9.441709 -5.075809 -1.610479 11.769775 -2.282655
-10.559235 15.102553 11.133793 -1.185549 5.264175 1.250057
-1.532515 3.851686 -8.945935 -0.189749 9.112124 -1.107645
-2.436555 14.855959 -9.397226 -0.507802 7.484398 -1.958472
4.886211 15.416061 -8.501104 0.974458 7.325144 -1.695377
9.290873 7.042483 -11.446369 0.833263 5.431041 -1.026581
8.399856 0.478786 -15.859409 -0.151387 4.298534 0.285826
15.772850 0.439281 -1.555008 -0.412014 4.904782 0.040620
-4.258825 10.379076 -8.566960 -1.100023 8.365404 -2.212782
15.767007 -0.780176 1.721740 -0.711487 4.932793 -0.077694
9.920888 11.875289 -3.934161 2.107563 7.459229 -0.835761
4.833228 4.723097 9.182960 0.625732 7.849350 1.188868
-11.935103 -0.022683 15.339452 0.226773 3.960351 -0.291457
-4.670244 -10.879724 -0.675500 1.515720 9.889944 0.219232
6.661850 4.221848 10.183829 0.490626 6.556646 0.750010
4.184471 -13.358908 -3.605447 -1.004505 8.425774 0.865508
10.127328 17.812172 3.189388 1.618482 6.555237 0.509707
9.586341 -4.126366 -2.235154 -2.300534 8.339951 0.536393
-14.529248 -6.796341 9.822195 1.186691 4.623802 -0.802237
15.760077 -12.747641 -15.590408 -0.890927 3.683620 0.881335
7.804105 13.823352 -2.247868 2.059955 8.561330 -0.593342
0.574993 -12.293661 8.120364 -0.125696 7.824545 -1.775149
-3.922003 17.034651 -9.052473 -0.701727 6.968212 -1.619674
6.337782 -5.097148 -9.542299 -1.188800 7.152249 1.789882
13.837330 -7.082922 10.201104 -1.197647 4.728588 -0.882925
4.239925 -6.148434 5.805794 -1.591856 10.448309 -2.179752
-5.782401 -4.615006 -6.085917 1.835469 9.628897 1.931811
1.644376 -3.534062 0.911447 -0.916676 19.047506 -0.508097
1.150141 -12.420021 -10.764279 -0.195860 6.721649 1.833073
9.791191 6.895976 14.767643 0.535960 4.448552 0.808366
-13.148363 -4.943529 6.250110 1.474976 5.577776 -0.701134
-5.998201 -1.765767 7.529913 1.174828 8.558682 -1.474835
0.396227 15.846902 -12.980216 0.055975 5.998272 -1.833715
2.838984 1.058907 -7.092720 -0.253971 11.197884 0.634504
2.662164 17.149008 15.025914 0.287787 5.188482 1.624344
-5.967641 15.816557 -12.146710 -0.797670 5.811080 -1.623600
-6.382364 11.795236 9.619186 -1.203791 6.981475 1.814294
-1.947860 17.412946 4.463559 -0.482141 8.602985 1.104837
6.120877 -6.680189 -11.218001 -0.967592 6.396551 1.773349
-14.677219 7.024679 -0.221271 -1.327182 5.455715 -0.020008
13.241857 -12.801817 2.763798 -1.709932 5.729183 -0.356892
-9.082190 -1.733186 1.997903 1.897997 8.885801 -0.417522
9.217654 0.950601 7.576624 -0.348595 6.664875 -0.286535
10.825346 -5.749970 13.393160 -0.868796 4.686278 -1.074877
-3.005760 7.596559 -4.777932 -1.518086 13.506288 -2.413136
-13.507033 16.815106 -5.104018 -1.596075 5.446589 -0.603122
-1.995621 16.904710 -0.744346 -0.581533 9.507783 -0.216906
12.493125 -0.859248 -1.625839 -1.056420 6.337119 0.137481
-4.016319 -0.745217 3.085291 1.066969 17.017702 -0.819633
7.687618 -2.778904 7.443807 -1.400207 7.658270 -1.355800
1.486562 7.080094 -2.803509 0.799068 18.160545 -1.506963
-10.915730 7.392401 7.989852 -1.260972 5.975487 0.922978
0.929035 -0.032516 -12.875874 -0.054166 6.137586 0.750705
-4.504748 7.956416 -0.202658 -2.664489 15.061151 -0.119869
3.198644 2.692629 15.950078 0.034863 4.758540 0.173842
7.052890 7.628022 -12.173913 0.762435 5.737447 -1.316030
8.685905 8.037747 -6.880599 1.650045 7.401369 -1.307094
-0.216189 -12.166085 0.791324 0.070411 10.117989 -0.257727
2.977060 3.943790 -12.534795 0.167321 6.148076 -0.704499
-0.589159 6.463944 -13.092547 -0.064629 6.142231 -1.436214
3.493520 16.340961 12.176308 0.499728 6.060221 1.741752
10.540199 -13.384189 -1.861435 -1.716021 6.601475 0.303055
-7.073774 -9.548706 -2.440068 2.040828 9.021908 0.703975
-4.590826 3.056690 11.714842 -0.152395 6.285416 0.388881
-0.688717 13.155733 -3.213308 -0.298631 11.683537 -1.393307
-10.358932 11.779291 15.246426 -0.788272 4.407300 1.160191
4.676210 -12.679663 -11.940855 -0.649431 5.970806 1.658344
-8.892788 -5.758718 -2.758871 2.411980 8.643649 0.748285
-13.421106 17.462094 -13.703428 -0.997892 4.235628 -1.018883
7.924842 2.351624 14.326626 0.043151 4.724052 0.078010
-12.838531 2.599948 -5.475811 -0.184728 5.606342 -0.078789
3.111839 -9.834119 4.724975 -1.045983 9.972519 -1.588208
7.600606 -6.088549 8.994604 -1.387643 6.940883 -1.642145
-14.841215 -10.208115 -0.483458 1.783513 5.456594 0.058099
-13.237083 -9.743534 6.352921 1.630162 5.529346 -0.782369
12.691645 -4.579278 5.803255 -1.526115 5.822399 -0.697816
-13.874350 -9.458213 -5.801200 1.640939 5.414629 0.686116
0.163983 -11.906513 -3.380197 -0.051217 9.796870 1.055748
7.942675 4.099625 -5.558575 0.955911 8.454100 -0.668982
12.073092 10.482726 -4.586240 1.864075 6.333034 -0.708112
-2.409092 -2.469043 4.703334 1.164489 14.882553 -2.273463
-7.388790 5.440174 2.837100 -1.970408 10.580332 0.756585
6.659915 5.397980 -4.640597 1.686645 10.300709 -1.175246
4.175193 -7.306321 -9.726685 -0.909860 7.572581 2.119643
-14.549969 -3.752437 -9.456803 0.950508 4.580525 0.617786
2.094993 13.304357 -0.335887 0.946739 12.040006 -0.151789
-11.416468 -12.510387 -12.488445 1.065405 4.775293 1.165444
-1.160650 7.537551 -11.704400 -0.186944 6.945542 -1.885204
-6.186725 17.021273 1.668751 -1.450275 8.257259 0.391184
-12.357148 16.117294 7.725383 -1.471246 5.452060 0.919787
-6.276514 3.340846 -12.535007 -0.197512 5.591712 -0.394458
12.525304 7.078250 0.882163 1.658293 6.461229 0.116794
-12.097774 0.994341 -15.304166 0.114394 3.932777 0.144713
-9.338880 -11.550443 -13.340460 0.942633 4.973738 1.346538
12.073519 -9.979448 4.841352 -1.804767 6.144903 -0.723692
5.431511 10.460457 -4.437699 2.059162 10.502933 -1.682394
11.738784 2.386887 7.015900 0.115251 5.729900 0.068882
-14.720997 7.648319 6.487372 -1.150012 4.966217 0.506797
8.733007 11.398661 -7.814200 1.614768 6.914882 -1.444877
-2.517298 -13.632661 -14.098036 0.292497 5.419637 1.638121
-3.828106 -0.727099 5.300234 1.105243 13.132564 -1.530273
-11.581646 -9.005380 15.096767 0.853531 4.281945 -1.112585
-9.385732 3.252699 -9.169338 -0.329656 6.006942 -0.322056
-1.048425 -4.995723 12.148544 0.172952 6.714057 -2.004069
7.859631 -12.310540 3.621221 -1.642343 7.608628 -0.756688
-8.744291 -4.920429 6.312211 1.828643 7.597242 -1.320036
-2.455402 -6.959136 -8.678878 0.678787 8.680427 2.399244
-11.886183 4.684730 8.042274 -0.678808 5.491037 0.459286
-12.842166 8.540808 8.422487 -1.232924 5.255348 0.808609
7.498985 13.298827 15.614897 0.676389 4.716213 1.408423
-11.140772 3.917011 2.211662 -0.850568 7.066380 0.168855
9.122476 -5.322642 -14.207207 -0.744466 4.773191 1.159420
6.597246 7.984485 10.654619 0.962270 6.506847 1.554075
-9.988710 7.005826 0.208101 -2.149366 8.236567 0.044779
-7.535757 3.291698 2.887277 -0.836813 10.465323 0.320620
10.058729 13.357427 -10.596941 1.253259 5.566473 -1.320317
9.083951 2.833399 -5.245259 0.377294 7.698544 -0.217857
-12.345118 -5.904916 2.251106 1.988602 6.521938 -0.362617
-2.533329 17.979208 -11.722384 -0.356851 6.083150 -1.651244
1.389562 -5.394992 9.434594 -0.363255 8.503775 -2.466362
8.152573 1.396276 -8.915385 -0.172939 6.566354 0.189121
3.126665 8.716215 10.805593 0.598354 7.287838 2.067882
13.806759 -4.941509 -12.042642 -0.893589 4.360517 0.779414
6.112046 -11.324853 15.019585 -0.623191 4.999688 -1.531414
-11.188836 6.931838 -7.823299 -1.192497 5.896639 -0.833801
8.618582 9.095188 5.465441 2.001872 8.007530 1.269480
-15.229828 -1.137960 12.215469 0.433934 3.963096 -0.348048
0.782566 -7.636093 0.062925 -0.458458 14.094354 -0.036864
4.191442 -4.908414 11.442717 -0.689396 6.717646 -1.882065
10.621749 -0.212006 -8.476459 -0.586119 5.808839 0.467740
-4.318069 5.350724 6.223181 -1.213834 11.097040 1.749373
-8.901294 -11.761874 1.706325 1.864270 7.573390 -0.357369
-13.870299 9.103546 8.451519 -1.220847 4.968077 0.743892
2.952640 -6.967964 14.972620 -0.329508 5.350571 -1.670913
11.352830 12.698234 -6.967268 1.670240 6.089201 -1.025032
15.489431 7.114517 -12.165341 0.662575 3.978663 -0.520384
11.750905 -0.591276 -15.974938 -0.267628 3.887156 0.363831
12.445573 9.114489 5.172531 1.674136 6.054783 0.695791
-4.671865 3.998685 -5.259224 -0.953575 12.261646 -1.073461
15.845968 14.698066 -5.285351 1.540812 4.876761 -0.513931
-2.611277 8.627053 -12.675618 -0.372303 6.306409 -1.807225
-10.567755 -8.556560 -0.376188 2.227278 7.431720 0.079286
2.254890 -8.419843 10.270618 -0.481227 7.482780 -2.191902
14.245580 -8.172717 9.663150 -1.274604 4.739326 -0.864597
3.999205 -7.161201 -6.012232 -1.413141 10.060519 2.124456
8.123764 -0.033294 -14.999526 -0.223660 4.545073 0.412960
-2.197601 -2.001968 11.447726 0.294352 6.955285 -1.533337
-9.696833 -3.827459 -8.619041 1.291101 6.266543 1.147597
2.768899 14.863070 14.156853 0.345239 5.570932 1.765141
-3.259397 5.787255 2.152698 -0.893540 18.704049 0.590146
-8.158012 -0.535650 -5.138734 1.171916 8.518029 0.738190
-6.933348 -11.901576 11.243050 0.955423 5.915356 -1.549304
-15.030740 2.258026 -14.250830 -0.030820 3.691563 -0.029221
-13.340022 17.479741 -10.846717 -1.192330 4.675889 -0.969479
11.541047 -10.163288 2.832745 -1.955991 6.599053 -0.480097
5.104364 13.118931 -6.409603 1.403790 8.725212 -1.762754
8.169942 -1.037710 0.965648 -1.862650 10.171373 -0.220156
3.843090 -3.022066 8.983091 -0.865623 8.429614 -2.023363
-3.718585 -5.586403 12.423961 0.554750 6.307884 -1.853446
14.020545 -12.772012 7.800997 -1.418714 4.993911 -0.789369
8.522567 -10.605673 -5.716269 -1.698624 7.272024 1.139304
15.688555 8.682895 2.282886 1.413650 5.084163 0.205704
3.504522 -12.753573 -3.263890 -0.931088 8.922385 0.867156
8.065588 -9.428668 -13.509220 -0.877938 5.185726 1.470476
-11.990653 -3.384231 1.978370 1.770063 6.703409 -0.292047
-4.399018 -11.810798 -6.263607 1.041371 8.178021 1.482772
-11.319256 -8.474286 3.664325 2.010456 6.748776 -0.650835
13.012105 -12.274698 14.928858 -0.917374 4.121590 -1.052508
10.977798 -6.094196 14.449484 -0.795700 4.440898 -1.047338
-9.979351 2.265512 13.809238 -0.036708 4.528776 0.050795
4.660056 1.822371 -5.449317 -0.086489 12.154031 0.101138
-7.197732 -3.347974 -13.362800 0.625859 5.275507 1.161926
-2.999566 3.959522 -7.105832 -0.529401 11.010431 -1.254128
-5.973868 11.501713 -4.340814 -2.021187 9.805888 -1.468663
-4.284778 17.562512 -7.188042 -0.833939 7.386742 -1.398995
-14.106032 12.168363 13.232076 -0.977125 4.196615 0.916586
3.201141 9.030058 12.212017 0.492422 6.478872 1.878539
-4.806817 10.956148 -11.310062 -0.818968 6.635785 -1.926968
10.776301 12.028436 -4.065273 2.031703 6.977228 -0.766444
2.764461 13.904628 -8.420726 0.669317 8.126855 -2.038783
14.365178 -8.269501 -3.465808 -1.752055 5.527516 0.422709
-1.475259 6.293573 15.494206 -0.102046 5.090709 1.071764
1.655623 14.469001 -12.462712 0.256647 6.281083 -1.931908
15.257444 -8.458668 -4.689734 -1.603916 5.119554 0.493001
2.992882 -8.051364 -12.892557 -0.447018 6.150221 1.925636
2.899517 17.293372 -3.555165 0.736928 8.737732 -0.903564
-2.972512 -9.326241 -6.487838 0.905675 9.313885 1.976737
-10.926300 -5.772038 2.563655 2.167607 7.281457 -0.508589
-1.316939 -0.405701 13.632130 0.076949 5.766657 -0.796524
-12.337413 10.864146 9.837971 -1.277871 5.167437 1.018986
0.605953 13.318847 0.007755 0.284482 12.359749 0.003641
-14.457368 12.604488 3.871760 -1.724673 5.455098 0.461877
-15.679079 -1.011870 4.130675 0.717077 4.824912 -0.188915
10.174537 14.731892 -10.813385 1.213620 5.436758 -1.289821
7.139555 0.085727 6.876846 -0.751767 8.237614 -0.724105
0.256208 8.560824 12.864618 0.036828 6.343224 1.849181
4.225294 -5.075299 -1.290603 -2.475142 14.212845 0.756024
10.596328 15.850668 -6.398568 1.592845 6.217030 -0.961836
13.911734 6.642170 1.199822 1.344674 5.741769 0.115972
5.318124 8.561009 -15.065545 0.465369 5.037888 -1.318328
-7.777822 10.754147 -4.231061 -2.218870 8.844711 -1.207044
-9.658954 13.632016 5.743085 -1.801391 6.954310 1.071083
10.527786 11.134214 3.154365 2.168780 7.344102 0.649816
-0.870470 -4.431179 14.732806 0.090922 5.480253 -1.538859
4.787726 -6.950469 15.657212 -0.459165 4.973964 -1.501598
-15.961179 -13.270723 -5.223459 1.487210 4.780445 0.486705
-8.152555 9.022004 -10.479830 -1.126680 6.148238 -1.448308
0.090811 -4.078750 -10.181312 -0.020414 8.066018 2.288760
3.238877 15.623747 13.632115 0.414356 5.664326 1.743984
-8.848077 -5.308363 -5.958209 1.907814 7.665092 1.284704
0.656315 14.098738 -11.010477 0.123053 6.991821 -2.064355
7.684519 -7.980327 6.100302 -1.830465 7.964209 -1.453102
14.880792 8.294094 -13.527999 0.708422 3.925531 -0.644020
6.941136 7.086139 -8.305627 1.277316 7.572448 -1.528411
11.589259 -10.926172 -14.247176 -0.942700 4.446134 1.158902
-13.922808 -8.402640 -9.869931 1.275353 4.783642 0.904103
13.724005 -7.775108 11.206285 -1.140126 4.593826 -0.930966
-4.388164 -2.343938 -8.356263 0.979430 8.745233 1.865103
-13.703724 -7.946860 9.860923 1.270284 4.832583 -0.914071
13.073462 16.435790 13.063213 1.047603 4.403371 1.046782
6.550663 -0.659212 0.436059 -1.844423 13.095708 -0.122778
-8.893882 15.672487 5.241857 -1.659177 7.052628 0.977882
-10.477872 -3.865214 13.159217 0.751056 4.741058 -0.943255
7.171247 -2.032140 1.566321 -2.376012 11.355334 -0.518961
7.129299 12.622728 -3.507868 2.087487 9.031861 -1.027118
-14.315090 -9.779564 -0.622642 1.837629 5.653405 0.079929
12.783726 10.628831 6.068002 1.651735 5.777302 0.784023
5.450169 5.304726 -15.488719 0.261884 4.769719 -0.744243
1.008208 6.945915 15.315245 0.080614 5.195501 1.224572
-9.859660 -0.959232 12.358372 0.475085 4.955777 -0.595485
-11.259324 -2.131289 6.942168 1.140302 6.065449 -0.703077
6.949164 12.156057 9.316003 1.288518 6.912362 1.727379
15.723980 1.880936 -4.920728 -0.028501 4.691917 0.008919
2.100505 -4.651563 5.317581 -1.048276 12.796568 -2.653787
-5.323976 -7.031701 13.717065 0.642002 5.554647 -1.654100
14.277508 -1.101234 5.400192 -0.788158 5.151522 -0.298106
-9.295181 10.832466 -9.652938 -1.344822 6.102044 -1.396582
-11.211155 -5.246763 14.393508 0.753175 4.389932 -0.966968
7.085970 6.917683 8.291355 1.259537 7.507795 1.473796
-5.701483 -2.081851 10.157046 0.775994 6.964605 -1.382414
10.185021 8.350724 -5.281229 1.838589 7.142995 -0.953362
-7.949798 -2.036652 3.734660 1.951680 9.441685 -0.916861
-0.747800 6.286477 -5.228159 -0.351137 15.024967 -2.454931
9.238659 4.318881 9.716873 0.551663 5.898463 0.580218
-1.601167 -5.461806 9.509609 0.411177 8.411898 -2.442053
-14.265633 13.228295 -0.908984 -1.848920 5.685382 -0.117810
8.539882 11.008545 -4.653198 2.124388 8.166841 -1.157533
6.066141 14.313707 10.746554 0.970413 6.389968 1.719147
12.735579 12.733769 -2.484565 1.957646 6.234526 -0.381914
10.351902 14.731388 7.124633 1.591784 6.259407 1.095535
-10.496584 5.443054 8.236501 -0.899591 5.976858 0.705895
9.450440 0.196627 13.985946 -0.238624 4.591415 -0.353146
5.014451 -2.535195 -7.792148 -1.188512 8.914046 1.846874
10.777525 -0.922803 -13.069004 -0.425755 4.601501 0.516278
13.947390 15.495344 -13.314431 1.033954 4.235035 -0.987032
0.726606 16.071763 5.561534 0.196569 8.937667 1.504565
7.165587 -6.980607 6.564410 -1.785757 8.175889 -1.635936
-1.005486 17.250321 9.600988 -0.180587 7.000671 1.724359
-15.983812 -5.114093 14.610890 0.685453 3.648182 -0.626577
-6.437576 -1.507161 6.056141 1.424924 9.390551 -1.340496
5.526442 -12.140198 10.078372 -0.895661 6.510752 -1.633384
-1.158329 6.077602 7.822044 -0.344154 10.529031 2.324025
-1.645979 -12.699151 -1.507569 0.489696 9.607833 0.448517
-9.995258 3.754493 -4.165058 -0.789399 7.449163 -0.328945
-1.855529 -9.867106 -7.728703 0.497324 8.646152 2.071470
-10.115399 -9.048301 -15.939900 0.759025 4.317491 1.196075
-9.176306 -13.886555 7.869163 1.288136 6.065658 -1.104644
12.526296 -5.286565 1.750274 -1.942821 6.469226 -0.271466
8.408921 -11.707212 -6.358372 -1.532036 6.955380 1.158443
-12.326418 -0.593783 -13.311246 0.360583 4.269871 0.389392
2.070028 1.159350 -9.096850 -0.113548 8.813191 0.498992
-11.674504 3.788978 -9.384773 -0.406159 5.216002 -0.326499
4.225812 8.404862 3.198331 2.255129 13.527676 1.706809
-5.061551 -3.959506 -10.341674 0.883743 7.112239 1.805649
6.509447 -10.021871 15.770184 -0.608529 4.786108 -1.474259
-14.514846 -4.750317 -11.321428 0.911552 4.332076 0.711001
13.385209 13.760265 2.202772 1.881957 5.939009 0.309709
10.166822 -13.972428 11.334336 -1.075231 5.146137 -1.198705
12.973731 -8.314206 -11.815532 -1.118273 4.647830 1.018442
15.041202 -3.907183 12.521681 -0.733310 4.029847 -0.610475
13.357848 8.228679 13.183712 0.755390 4.225784 0.745542
4.083660 -3.506313 3.927834 -2.049958 13.523983 -1.971735
-11.955530 14.662897 12.548813 -1.085747 4.707202 1.139626
-15.358125 12.515126 13.297254 -0.963563 3.990647 0.834264
14.250163 -7.114736 -8.543290 -1.331698 4.901231 0.798382
-7.965957 -7.462588 -11.409529 1.081652 5.872944 1.549234
4.306323 7.645467 -11.716355 0.614653 6.523329 -1.672306
-13.383534 -5.113795 -7.506228 1.346830 5.279371 0.755377
2.289812 -10.845524 -2.281531 -0.813957 10.497201 0.811013
10.787107 13.531909 0.619394 2.127410 7.178645 0.122155
13.647524 6.574659 -7.887888 0.960679 5.032790 -0.555246
14.790253 -3.842587 4.012402 -1.332542 5.241009 -0.361501
-3.738105 -10.661763 10.829546 0.651862 6.725786 -1.888488
-14.166131 -10.628237 -2.635009 1.777690 5.588025 0.330664
-14.315429 -4.730061 -6.939454 1.284472 5.066982 0.622652
-12.226943 -2.077450 -4.611974 1.263131 6.143642 0.476450
12.600519 -6.673099 0.084099 -2.045142 6.485173 -0.013650
0.493818 1.803369 -11.618884 -0.003773 6.846982 0.088774
-10.640200 -2.914988 -15.029726 0.527514 4.268994 0.745136
9.918232 -3.980206 12.819771 -0.790401 4.938907 -1.021630
2.096965 13.420849 4.069080 0.805043 10.815629 1.562154
-14.177241 5.416123 3.379076 -0.962056 5.428368 0.229301
-3.405442 -5.658047 11.064929 0.636439 7.068057 -2.067910
1.804691 13.091557 6.928815 0.558873 9.387473 2.145699
0.570277 2.594585 12.091054 0.011855 6.552076 0.251359
-15.494507 5.588450 -10.288204 -0.570814 4.183587 -0.379015
-13.790651 -3.153221 -11.782889 0.739040 4.346747 0.631444
-10.023533 -4.395249 12.839936 0.823897 4.928116 -1.055395
1.192005 4.266490 5.912334 0.301342 14.549989 1.494651
12.188931 -9.633008 9.609893 -1.360345 5.250500 -1.072511
-3.448488 11.329653 5.275534 -1.357226 10.771107 2.076299
9.081097 -6.980283 0.791006 -2.473507 8.605559 -0.215454
-14.214225 -3.471600 -7.453390 1.092340 4.971655 0.572781
1.841787 4.161530 5.751977 0.443925 14.580433 1.386397
4.272828 11.749536 7.654774 1.184602 8.700522 2.122214
-15.136668 11.307730 4.839555 -1.566929 5.135978 0.500985
9.089478 0.336247 -7.576624 -0.548334 6.743041 0.457070
2.432878 13.885431 -8.356860 0.600199 8.218770 -2.061664
-9.146786 -5.868255 14.798102 0.722283 4.639178 -1.168543
-9.472012 -8.023645 -3.118170 2.204152 7.858051 0.725603
-10.078740 10.418727 14.542487 -0.790820 4.571273 1.141064
-13.154810 8.885987 7.259881 -1.367020 5.391786 0.754432
-14.621238 16.431762 1.362010 -1.706292 5.398492 0.158946
13.101663 -0.880984 -3.812074 -0.909584 5.808408 0.264654
-11.041605 -2.600694 -3.557467 1.645616 7.017089 0.530197
-7.129283 -12.424188 7.820357 1.241839 6.814041 -1.362216
14.939257 -0.295721 -4.967578 -0.575620 4.957659 0.191404
1.930407 -12.072579 -2.299294 -0.601291 9.805384 0.716193
10.924822 11.658131 -9.770070 1.344647 5.577246 -1.202518
14.809883 -13.186059 13.954006 -0.990561 4.007799 -0.933316
-10.273885 -11.829840 -10.782171 1.192506 5.369882 1.251503
-8.859559 -6.739422 0.718071 2.515714 8.820956 -0.203900
-8.558607 -11.917874 -2.634187 1.790982 7.582123 0.551232
-5.629658 -1.976608 13.443347 0.433623 5.452058 -1.035470
3.813780 -7.818172 3.191624 -1.671809 11.587304 -1.399080
10.836809 2.602287 7.762688 0.177099 5.893456 0.126861
-4.401030 -12.500706 -5.015629 1.061367 8.349270 1.209585
7.894511 -11.398659 11.338545 -1.037710 5.745791 -1.490418
14.834236 2.691490 11.493788 0.107940 4.093297 0.083633
5.056378 7.236379 -15.749007 0.348649 4.803532 -1.085931
-3.709731 -5.861192 10.468351 0.750965 7.351361 -2.119120
2.612421 -12.328878 -2.747460 -0.764072 9.442868 0.803568
-0.311944 -4.540157 -7.260880 0.120902 10.874526 2.814127
-5.248093 0.805101 5.134306 0.626408 11.743822 -0.612827
5.474432 -1.195476 -15.114300 -0.270270 4.875761 0.746184
9.731482 -3.825380 13.955987 -0.674530 4.681733 -0.967348
6.900264 15.962621 -9.645258 1.087781 6.396801 -1.520511
-11.511981 10.802025 5.833765 -1.789284 6.333075 0.906730
-1.349966 -1.206157 -13.080454 0.113048 6.061670 1.095371
-14.482018 8.060164 -3.030546 -1.452916 5.451712 -0.304041
-2.114684 -8.383192 15.411873 0.233716 5.253103 -1.703332
-7.992700 -8.259566 -7.602609 1.600753 7.216132 1.522626
11.521151 12.841840 11.934332 1.127157 4.925651 1.167580
-13.537025 9.205222 3.008243 -1.720558 5.878810 0.382348
5.380886 16.269753 -14.517494 0.582133 5.172734 -1.570580
-8.655113 -8.585381 -12.041236 1.050562 5.504651 1.461571
-10.994376 -9.611367 5.453911 1.811442 6.481846 -0.898591
-7.988351 13.500781 15.929600 -0.682079 4.583681 1.360136
15.130974 16.247851 15.495226 0.893535 3.770339 0.915046
7.715692 10.013289 -10.287177 1.187953 6.363430 -1.583874
-2.121460 -9.573099 11.481598 0.376104 6.754535 -2.035522
6.424273 -10.928706 -11.424130 -0.924681 6.034903 1.644337
-6.465350 9.477856 13.119366 -0.742257 5.565235 1.506173
1.433995 -8.285197 4.656265 -0.605576 11.357485 -1.966340
14.246259 13.314143 -11.004764 1.188141 4.536053 -0.917799
3.318411 -7.395186 7.327117 -1.033943 9.321710 -2.282967
12.556694 3.671052 9.593303 0.353401 4.922735 0.269998
-11.918857 4.892996 -14.980078 -0.332593 4.040708 -0.418015
4.174746 10.176979 -15.958214 0.380010 4.918174 -1.452609
0.680166 -10.415134 -12.638060 -0.104611 6.251984 1.943766
11.352153 -10.073656 2.388514 -1.994636 6.733867 -0.419675
2.688959 7.351665 -0.389120 1.527487 18.427041 -0.221043
-10.049993 9.093050 -1.661718 -2.341918 8.021871 -0.387225
-7.829764 0.875972 -9.211023 0.306253 6.570426 0.360280
7.339154 0.155150 -10.168099 -0.421077 6.329907 0.583385
-9.548617 -1.765656 -3.001253 1.722990 8.203734 0.541558
-14.012605 -12.222306 -5.928570 1.559097 5.252658 0.659636
-5.686469 -1.250057 -2.753811 1.950679 13.413207 0.944664
6.787922 4.071671 -4.750387 1.112854 10.125135 -0.778808
-15.728793 -10.385613 -4.230963 1.603552 5.000970 0.431347
-1.508158 -10.205129 15.178093 0.173056 5.323612 -1.741639
13.034645 15.701089 7.801996 1.471066 5.285492 0.880519
-6.966851 -5.765803 -1.912976 2.644790 10.542782 0.726213
14.672950 11.999602 -11.847313 1.069332 4.306568 -0.863406
-0.360769 -0.406511 -8.946413 0.057941 9.260064 1.436823
3.371854 0.247178 -9.769087 -0.297298 7.852174 0.861344
11.380774 -8.640038 0.546089 -2.150509 6.986452 -0.103189
3.462918 16.342774 -6.121347 0.824314 8.262530 -1.457127
-12.451763 -4.543424 10.358860 1.052366 4.963558 -0.875483
-10.479088 -7.234433 -9.144186 1.419934 5.878141 1.239053
-1.235542 15.664596 -0.074343 -0.425129 10.409988 -0.025580
-13.006171 16.454408 -0.354908 -1.790198 5.930987 -0.048850
-10.555016 -5.817364 1.529837 2.293719 7.640834 -0.332450
10.049202 1.220098 -9.374767 -0.195630 5.703326 0.182500
-3.137579 -2.314385 -8.715242 0.723729 8.920738 2.010301
6.329892 -1.097119 9.810154 -0.691366 6.902123 -1.071489
3.394029 -6.815489 2.090585 -1.816113 13.159293 -1.118652
-11.646364 -8.056739 15.334988 0.811417 4.214010 -1.068408
15.978617 -0.989095 -13.037885 -0.373076 3.737992 0.304415
-1.662235 0.959335 -15.087269 0.032861 5.127654 0.298262
-7.533799 7.077380 14.383064 -0.532363 4.894363 1.016355
3.711482 -4.875708 12.159315 -0.558038 6.429902 -1.828206
10.741029 -6.704545 4.960609 -1.956368 6.888771 -0.903524
-0.218163 -0.341607 6.113802 0.056893 14.283703 -1.594361
14.140310 -9.522916 7.268228 -1.509529 5.132281 -0.775909
1.179048 7.787456 12.066825 0.181819 6.732749 1.860809
10.805328 -11.061909 1.888040 -1.949822 6.880052 -0.340697
2.964792 15.287964 -5.059422 0.850040 9.177524 -1.450595
10.943266 10.455393 -14.396562 0.817611 4.467302 -1.075619
-2.307855 -12.980511 -11.652546 0.345665 6.256043 1.745288
-12.409952 -9.790429 10.076604 1.311489 5.101532 -1.064900
15.768343 -5.313764 8.397628 -1.121694 4.492318 -0.597372
-11.714725 17.414552 -6.987968 -1.461374 5.638303 -0.871726
2.846987 -0.796375 10.203291 -0.359475 7.673960 -1.288319
-10.195098 4.095950 -8.429504 -0.574062 5.977818 -0.474645
-8.647110 1.353595 -10.874208 0.135681 5.634943 0.170627
-9.958853 -10.131506 12.112130 1.088838 5.189567 -1.324264
-5.685842 5.953786 -12.953527 -0.470373 5.630299 -1.071608
-5.285327 7.443033 -4.528529 -2.126274 11.584124 -1.821816
-3.419553 11.046891 0.919592 -1.860103 13.322601 0.500222
10.502717 -13.526316 13.209285 -0.965993 4.750465 -1.214931
10.287001 -2.188721 -4.326091 -1.572428 7.301330 0.661268
-13.610384 13.400876 -12.785279 -1.053170 4.369837 -0.989324
8.570132 -5.079786 -10.086541 -1.196254 6.169602 1.407921
11.755044 -2.308480 -2.283351 -1.558446 6.767763 0.302719
-15.935167 2.106118 -12.505987 -0.014328 3.777735 -0.011245
4.203496 14.975352 2.349273 1.341639 9.796166 0.749823
4.256024 -7.933141 -10.786450 -0.795234 6.943642 2.015438
7.262328 -7.247345 14.293939 -0.736407 5.088412 -1.449418
-14.143622 10.975983 12.351422 -0.995181 4.304470 0.869077
-1.936834 0.212433 15.405966 0.061048 5.018559 -0.485586
7.110179 -13.337254 -12.168672 -0.852877 5.509572 1.459651
12.632810 2.437956 10.712060 0.082917 4.666836 0.070310
15.530156 16.676162 -10.072721 1.238658 4.392860 -0.803383
7.903938 8.417431 -12.272374 0.846025 5.544511 -1.313615
9.625344 -1.102921 8.867112 -0.793404 6.088873 -0.730904
6.111912 0.557183 -14.081232 -0.161472 5.073050 0.372016
1.488597 0.119796 -5.368720 -0.285934 16.190620 1.031240
-4.397909 -2.303292 -4.672947 1.788639 12.812269 1.900497
0.651743 12.243103 -0.522169 0.352090 13.407194 -0.282090
3.054382 -1.207737 6.537922 -0.893935 11.705120 -1.913474
8.347728 -7.056744 -2.590335 -2.394976 8.870628 0.743171
5.862999 7.315869 -2.459423 2.611865 12.515980 -1.095630
-12.390908 -0.059329 -10.019768 0.416673 4.887665 0.336938
13.985738 14.777809 -12.750737 1.071621 4.315932 -0.976993
-1.369320 -7.969373 13.443340 0.197048 6.032895 -1.934528
5.208540 16.107044 8.017397 1.017627 7.283465 1.566412
4.702746 1.648912 6.985669 -0.134034 9.952297 -0.199100
3.357128 6.009051 1.791673 1.086323 18.566730 0.579762
10.656888 -0.393047 11.102695 -0.454109 5.082967 -0.473105
-4.868539 16.343551 -14.035658 -0.559877 5.352354 -1.614086
11.743100 -4.818220 -0.806258 -2.063403 6.959883 0.141669
-4.398472 2.391857 -4.623068 -0.192114 14.140165 -0.201923
4.400185 8.907290 3.002017 2.306159 13.160215 1.573372
3.615907 3.336858 -11.194820 0.179474 6.777356 -0.555651
-3.884188 -0.113243 6.014042 0.816013 11.993893 -1.263465
-6.448570 3.643653 0.184825 -1.174473 13.683445 0.033662
8.326972 -10.078914 10.013354 -1.239403 6.131756 -1.490407
8.440261 0.972541 -7.984406 -0.334562 6.864750 0.316492
-5.186972 -3.664149 -14.910825 0.425491 5.068673 1.223147
14.372563 -12.541881 -0.288683 -1.723807 5.485059 0.034624
-14.980186 -1.794822 -11.137836 0.574331 4.173162 0.427018
6.889173 -13.866171 5.328580 -1.277111 7.190447 -0.987809
15.347225 -5.317402 -14.801594 -0.699080 3.714907 0.674226
1.795696 8.505523 -6.249612 0.793185 11.830636 -2.760544
-7.606536 7.151893 -5.749958 -1.817308 8.641859 -1.373745
-13.155789 2.185031 10.684492 -0.034234 4.553897 0.027803
5.110755 9.858823 -6.827763 1.572227 9.285277 -2.100432
-7.683319 7.269484 -0.102684 -2.673037 10.655541 -0.035724
-13.872513 11.337974 -2.729157 -1.823344 5.782223 -0.358709
-2.637816 17.413126 -10.958910 -0.407932 6.401096 -1.694771
-14.858286 7.568405 11.493532 -0.771305 4.200099 0.596638
-8.466301 15.381598 15.149565 -0.765312 4.691372 1.369445
-1.677645 4.540120 10.377902 -0.198649 7.729551 1.228843
7.231715 -8.660999 -7.025913 -1.617631 7.693705 1.571596
0.615338 4.820935 -15.888906 0.027948 4.920746 -0.721669
-3.557202 12.344375 -10.209873 -0.731763 7.326775 -2.100303
6.770808 -3.029538 -4.133783 -2.208624 10.379472 1.348432
4.084359 2.398702 -15.863028 0.025178 4.721820 -0.097788
-0.412335 14.743596 5.248837 -0.130567 9.713089 1.662064
-13.577174 -8.684855 6.568838 1.596818 5.413200 -0.772564
11.190874 14.767623 -3.651073 1.876521 6.579036 -0.612224
12.413969 -6.419770 -0.994931 -2.052230 6.564942 0.164478
-5.802257 8.864600 -14.175367 -0.575662 5.281555 -1.406387
8.305495 0.875066 -3.918910 -0.626350 8.980055 0.295540
-10.480228 0.764093 -8.243475 0.348158 5.902138 0.273852
3.627158 7.872944 -9.306959 0.835696 8.227409 -2.144321
-1.083188 16.936986 8.306252 -0.221009 7.551559 1.694768
13.554104 7.747987 -9.349468 1.010961 4.846918 -0.697350
13.971493 2.792034 -14.934047 0.091038 3.742691 -0.097310
8.829063 -0.215264 -15.783049 -0.224265 4.275984 0.400901
-10.428045 -12.200363 -13.731265 0.946594 4.702757 1.246439
-14.954454 -4.425518 -9.214796 1.022690 4.544801 0.630172
8.592157 16.013283 15.236118 0.762151 4.644826 1.351491
-14.149485 -5.612522 -12.635632 0.889313 4.220808 0.794165
-10.457995 -12.344560 -11.694642 1.106410 5.110743 1.237242
14.848221 5.064426 -2.590789 0.838751 5.221042 -0.146349
-9.365030 8.973926 -10.309134 -1.162615 5.846200 -1.279820
12.004868 -13.251237 15.607272 -0.853004 4.135463 -1.108972
2.408689 5.703332 -8.774387 0.522865 9.097693 -1.904697
9.634996 -6.834266 14.142944 -0.833473 4.746032 -1.223431
-0.357897 -0.780343 -10.772810 0.043190 7.526237 1.300035
-4.562659 -0.249990 -0.271369 0.214031 19.554180 0.012730
2.270168 -5.605383 -1.406203 -1.521161 15.594036 0.942248
5.089791 4.445173 -9.775784 0.521471 7.328289 -1.001570
9.626792 -0.824583 11.177426 -0.535194 5.334968 -0.621401
-15.903985 10.117527 -3.219800 -1.497974 5.002857 -0.303268
3.461820 11.240587 -4.095264 1.536475 11.633766 -1.817619
13.883054 13.978278 -2.569504 1.821609 5.720825 -0.337147
13.380460 1.596441 3.434660 -0.133344 5.667660 -0.034228
-7.968049 15.079665 13.852379 -0.835531 5.074324 1.452563
-9.517238 -8.890383 1.702657 2.220245 7.893031 -0.397207
10.531748 17.389765 3.997656 1.631834 6.407100 0.619414
2.864794 11.752778 15.555933 0.302921 5.164699 1.644871
-10.664038 9.792909 -2.377205 -2.220766 7.470026 -0.495049
-2.739394 9.966981 11.227757 -0.516719 7.071734 2.117838
-9.494088 -12.435177 -14.901350 0.823859 4.592441 1.293080
0.955984 -13.956623 -4.267693 -0.229536 8.502312 1.024692
-11.404153 8.758054 9.076271 -1.258946 5.565121 1.001963
11.339924 -9.339199 -4.265843 -1.918878 6.575172 0.721842
-15.874675 -13.713087 -15.608641 0.893465 3.667602 0.878492
11.110931 -6.069840 7.843981 -1.530243 6.011866 -1.080305
12.876172 4.203411 -3.186118 0.754237 5.963906 -0.186631
10.647361 7.458743 -11.270988 0.890645 5.160010 -0.942811
-15.612645 -10.888962 -0.883759 1.703149 5.182135 0.096407
-2.454735 -4.988789 13.993125 0.291857 5.725423 -1.663720
0.569554 14.236003 -8.915412 0.133936 8.007572 -2.096544
-2.174947 1.185032 -4.766931 0.098875 18.372679 0.216708
-3.901946 -4.479403 -2.660117 2.248203 14.300153 1.532693
5.082915 11.109121 -5.944411 1.658499 9.580126 -1.939596
-13.716527 9.549122 0.010091 -1.817121 5.953210 0.001337
10.558601 3.725296 8.552607 0.460835 5.794176 0.373282
-12.687728 7.622761 2.200535 -1.684442 6.309398 0.292146
-5.611995 -13.912066 -8.302439 0.935964 6.736143 1.384674
-2.655631 -11.841850 -10.692877 0.458121 6.740063 1.844622
-0.071296 -0.348361 -9.055489 0.010955 9.141013 1.391487
4.682445 4.171526 -7.964985 0.644415 8.931969 -1.096171
2.494680 -8.371389 3.442457 -1.103736 11.723585 -1.523067
-2.961649 -1.953764 10.629314 0.446130 7.382375 -1.601156
7.224863 -5.013153 12.238465 -0.859680 5.723927 -1.456243
-3.890712 -13.403085 6.779086 0.799107 7.626988 -1.392345
14.774672 -0.441150 13.383129 -0.313220 3.863260 -0.283720
-10.632455 6.934281 -1.770283 -1.941737 7.602974 -0.323295
11.877545 8.155646 -12.338957 0.841023 4.660568 -0.873694
5.392833 13.438607 9.952722 1.002910 6.937653 1.850917
3.742276 -13.746038 8.548407 -0.666938 7.005721 -1.523474
4.640805 -5.185342 -4.841136 -1.952350 11.311809 2.036628
10.800393 7.222908 9.702848 1.030784 5.529403 0.926034
9.051241 -2.313552 9.951377 -0.908575 5.963822 -0.998932
-15.758831 11.418502 -5.332233 -1.484215 4.899606 -0.502206
14.057869 9.781522 7.334785 1.369589 5.117748 0.714592
9.016976 15.403959 -1.080936 1.932084 7.651623 -0.231614
-3.670532 -1.786913 6.000743 1.243727 11.896996 -2.033298
-10.720637 -1.470329 1.042176 1.549541 7.560406 -0.150634
8.878961 1.868689 7.524925 -0.045220 6.840600 -0.038324
11.975532 15.565755 12.383929 1.095613 4.720781 1.132976
-2.818247 10.336199 14.586892 -0.325696 5.492348 1.685763
-3.655078 -13.116373 -10.356333 0.589764 6.548889 1.671042
-11.257440 11.222827 15.480667 -0.766868 4.223312 1.054559
-4.037892 -0.770333 -15.520002 0.176274 4.874463 0.677525
-15.218691 -5.603150 -4.891956 1.439734 5.068857 0.462794
-8.875942 7.749367 -10.987044 -0.963209 5.718290 -1.192304
5.070852 -2.400009 -13.778630 -0.415278 5.427163 1.128402
11.907579 -12.129779 12.826485 -1.053996 4.639899 -1.135332
13.613738 10.885782 -5.232008 1.665290 5.603984 -0.640001
3.962182 -12.927756 6.243574 -0.873077 7.926655 -1.375787
15.531060 -3.906474 -11.111796 -0.807491 4.137347 0.577725
8.987263 -8.549291 6.859087 -1.722130 7.040763 -1.314331
-14.092494 7.326458 10.809845 -0.818844 4.452302 0.628106
15.977117 4.406535 -3.177993 0.586282 4.782868 -0.116617
3.112853 1.619395 14.448114 -0.024351 5.269243 -0.113025
-9.800499 -12.137163 -8.263861 1.392441 6.028496 1.174118
-13.131088 -0.447949 6.788733 0.636874 5.310038 -0.329262
-5.315466 2.419427 7.654725 -0.146797 8.821142 0.211400
11.477941 -10.743857 -11.658009 -1.158579 4.973015 1.176755
-1.543950 -8.877229 2.596431 0.703754 12.036118 -1.183489
12.220507 -5.278373 -1.763295 -1.989982 6.630292 0.287134
-13.751191 3.268402 14.605204 -0.151119 3.822217 0.160504
3.919206 12.579043 15.729964 0.400109 5.040667 1.605863
11.479060 -8.727917 15.918116 -0.784234 4.142063 -1.087504
13.541427 2.298675 -6.747149 0.077985 5.138412 -0.038857
5.845115 -1.914877 1.222594 -2.402608 13.829414 -0.502542
-11.907197 -11.412929 1.059469 1.905309 6.428342 -0.169529
-7.765602 -7.819081 13.976873 0.804215 5.108590 -1.447461
7.375405 11.835733 14.175570 0.765060 5.111908 1.470450
-7.663324 1.814150 14.098035 0.023339 4.825494 -0.042936
-5.104890 3.858241 6.433689 -0.771464 10.234422 0.972276
1.373259 -11.586181 6.391883 -0.363362 8.751578 -1.691280
-6.695744 14.191611 -6.247486 -1.541286 7.901372 -1.438102
2.890257 -7.695673 -9.563505 -0.678426 7.894655 2.244827
-6.162058 -12.181095 6.581135 1.258851 7.491908 -1.344465
-3.166703 15.884848 -14.849588 -0.356253 5.279015 -1.670576
-14.388041 -5.420174 -2.704360 1.642898 5.558162 0.308797
10.211375 5.088693 11.991619 0.516582 4.980231 0.606642
13.730884 12.069836 -14.341975 0.892414 4.079966 -0.932131
-4.986849 -0.539906 12.579192 0.315992 5.847867 -0.797080
7.427322 -5.427741 -6.957050 -1.743036 8.008456 1.632673
14.349620 7.152190 4.533333 1.241677 5.316260 0.392271
15.684905 -2.104133 -6.533404 -0.830000 4.624853 0.345729
13.296254 -13.931799 3.239970 -1.617694 5.576794 -0.394192
-3.969091 11.174764 4.063807 -1.706897 11.393250 1.747629
-5.022459 6.453126 12.138875 -0.546842 6.125953 1.321673
-15.864504 9.504890 13.523022 -0.779239 3.811218 0.664229
-3.110530 -5.595801 -4.609772 1.524842 12.439702 2.259800
-2.925545 16.890983 14.282952 -0.340216 5.399607 1.660985
-3.972448 -0.078713 11.579225 0.271044 6.508445 -0.790062
-6.097422 15.041970 8.033032 -1.208564 7.273719 1.592219
12.645813 15.683473 -6.060291 1.613106 5.656488 -0.773054
1.476137 10.891356 13.092813 0.220856 6.204338 1.958913
0.686435 14.268587 9.675471 0.148230 7.608125 2.089339
-14.996201 4.907794 13.438761 -0.364874 3.831270 0.326980
2.482842 3.201214 15.760847 0.049274 4.863809 0.312785
-0.440504 7.346179 9.888352 -0.099554 8.314088 2.234760
10.157890 0.974518 1.829095 -0.537452 7.845335 -0.096777
2.478765 -10.018526 -10.576055 -0.475468 7.081968 2.028663
10.379879 -5.144364 -8.845903 -1.363316 5.981045 1.161840
-15.632838 -0.381299 6.388720 0.514435 4.601895 -0.210236
-13.970755 13.497480 -5.614659 -1.648425 5.407432 -0.662480
10.116249 12.086053 5.476473 1.908790 6.979920 1.033331
12.444672 10.445738 1.548116 2.031315 6.519916 0.252695
-6.117155 2.334987 15.588925 -0.029792 4.612378 0.075921
-6.852361 -6.159576 10.935192 1.051852 6.340350 -1.678576
10.631710 -5.472489 11.609265 -1.033387 5.148485 -1.128403
12.031565 -12.401786 -8.625536 -1.388626 5.364460 0.995519
10.458850 17.258966 3.535193 1.665326 6.505334 0.562897
9.426166 -9.622200 -15.631328 -0.767568 4.473959 1.272851
9.120356 -11.780790 7.694060 -1.439140 6.392078 -1.214079
11.138125 17.801473 -6.167511 1.483775 5.875763 -0.821610
-2.513620 9.401933 -10.172394 -0.560494 7.792615 -2.268269
-5.945445 13.864788 -0.074012 -1.942150 9.794461 -0.024177
2.204867 11.485251 -1.525737 1.216393 13.494334 -0.841727
3.741845 10.124668 14.399499 0.427357 5.480583 1.644569
-4.835414 -10.321989 -2.832363 1.555813 9.757233 0.911324
-3.512305 -10.404514 1.693920 1.266527 10.525221 -0.610823
2.065803 3.258412 6.432639 0.282727 13.010977 0.880375
-6.239600 11.414321 2.849728 -2.273916 10.265044 1.038535
2.941061 -3.579393 15.474173 -0.240146 5.077808 -1.263509
-6.649854 -13.587808 9.987994 0.955330 6.134138 -1.434893
6.233702 -9.254115 9.414069 -1.170954 6.972900 -1.768362
-9.564081 8.844220 15.749072 -0.604654 4.330682 0.995678
8.889477 -11.020551 8.280831 -1.415958 6.396201 -1.319010
-10.576407 13.614808 -11.656425 -1.150502 5.181104 -1.267987
7.551568 -8.557854 3.751651 -2.092070 8.728979 -1.039349
13.569609 15.064306 -1.190508 1.838749 5.836958 -0.161320
12.314567 -7.483478 -0.824145 -2.083115 6.588513 0.139411
-15.474551 -11.173722 5.706398 1.534384 4.925755 -0.565820
7.463915 -9.284844 -12.449780 -0.941188 5.602686 1.569897
-1.871508 -1.740185 -9.326280 0.373994 8.670490 1.863725
-5.364096 -3.016825 -9.865884 0.905474 7.280568 1.665388
3.678323 10.894513 14.882776 0.405634 5.324667 1.641227
-2.530302 -10.866764 10.607130 0.464200 6.937529 -1.945944
-13.596964 3.317417 -2.328369 -0.439122 5.689584 -0.075196
-3.328305 5.443531 9.245363 -0.585898 8.363010 1.627508
-0.708113 17.227102 13.859922 -0.087028 5.583225 1.703396
-7.842785 15.475006 15.132502 -0.731829 4.770190 1.412051
-9.146941 6.325129 -12.030323 -0.686591 5.256709 -0.903025
11.510561 11.408548 -12.059418 1.078902 4.888916 -1.130347
6.056318 16.695048 -11.986788 0.792676 5.770002 -1.568880
0.683030 3.690031 12.064838 0.039655 6.588813 0.700448
-10.544569 15.913634 5.541210 -1.657272 6.383237 0.870903
5.973246 11.575495 -8.854480 1.276731 7.486819 -1.892571
-11.621178 -7.955761 -4.792409 1.899857 6.456301 0.783474
5.206709 -4.583913 6.736910 -1.617046 9.514306 -2.092281
14.399278 14.031979 9.048503 1.354448 4.801087 0.851135
4.411657 -7.027428 -3.374031 -1.950286 11.591761 1.491577
15.405159 1.515098 -11.289436 -0.074837 4.017631 0.054843
8.133683 7.315037 7.594795 1.444523 7.358722 1.348818
-15.441999 14.771050 1.562011 -1.708775 5.221596 0.172848
-9.574402 -12.369994 -2.951818 1.763088 7.043756 0.543566
2.201351 7.503677 8.806885 0.591023 9.064909 2.364490
-1.329652 8.026472 -0.777754 -0.883636 18.659335 -0.516866
-15.239150 -0.809812 3.569595 0.719691 5.004561 -0.168579
-11.622104 8.823200 15.019019 -0.679368 4.191608 0.877934
11.980603 4.511311 -5.602740 0.797301 5.994429 -0.372859
13.245038 16.686255 -12.817104 1.064436 4.410450 -1.030046
-6.090178 8.314742 -6.830147 -1.674181 8.936273 -1.877598
-15.776989 -11.685155 -3.502402 1.610027 5.003951 0.357417
6.283082 14.098010 4.800291 1.662399 8.597287 1.270077
1.656219 -2.657937 12.182435 -0.217779 6.592105 -1.601891
