# units: length=mm, velocity=mm/s
x y z u v w
-8.725247 -5.863733 9.515695 1.178568 6.300550 -1.285338
5.640149 -3.484494 -5.349954 -1.562798 10.780130 1.482389
3.145880 -10.024506 5.528193 -1.162737 10.395921 -2.043255
14.137692 -8.056137 14.364197 -0.791058 3.967324 -0.803732
5.351598 -12.931266 -1.861131 -1.613068 9.432143 0.560978
12.367357 6.318512 -5.552868 1.555825 5.996066 -0.698556
7.485701 -8.955681 -13.388974 -0.826097 5.322235 1.477563
-10.883341 -5.116794 -1.113819 1.964390 7.488141 0.201039
-7.474527 10.104845 -9.814580 -1.259526 6.559996 -1.653846
-11.856990 -13.066728 3.154176 1.860812 6.343490 -0.495010
11.351741 3.251880 13.823628 0.425879 4.351313 0.518615
7.193004 11.537642 13.738810 0.804229 5.256712 1.536097
1.477952 14.005535 -0.160386 0.485646 10.150953 -0.052702
-7.239258 -1.543081 5.281246 0.777447 9.245324 -0.567170
-5.411490 12.910528 -7.773626 -1.151865 7.584197 -1.654659
-5.125493 -7.716691 -4.625713 2.048987 10.891080 1.849193
-15.839285 4.115345 -6.963753 -0.800333 4.536032 -0.351867
-13.821194 3.738527 -10.357558 -0.646027 4.532130 -0.484130
-6.259572 -1.891622 -11.193525 0.346987 6.177159 0.620491
-9.026276 -0.821340 -0.756197 0.515694 9.123898 0.043203
-7.832565 -6.477911 -7.069852 1.677989 7.774625 1.514592
-7.661465 -0.551629 -9.216671 0.151655 6.623899 0.182440
-0.139821 -8.119638 10.831445 0.029638 7.513129 -2.295937
-10.235821 11.589001 -10.294418 -1.287476 5.592752 -1.294846
8.017003 3.555853 -9.307039 0.866047 6.547770 -1.005405
8.315917 -8.023662 -13.261705 -0.845201 5.194133 1.347874
3.777815 1.182987 4.304855 0.450871 16.089837 0.513772
-10.420029 -8.058736 5.914336 1.841065 6.825538 -1.044976
-13.412107 12.002355 -2.281780 -1.868238 5.910486 -0.317840
3.788614 -5.980624 -10.273189 -0.734495 7.492642 1.991653
-15.689212 -9.278625 11.840022 1.006994 4.106986 -0.759938
15.130554 -1.862645 -3.880016 -0.488137 4.988370 0.125176
-7.169693 14.915331 -14.137517 -0.736780 5.039166 -1.452816
-2.920515 -10.603877 -8.315390 0.769527 8.471832 2.191023
8.960251 -9.479437 1.665631 -2.396499 8.513681 -0.445488
-4.256187 0.233015 -5.329991 -0.108399 12.961328 -0.135747
-6.952906 -6.981430 -13.267799 0.732749 5.412452 1.398259
-0.581963 12.266973 14.311289 -0.074223 5.634773 1.825254
-15.123721 13.368072 -12.111215 -1.110044 4.215218 -0.888934
7.931128 12.688664 -10.626246 1.130362 5.996112 -1.514476
-5.393177 -3.898988 -4.900833 1.771149 11.462195 1.609460
0.520182 -15.712191 -2.474297 -0.137073 9.008127 0.652003
12.085047 -13.203035 -0.509286 -1.921877 6.397053 0.080991
-0.600713 9.042288 14.865906 -0.070828 5.492365 1.752785
6.627086 -7.240425 5.443626 -2.040096 9.353130 -1.675777
-4.878886 8.580091 5.624685 -1.726571 10.064545 1.990500
15.281025 11.734713 -14.524544 0.916312 3.856536 -0.870950
-6.709641 11.596515 3.227131 -1.936229 9.027583 0.931267
-4.983745 -14.220718 8.411925 0.947362 7.170715 -1.599025
-15.951399 -13.029007 15.792133 0.858517 3.626746 -0.849946
8.832418 11.784668 -0.730936 2.155004 8.156626 -0.178340
-10.596844 1.087274 -2.373380 -0.525231 7.406810 -0.117636
-10.783053 -10.691918 -7.739195 1.596196 6.109406 1.145619
14.178930 15.577822 6.517325 1.465822 5.070159 0.673763
7.141037 7.439930 0.556657 2.769569 10.715080 0.215893
-10.322358 12.084679 12.172491 -1.093389 5.104407 1.289363
6.705106 13.869722 15.359941 0.641684 4.835623 1.469959
0.111225 8.242224 3.731793 0.064471 13.910002 2.163107
-12.323550 -5.888369 -13.832515 0.691882 4.273865 0.776600
12.379878 -15.293747 1.193175 -1.734540 6.029082 -0.167175
-10.316413 -11.296163 -10.692977 1.247717 5.480612 1.293261
12.062527 -0.176956 -5.091184 -0.060910 6.007043 0.025708
15.974714 1.471197 -6.293404 0.315442 4.503396 -0.124272
-4.139146 6.267740 -12.152110 -0.585595 6.350985 -1.719248
8.263078 12.280563 -0.795803 2.070843 8.329250 -0.199439
-2.006249 -11.420327 -2.472248 0.847763 11.526826 1.044675
8.461174 -2.752535 3.837791 -1.408634 8.885086 -0.638923
-14.599057 -8.968788 -9.477481 1.222832 4.664840 0.793844
15.397552 -14.574404 -9.109808 -1.305440 4.536693 0.772350
-14.995225 4.465128 4.901453 -1.033397 5.023895 0.337784
-4.943312 -14.836655 -2.079666 1.260193 8.695470 0.530167
-10.517484 -2.344824 -4.070072 0.982200 7.139057 0.380093
-8.925237 10.932510 6.163682 -1.792396 7.236639 1.237811
-0.939354 -3.210070 -12.510724 0.088609 6.382046 1.180135
3.297234 0.132862 12.972194 0.011789 5.864232 0.046379
15.005117 9.907049 11.734280 1.065329 4.259634 0.833107
0.999762 10.166297 -11.167796 0.195872 7.127386 -2.187978
3.217885 12.991673 -8.881151 0.683239 7.578445 -1.885694
-6.788376 10.950867 4.859773 -1.853724 8.676256 1.327074
14.894878 4.546680 14.378653 0.503685 3.757766 0.486228
10.459148 5.589376 -9.920392 1.062225 5.587605 -1.007509
-9.166938 11.616951 -5.314434 -1.846837 7.271134 -1.070684
5.965945 -2.067977 -1.300840 -1.376125 14.443327 0.300056
-15.661599 10.314318 -6.033617 -1.482670 4.865379 -0.571197
-5.211730 -13.708739 3.988066 1.361092 8.692864 -1.041521
8.915589 0.353320 -0.713284 0.226636 9.259366 -0.018132
8.707428 -12.904864 1.309387 -1.983824 7.904744 -0.298319
7.964277 -4.278153 12.036175 -0.666500 5.523544 -1.007261
-1.381914 -12.291315 15.260490 0.157178 5.298509 -1.735715
-1.411177 8.089252 -13.495897 -0.195402 6.026159 -1.868746
9.882894 -11.135990 -12.001399 -1.099532 5.250148 1.335228
-7.154038 -2.409363 -0.470858 1.682063 11.926957 0.110709
-2.294639 -14.894735 3.105000 0.629336 9.130893 -0.851589
7.742697 15.320124 1.733118 1.586856 7.608663 0.355200
13.819791 14.462915 -9.203349 1.331674 4.858237 -0.886834
-13.875843 -10.570819 7.821870 1.466867 5.130131 -0.826879
-7.648989 -12.408374 14.188402 0.794606 5.050287 -1.473946
5.874861 14.661751 -5.455687 1.260470 7.767822 -1.170535
-9.847735 -11.622759 14.188086 0.896636 4.730268 -1.291825
-10.746714 9.675269 -9.226141 -1.413897 5.769193 -1.213842
11.613419 -14.186414 -3.794643 -1.748560 6.237110 0.571336
-3.138208 15.239748 12.727275 -0.414267 5.819718 1.680096
-3.697541 -2.410149 6.884653 0.765226 10.812513 -1.424816
4.483660 12.612880 5.990201 1.188423 8.655401 1.587741
0.489980 12.821896 -5.408246 0.152022 9.595852 -1.677972
-4.241712 -4.754161 -0.335619 2.246967 16.680029 0.177788
-14.888658 -1.506984 -5.868238 0.365968 4.853394 0.144243
-8.218079 -8.082338 9.521413 1.323995 6.505701 -1.533972
-3.661086 15.383803 -2.791941 -0.921234 8.692511 -0.702532
6.326636 -6.228074 10.447869 -0.994178 6.691531 -1.641796
-9.181762 -7.194014 -6.639413 1.764638 7.229107 1.276025
-11.860604 8.019057 -2.191496 -2.067906 6.782008 -0.382089
-11.969753 1.158838 -0.373689 -0.494161 6.640321 -0.015427
0.168020 6.799988 -13.870988 0.020805 5.866195 -1.717591
-0.257855 -14.348657 15.234942 0.028539 5.239665 -1.686169
5.116776 -10.586071 13.426030 -0.658595 5.674974 -1.728102
-10.400353 -4.653157 -14.480384 0.537498 4.410827 0.748357
-4.119537 7.405087 -12.100154 -0.628429 6.400602 -1.845861
8.863506 -2.333370 9.674493 -0.563106 6.040084 -0.614629
-10.434323 12.875096 7.272394 -1.570056 6.186905 1.094279
-14.456921 -0.664050 -13.903006 0.083555 3.818403 0.080354
7.118712 -4.375628 8.772922 -1.089902 7.211762 -1.343168
12.241098 -10.356323 9.932013 -1.317460 5.184186 -1.068942
-3.655596 -3.767041 4.938368 1.431052 13.550755 -1.933218
15.172058 5.839612 -8.925928 0.965935 4.513692 -0.568273
-15.986013 -12.435399 -6.569957 1.459377 4.722409 0.599777
-13.794227 -13.878163 14.282951 0.966838 4.112560 -1.001092
-11.146532 -5.314433 14.906468 0.571688 4.233321 -0.764529
1.078314 6.165883 -6.796906 0.447004 11.465064 -2.817586
5.313924 -10.782201 -4.925143 -1.669860 9.446825 1.547689
13.011572 7.345668 -1.208856 1.891196 6.256303 -0.175704
-1.347531 7.753266 -3.268733 -0.830368 14.589162 -2.014242
-1.265989 3.343866 -11.204303 -0.159894 7.183544 -1.415099
7.645012 -10.798263 9.875009 -1.249708 6.446883 -1.614239
2.326555 13.946239 -2.644603 0.718870 9.733246 -0.817143
5.067848 -13.649278 -6.290231 -1.171092 8.039516 1.453563
-10.809235 5.391620 -12.124968 -0.797443 4.904544 -0.894510
-0.048353 -7.914491 -10.629253 0.010577 7.659148 2.325018
10.027107 -8.197682 -13.444086 -0.879662 4.832846 1.179429
-3.442502 -9.257037 6.848601 1.138444 9.661663 -2.264850
3.798353 14.366105 11.242953 0.587006 6.341727 1.737511
-6.204669 11.551414 -7.904340 -1.338036 7.563802 -1.704570
11.310430 -11.359957 13.716036 -0.968545 4.594268 -1.174545
-3.920890 -10.968587 4.198560 1.422088 10.364733 -1.522798
-4.612630 12.173926 -12.042665 -0.695064 6.175594 -1.814674
-1.024597 2.731358 7.327131 -0.255904 11.466269 1.830031
4.967020 -2.350969 7.409253 -0.787917 9.299463 -1.175327
6.719828 -3.789528 -2.303533 -2.248104 11.780618 0.770642
-4.655832 8.881038 -11.424634 -0.787360 6.613700 -1.932050
10.096591 2.819999 -4.123317 1.199569 7.430193 -0.489889
14.157176 14.649975 14.995365 0.923402 3.959002 0.978073
-12.771144 -0.302032 13.466946 0.041952 4.139204 -0.044237
-15.716275 -6.401229 -1.295813 1.398458 5.103137 0.115303
-7.102570 2.288564 1.158679 -1.589854 11.895280 0.259361
11.011397 -8.335130 8.194517 -1.501118 5.957629 -1.117110
-0.207682 14.888683 11.465253 -0.032468 6.412711 1.792437
-15.342018 -3.214046 -7.838409 0.631107 4.527762 0.322440
-0.382536 15.878748 2.535631 -0.098899 8.918303 0.655552
-13.791319 7.915982 -9.573051 -1.187566 4.820141 -0.824333
-1.191865 4.350127 13.209454 -0.124639 6.057882 1.381374
-5.078990 5.281383 -14.869691 -0.401461 5.079004 -1.175353
-14.002379 -2.386720 2.874145 0.725473 5.504198 -0.148911
-6.932018 7.765153 -5.731712 -1.980061 8.902125 -1.637206
-7.353285 6.269349 6.675596 -1.747394 8.261435 1.586352
15.237951 -11.752167 -12.916557 -1.028652 4.079595 0.871945
10.615522 -7.159860 12.998688 -0.867956 4.798776 -1.062810
2.291269 3.255028 -15.849414 0.116176 4.897763 -0.803628
2.124208 11.855968 15.802172 0.225550 5.113242 1.677888
-3.820793 -10.625014 12.921958 0.551391 6.027641 -1.864809
1.517935 -14.059565 -15.512872 -0.163236 5.152462 1.668225
8.546848 4.244231 -3.386969 1.981483 8.992707 -0.785228
4.945066 6.809426 -6.683878 1.594245 9.677578 -2.154822
-3.456787 -8.082950 -11.580161 0.601220 6.767712 2.014073
2.937700 7.604907 3.451291 1.644562 13.629753 1.932077
-7.827053 4.525249 -2.846149 -2.251460 9.948321 -0.818698
-1.710648 -15.582648 8.929152 0.314324 7.126897 -1.640692
12.717008 -6.668689 -4.420558 -1.667679 6.050651 0.579702
-0.272307 -3.270700 -4.178803 0.051000 18.893388 0.782646
7.870918 4.914053 -5.732704 1.765846 8.460457 -1.286136
4.306287 5.872747 -1.917675 2.483411 14.809538 -1.105912
-7.655771 11.612963 -15.816230 -0.673408 4.649223 -1.391210
7.017678 9.886979 -9.249687 1.309581 6.939352 -1.726101
2.240033 15.426875 -6.349247 0.495519 7.999423 -1.404521
8.086773 1.444829 -7.121539 0.537683 7.480896 -0.473506
7.725380 1.896086 -6.146328 0.813912 8.275796 -0.647550
3.106146 7.751568 -13.951585 0.380352 5.707177 -1.708390
-10.705978 -4.715299 -8.024059 1.161510 6.017476 0.870544
2.124118 -14.429676 13.363716 -0.277992 5.760593 -1.748966
7.533548 -2.573481 -11.138916 -0.490998 5.889169 0.725977
-13.992377 7.654440 2.128156 -1.742015 5.764103 0.264950
-2.718177 -5.954583 -14.266557 0.282043 5.557603 1.480322
8.269299 -9.253943 -7.433344 -1.669322 7.259036 1.500568
-8.547856 2.123970 -6.708180 -0.798717 7.433193 -0.626816
-12.520372 11.927827 -10.454158 -1.274372 5.001398 -1.064065
-9.088311 7.693989 -1.306319 -2.519297 8.757215 -0.362114
13.911565 12.631478 1.946528 1.817925 5.713469 0.254367
-10.755525 -6.150167 5.239004 1.756544 6.836609 -0.855610
-6.488787 0.411005 -12.087116 -0.067098 5.710533 -0.124988
1.955715 14.137526 3.918410 0.566631 9.356329 1.135284
-6.813864 -12.296242 3.138977 1.849283 8.753164 -0.851918
1.650546 8.168513 -15.940468 0.160325 5.070415 -1.548367
-11.135536 3.680153 2.384277 -1.480086 7.120577 0.316908
6.480415 12.606058 8.576957 1.224669 7.046751 1.620873
3.540747 15.812304 -5.223759 0.777518 8.004166 -1.147094
-8.292225 -7.405368 4.104522 2.274460 8.735253 -1.125822
-12.175658 -2.947121 -4.981701 0.947272 6.047563 0.387579
-12.184085 10.529246 10.684237 -1.243878 5.042440 1.090758
-7.955341 -13.147523 4.071273 1.759406 7.781098 -0.900404
-9.472026 2.672279 -3.498008 -1.284214 8.091313 -0.474259
11.542046 -6.023899 0.633065 -2.008090 7.084057 -0.110141
-13.373482 -4.337623 12.892292 0.583733 4.211111 -0.562730
-11.348258 8.091619 -1.588361 -2.177939 7.125859 -0.304836
2.058566 12.624501 12.840093 0.302476 6.098098 1.886664
-2.053005 15.801499 -6.897788 -0.426249 7.719610 -1.432133
-8.868716 3.718891 2.893184 -1.836865 8.855467 0.599228
0.661951 -6.173922 -2.132191 -0.454916 17.875533 1.465318
1.486292 -15.149220 -13.921156 -0.181092 5.552880 1.696176
-14.764726 10.846514 3.836960 -1.700762 5.351544 0.441983
-5.974835 2.383163 12.072746 -0.361450 5.870974 0.730345
-12.812578 -9.718281 -5.445633 1.742636 5.866892 0.740660
-1.338169 -4.542588 11.150299 0.212755 7.264836 -1.772784
1.456446 -13.554276 -7.583567 -0.349950 8.229209 1.822156
0.230289 8.286987 4.119346 0.127788 13.488078 2.285829
15.876976 -5.680075 3.837243 -1.198452 4.886481 -0.289649
14.695373 -1.677119 -10.845839 -0.277323 4.222106 0.204677
-8.647099 -3.109889 -12.008907 0.519533 5.327456 0.721516
-0.795145 15.040586 12.103010 -0.116018 6.162790 1.765919
3.079244 13.983405 4.114353 0.866661 9.158976 1.157995
-13.417921 4.944083 2.827964 -1.417381 5.869225 0.298728
4.658196 -7.698668 7.447723 -1.378460 9.091271 -2.203941
1.077933 14.944675 -11.889765 0.160845 6.240297 -1.774148
0.815589 11.291606 -10.650529 0.164894 7.274530 -2.153307
8.702092 13.906041 7.614327 1.417004 6.517031 1.239878
4.904602 -9.076906 13.706982 -0.605074 5.615241 -1.691010
-13.365137 -4.296382 -14.216264 0.506155 3.994885 0.538389
-1.049566 7.579193 0.060318 -0.763085 16.707176 0.043854
-8.512681 4.189215 7.630009 -1.232048 7.112749 1.104298
-7.883406 -5.495850 -9.396921 1.153053 6.641273 1.374425
-1.493090 -14.116089 -2.663790 0.461827 9.766674 0.823936
-13.296048 -7.662059 15.714472 0.683690 3.867580 -0.808047
-13.781155 -6.557004 -3.826019 1.564283 5.671545 0.434287
10.578768 -12.367276 13.689875 -0.963773 4.718334 -1.247209
7.096479 12.755365 10.228378 1.104631 6.303785 1.592139
2.806416 -14.303160 12.912305 -0.380846 5.877219 -1.752270
2.666465 -10.577116 14.493772 -0.327450 5.538151 -1.779882
-10.755671 -9.743314 3.372326 2.108717 7.132996 -0.661166
7.608673 -11.775050 -3.389715 -1.970286 8.457367 0.877776
-1.539564 -15.440048 13.912438 0.185628 5.529471 -1.677450
2.478569 6.594455 5.209640 1.228960 12.758723 2.583119
14.617132 1.718158 -4.715569 0.456862 5.075894 -0.147386
8.090804 -10.176243 3.018079 -2.232912 8.690856 -0.832934
7.639252 2.218560 10.915439 0.445184 5.935805 0.636107
-11.411265 10.063968 14.162915 -0.903486 4.474469 1.121347
11.191169 -3.820940 -11.102868 -0.680031 5.002302 0.674665
3.085155 -7.683802 6.442177 -1.190044 10.654183 -2.484956
-5.899658 7.017513 -3.508480 -2.430970 11.192630 -1.445679
-0.781110 13.143988 -3.260894 -0.266580 10.265178 -1.112890
-14.314194 14.781874 -10.717699 -1.211726 4.534034 -0.907275
-6.663024 8.482753 -15.983602 -0.551477 4.678726 -1.322912
8.255958 -0.255199 5.422112 -0.121868 8.242380 -0.080037
-5.239692 -6.297206 14.567913 0.482627 5.201362 -1.341847
12.620946 4.445492 -4.841182 1.280102 5.938426 -0.491026
-12.800953 -13.879219 -7.241261 1.512842 5.424668 0.855787
7.516656 -7.732030 -7.738839 -1.599565 7.563222 1.646846
0.881956 8.614414 15.409083 0.094928 5.283517 1.658526
14.730131 2.237823 4.668786 0.582909 5.056285 0.184756
-5.325185 -11.230765 4.132086 1.705197 9.600370 -1.323150
-11.084205 12.483138 -11.277732 -1.190941 5.140442 -1.211735
5.374772 -14.273013 5.991582 -1.185936 7.868408 -1.322035
-9.679979 4.965755 10.872355 -0.886092 5.502538 0.995241
-15.174319 -4.906695 -11.820872 0.668555 4.074193 0.520808
-7.369530 -4.811572 15.073143 0.459069 4.714136 -0.938949
-4.338782 6.095678 -7.336875 -1.331324 9.570632 -2.251267
-8.082727 -3.432402 3.681752 1.745583 9.341775 -0.795128
2.866424 -3.200395 -10.169593 -0.406453 7.711843 1.442027
10.650027 1.864356 2.997852 0.844944 7.274969 0.237841
7.321369 -9.230375 14.433326 -0.727254 5.039017 -1.433706
9.322728 9.456725 7.933157 1.599801 6.640184 1.361348
-9.441529 4.859849 -8.208051 -1.225881 6.477628 -1.065727
0.933579 12.516603 1.082145 0.369283 11.216972 0.428049
-13.881034 7.827456 15.191565 -0.724185 3.873430 0.792556
8.992492 5.266698 -13.575130 0.648158 4.886691 -0.978464
-6.871782 -14.407253 -2.925609 1.572515 8.064780 0.669486
4.369675 10.257969 -3.845012 1.680828 10.685791 -1.479012
-4.085043 -9.719022 -14.365778 0.484846 5.472947 1.705045
6.097079 -2.017757 2.455396 -1.337494 13.273486 -0.538631
6.427266 -3.197765 11.195192 -0.562701 6.185123 -0.980129
-0.618264 1.254324 10.102575 -0.041649 8.027371 0.680550
-6.418033 7.418144 -7.316744 -1.623170 8.345885 -1.850461
8.361689 3.614041 14.600764 0.407150 4.656702 0.710946
-0.837281 7.272989 -13.941137 -0.105181 5.836681 -1.751310
6.903610 1.318968 -8.613349 0.396506 7.277028 -0.494704
9.649000 -9.693235 0.138810 -2.375031 8.113521 -0.034167
4.626949 -13.158943 2.140622 -1.420867 9.577929 -0.657353
-12.344172 13.183129 -8.825740 -1.409691 5.313527 -1.007890
2.370385 14.026364 -1.741009 0.744035 9.848303 -0.546481
-15.644204 -3.788928 2.996009 0.918406 4.945558 -0.175883
1.319528 14.808110 -12.978066 0.178437 5.884241 -1.755000
-12.330657 -3.827497 -2.042724 1.352920 6.437396 0.224128
10.122126 -10.425782 -15.267173 -0.797735 4.446794 1.203222
6.423176 -1.715855 -14.692173 -0.178149 4.847372 0.407493
13.758377 -14.547326 -0.725113 -1.750050 5.671360 0.092233
-4.449127 14.541756 -2.496688 -1.186249 8.914703 -0.665680
-9.260654 11.535302 0.701005 -2.185593 7.979259 0.165443
-10.897567 -11.646209 3.212361 2.001404 6.893748 -0.589970
-14.057711 -4.921164 5.820298 1.144811 5.243738 -0.473985
6.904017 5.057192 -11.507667 0.779901 6.012904 -1.299946
-15.384953 4.744380 -3.855631 -1.096480 5.006200 -0.274789
1.648920 -11.920034 -11.483017 -0.291389 6.751301 2.029225
-10.723398 6.794086 -9.411817 -1.245952 5.693722 -1.093559
-9.220746 10.141838 -4.053914 -2.107730 7.779313 -0.926667
9.914746 0.053856 2.445681 0.028589 7.931268 0.007052
-4.566829 -0.959081 -3.086623 0.377671 17.052987 0.255260
1.421449 12.550226 3.833390 0.498327 10.353684 1.343897
2.587597 4.146817 -15.464054 0.170724 5.044556 -1.020284
-8.623083 -2.735043 15.246840 0.292191 4.435287 -0.516636
7.730287 13.171843 1.823096 1.876882 8.245939 0.442640
11.818160 -1.111966 13.008968 -0.165909 4.388804 -0.182626
15.745756 5.278714 -0.604523 1.235388 5.063518 -0.047430
6.753906 14.435985 -1.162166 1.616513 8.301676 -0.278159
6.085846 -14.483170 2.621914 -1.474933 8.373695 -0.635433
-6.273457 8.517352 -6.655804 -1.724247 8.662062 -1.829334
3.251618 -0.055307 15.916477 -0.002848 4.762543 -0.013941
11.886537 -13.188106 13.223005 -1.028443 4.586601 -1.144076
8.523135 -12.434834 7.920027 -1.470823 6.676601 -1.366746
13.440453 -6.393950 1.779673 -1.700695 5.998009 -0.225192
-11.112822 -4.202296 -0.227945 1.717780 7.333582 0.035235
-2.165653 -9.951854 15.425735 0.237203 5.246398 -1.689577
-15.406299 -10.354849 -6.430676 1.475890 4.892151 0.616045
-8.044879 -14.071955 -3.110938 1.715052 7.682994 0.663207
-8.329236 -5.348297 -12.559774 0.737116 5.316130 1.111507
11.671389 9.153339 -15.527295 0.765348 4.156063 -1.018198
-14.984131 5.318409 -7.344669 -1.021808 4.761201 -0.500853
-4.624746 -0.475675 14.243376 0.043591 5.195997 -0.134251
-12.149984 -4.504527 8.399380 0.997833 5.396478 -0.689809
2.847374 -4.292985 0.342777 -0.413582 19.692186 -0.049788
-14.864892 -4.840686 6.206080 1.033883 4.926996 -0.431646
-15.447820 -0.402882 -10.437883 0.066805 4.120007 0.045139
-9.957780 -6.352026 -9.114957 1.268067 6.024114 1.160738
-12.389548 -6.901255 8.465357 1.292875 5.399829 -0.883377
2.666577 8.740596 10.810656 0.539391 7.286662 2.186763
6.904996 -9.458368 -3.767467 -2.196452 9.441074 1.198416
-6.456248 8.022706 3.746561 -2.337537 10.223789 1.356472
4.166471 11.805739 -8.393929 0.958742 7.874925 -1.931517
-7.336577 4.979036 11.176207 -0.827672 6.034155 1.260838
-15.644596 13.188635 -7.438792 -1.420324 4.702671 -0.675345
-5.622940 4.532156 13.308056 -0.490553 5.528741 1.161014
-13.889121 -1.016386 9.950489 0.193134 4.520679 -0.138366
-0.121702 3.244338 6.878134 -0.038218 12.300090 2.159927
4.095534 -15.541669 12.452729 -0.533632 5.788157 -1.622541
-8.161694 -2.301805 11.014096 0.456722 5.757025 -0.616340
-4.793580 -2.011039 3.408120 1.062565 15.113827 -0.755458
-4.788817 -7.098249 0.683765 2.659526 13.659444 -0.379737
-10.277115 -3.344237 -9.186531 0.791005 5.763925 0.707065
-12.046878 15.060260 10.354677 -1.229641 5.023082 1.056916
14.673333 -2.644791 -7.663921 -0.562827 4.707933 0.293966
12.798808 -7.828582 -2.267778 -1.917461 6.294530 0.339749
3.872924 -9.214056 -0.459023 -2.004748 12.889381 0.237605
9.311985 3.194329 -5.329747 1.272936 7.581700 -0.728570
-11.420806 -1.682900 -1.096995 0.752569 6.979377 0.072286
-7.125600 -3.549437 -3.850783 1.866079 10.314460 1.008458
-12.485368 12.953844 9.484853 -1.354687 5.167421 1.029125
3.375071 -7.809053 1.765930 -2.015668 14.248670 -1.054653
-4.277047 -9.222230 -7.031046 1.310220 9.223874 2.153874
2.490194 -6.414531 4.455407 -1.365717 13.801786 -2.443515
11.501205 7.653143 12.317757 0.965163 4.792938 1.033687
12.247239 8.084467 -0.438174 2.074446 6.675337 -0.074218
-9.018262 -14.250195 -3.703317 1.715528 7.176035 0.704475
-12.245787 -12.262872 -6.471226 1.649103 5.804397 0.871461
-5.071844 15.252570 -11.495497 -0.703700 5.992516 -1.594959
3.908902 -15.020300 11.005369 -0.595170 6.319608 -1.675679
-12.503556 -3.559340 -0.265661 1.293728 6.420455 0.027488
9.334516 -0.680170 -7.179976 -0.237984 6.756149 0.183054
9.503906 -9.583311 14.892870 -0.789267 4.604406 -1.236802
4.738802 -15.211744 14.673904 -0.503644 5.140742 -1.559554
11.621151 -9.513832 15.386161 -0.789111 4.197086 -1.044767
-2.550011 15.289067 0.499971 -0.702463 9.215428 0.137729
-2.995381 -4.137678 7.777996 0.820562 9.969021 -2.130723
8.628207 10.202291 8.667279 1.473171 6.605760 1.479842
-11.293613 -14.340900 -6.360311 1.569206 5.959064 0.883742
-5.419151 -3.589012 2.219741 2.116166 14.249896 -0.866804
-7.241742 15.222945 -3.916042 -1.461908 7.527288 -0.790541
-9.083893 -3.211983 -1.663889 1.728835 8.950469 0.316669
1.566430 -9.992568 -1.698432 -0.829535 13.183731 0.899439
14.082951 -11.789670 9.619990 -1.315919 4.789127 -0.898898
-8.210579 -5.477961 12.488989 0.753775 5.369371 -1.146556
-1.217183 13.664731 -15.561282 -0.131607 5.162805 -1.682554
1.683015 -13.616895 0.165207 -0.576967 10.375904 -0.056636
8.222258 -11.429001 -8.928125 -1.384212 6.557642 1.503045
10.898096 8.048070 2.266076 2.201912 7.327382 0.457851
2.845542 -9.720291 0.512314 -1.505515 13.137641 -0.271054
12.754921 -2.155715 -13.727542 -0.285703 4.117638 0.307489
14.102644 8.997647 -13.624524 0.896764 4.110667 -0.866361
-2.601300 -11.124257 12.288429 0.418666 6.392690 -1.977761
4.943544 13.750988 -0.967673 1.434077 9.309369 -0.280713
15.685424 -13.564187 -8.548251 -1.343829 4.561259 0.732360
9.860031 2.905270 13.463169 0.403550 4.675252 0.551019
-4.048999 -15.926365 -1.015170 0.983720 8.564714 0.246640
-11.578191 -10.957787 -9.137073 1.420308 5.526749 1.120854
-9.525441 -2.506246 2.054257 1.323721 8.415983 -0.285474
10.450691 -15.091432 -14.019090 -0.914930 4.619012 1.227334
-4.977814 -2.531018 -12.853834 0.299595 5.731003 0.773623
8.598786 -7.855284 15.607332 -0.640742 4.521274 -1.162987
4.890425 -13.835795 13.027815 -0.627987 5.681397 -1.672922
-1.549006 9.707595 7.115351 -0.523937 9.813560 2.406702
-6.769509 -0.199521 -14.406132 0.022635 4.867069 0.048169
-14.728241 -5.202519 13.361061 0.622570 3.940639 -0.564779
7.523516 8.468257 -2.499450 2.492472 9.671330 -0.828045
14.632005 2.123484 3.358504 0.595867 5.212388 0.136770
12.623661 -8.499558 -8.902604 -1.350183 5.276967 0.952192
-12.754896 -7.005897 -7.756240 1.357171 5.432969 0.825295
12.395298 -2.832117 1.163604 -1.070965 6.419101 -0.100536
-12.103086 0.027299 14.459797 -0.003436 4.070612 0.004105
12.560773 -15.599240 15.464173 -0.871683 4.085181 -1.073171
1.841588 10.139099 -8.585716 0.499693 8.601737 -2.329631
-13.903860 12.460482 -0.353069 -1.852398 5.772433 -0.047039
-7.609695 -7.617058 -3.783709 2.363312 9.357863 1.175091
-8.934753 -8.072907 3.358868 2.325951 8.420842 -0.874402
13.547604 4.657910 1.123233 1.401860 5.911838 0.116228
-10.847609 -15.798432 11.357478 1.104092 5.031272 -1.155987
11.450695 11.915269 -10.400503 1.284419 5.261528 -1.166620
-15.159887 -0.714579 -1.520792 0.204359 5.102919 0.020501
0.393022 6.944965 11.642008 0.070916 7.033925 2.100655
-0.229939 8.827030 -15.820304 -0.023647 5.152461 -1.626961
-9.208195 -8.107214 -3.532704 2.277851 8.180328 0.873893
11.568214 -10.426554 10.725410 -1.244363 5.180243 -1.153704
-10.919426 -10.977781 -4.424183 1.945349 6.762820 0.788190
-0.753023 11.494352 2.890270 -0.318862 11.555554 1.223863
-6.729631 -11.124179 2.285459 2.090616 9.409033 -0.709997
8.627535 -1.857608 -8.764800 -0.523711 6.467412 0.532043
-6.321791 -1.578969 11.941387 0.257213 5.825807 -0.485855
13.108816 -12.625296 -13.705771 -0.999008 4.306864 1.044501
-6.865303 -15.945684 0.775800 1.434922 7.767680 -0.162150
14.628868 8.495413 -6.022133 1.485012 5.147056 -0.611321
-15.381911 4.730355 7.591361 -0.892195 4.600342 0.440321
11.698468 11.537668 7.489429 1.587490 5.825282 1.016321
1.655746 -3.789178 -5.474399 -0.683199 14.430891 2.258863
9.260816 3.203136 13.360377 0.444581 4.817782 0.641387
8.486606 -8.460314 -12.191034 -0.985767 5.495215 1.416058
-15.716716 -13.534785 -4.378512 1.581609 4.965630 0.440620
13.590671 -5.607331 -15.025539 -0.580442 3.874488 0.641723
11.111062 -1.532957 1.044874 -0.717593 7.194088 -0.067482
4.450872 -12.812854 0.631575 -1.476749 10.024198 -0.209550
-6.764615 -8.167891 -15.136404 0.608355 4.891551 1.361247
-0.522968 -14.545826 -13.212348 0.070248 5.851490 1.774769
3.095091 4.095699 11.593747 0.393873 6.742878 1.475390
13.316904 -0.204368 10.345990 -0.038813 4.578028 -0.030154
-10.266472 1.286527 13.646140 -0.180426 4.526562 0.239821
-13.933697 9.253449 -10.856242 -1.142899 4.598978 -0.890473
-14.626311 1.162280 11.929833 -0.175361 4.072444 0.143032
-5.339549 -8.702583 -5.998311 1.724627 9.520808 1.937401
-8.730245 0.586038 -12.602683 -0.094967 5.067861 -0.137091
-10.296145 8.912091 -8.934030 -1.442892 5.998623 -1.252007
5.506386 -1.668084 -12.463306 -0.230984 5.775186 0.522815
-4.368583 -9.039184 8.678390 1.087372 8.168993 -2.160113
12.705312 6.013366 -0.107230 1.801966 6.413326 -0.015208
15.132786 -9.813874 -13.412542 -0.932336 3.996439 0.826351
-9.187964 -0.419308 7.800083 0.136424 6.581645 -0.115817
-12.925084 14.147180 -0.043005 -1.816285 5.990730 -0.006043
9.809334 6.363764 -13.107546 0.793915 4.900239 -1.060854
10.434540 -5.173105 1.489383 -2.047551 7.788924 -0.292259
3.936019 -4.934900 -7.876555 -1.068956 9.378239 2.139138
-2.874283 7.420086 4.890813 -1.400504 12.412303 2.383065
-0.326872 10.076822 -9.828019 -0.077345 7.935134 -2.325537
12.469226 -3.321347 -15.311655 -0.362748 3.919977 0.445438
1.117462 -0.868360 -7.280201 -0.097317 11.720346 0.634012
1.115183 6.394739 13.938435 0.131576 5.804206 1.644535
-14.862059 2.596811 14.825987 -0.288747 3.662146 0.288046
-4.900793 13.211521 -5.236393 -1.271315 8.600308 -1.358374
7.602963 -2.879402 4.340026 -1.480225 9.497247 -0.844962
5.436630 -11.387565 -10.144310 -0.989674 6.852501 1.846651
0.482302 -10.904827 10.533094 -0.100737 7.401073 -2.200016
4.611560 -13.432746 11.697655 -0.690783 6.188684 -1.752235
9.598681 11.511413 -15.806189 0.759562 4.414502 -1.250774
-12.915723 -11.140977 -13.225059 1.015765 4.413257 1.040092
4.721022 14.771648 7.301630 0.950208 7.472774 1.469612
-14.013182 12.714356 -5.039200 -1.663802 5.423071 -0.598310
-1.140549 6.975364 2.842432 -0.768221 15.956834 1.914530
11.855822 -9.709057 -8.745614 -1.445506 5.548277 1.066297
-11.647551 -7.897129 0.542017 2.158669 7.013036 -0.100453
-12.394766 12.129733 9.941512 -1.323317 5.125168 1.061397
8.495869 14.613650 1.954731 1.726659 7.504352 0.397270
6.169653 -6.983190 13.351977 -0.678005 5.518504 -1.467295
11.121706 4.547305 -9.823822 0.909291 5.371360 -0.803178
2.600057 -4.412211 -9.574029 -0.529636 8.294582 1.950245
-0.691631 4.057359 12.022855 -0.086680 6.714910 1.506783
-3.722541 -9.693119 -6.229174 1.264445 9.838517 2.115879
2.335786 4.104032 -5.301424 1.012615 14.089742 -2.298285
10.902613 -2.457647 1.893489 -1.111288 7.296025 -0.193001
9.695657 12.296890 -0.882852 2.082052 7.584467 -0.189584
-14.984850 8.174262 -10.831582 -1.043906 4.355029 -0.754573
2.602894 12.630155 3.479930 0.889705 10.194531 1.189487
11.631414 -2.421591 -12.454909 -0.379279 4.558754 0.406132
-2.321068 10.608464 -7.787777 -0.665528 8.916115 -2.233016
14.653513 -11.283652 6.310652 -1.553005 5.117600 -0.668814
9.553250 -8.330224 7.796916 -1.606698 6.630590 -1.311312
13.311706 -5.432683 -7.631179 -1.138988 5.217402 0.652946
-6.044538 0.206127 12.361777 -0.031120 5.690646 0.063643
-5.319853 14.624839 8.805777 -0.940851 6.890228 1.557360
2.221861 5.835073 14.864569 0.209700 5.351685 1.402923
-11.900193 -0.350390 -5.651492 0.116965 5.967534 0.055548
13.734719 0.413762 -5.137028 0.119324 5.314116 -0.044629
-12.659292 12.197889 -11.963977 -1.137847 4.688364 -1.075350
0.797503 10.309837 5.416226 0.316553 10.910164 2.149862
10.630031 2.727860 7.780027 0.769928 6.029514 0.563504
2.574844 -0.954621 9.147609 -0.153606 8.626979 -0.545713
-5.698157 -10.312891 -12.270730 0.817901 6.015991 1.761313
-13.022483 6.486907 -7.416068 -1.318548 5.393162 -0.750889
13.173746 -11.104322 0.167016 -1.964195 6.130637 -0.024902
9.650417 6.753687 -15.272118 0.635555 4.420570 -1.005787
8.246849 14.509357 -8.592054 1.260564 6.307805 -1.313329
10.613510 2.231278 -8.593143 0.582863 5.778624 -0.471910
15.302414 13.314634 9.527843 1.290120 4.524735 0.803276
-15.928819 5.313330 -1.736616 -1.203725 4.974256 -0.131234
-7.495459 11.269293 -10.582827 -1.143411 6.207714 -1.614380
-12.048259 3.273355 4.267915 -1.102785 6.255963 0.390645
8.962784 -6.679750 5.150003 -2.011054 7.927922 -1.155549
7.462083 14.877096 15.776501 0.657540 4.633194 1.390186
8.157581 -6.727713 -1.898506 -2.600675 9.630182 0.605253
-7.642847 -3.863744 -10.992778 0.713106 5.973628 1.025667
6.439207 -10.989999 8.945515 -1.262271 7.138642 -1.753580
-2.765489 -1.729970 14.696613 0.093569 5.223696 -0.497251
6.459120 -14.485540 10.559221 -0.944577 6.144922 -1.544172
2.946178 9.450835 0.568235 1.597358 13.328891 0.308085
1.700911 8.673211 3.311125 0.946647 13.516822 1.842816
-11.597868 9.104035 -5.576312 -1.818281 6.344677 -0.874238
-9.408758 2.043267 -6.355708 -0.762643 7.073673 -0.515173
9.961713 8.972978 14.779511 0.790761 4.549477 1.173198
-13.028514 7.041378 -5.625673 -1.558141 5.733536 -0.672801
12.454733 -14.772356 -4.287563 -1.666215 5.846280 0.573597
-3.055472 6.690191 -10.604438 -0.606221 7.429683 -2.103974
8.134028 -13.202499 1.366598 -1.914741 8.091366 -0.321696
11.769707 3.124198 4.959704 1.037756 6.254446 0.437306
7.593032 -6.159858 -2.693205 -2.545590 10.059613 0.902906
2.483090 -4.252139 -5.980917 -0.993688 12.726841 2.393455
15.427892 -15.939714 -7.118436 -1.391393 4.706230 0.641989
-11.065022 -2.612439 12.108228 0.430279 4.753536 -0.470845
4.177162 13.944370 -13.071334 0.545289 5.737323 -1.706339
15.529239 10.734248 12.341925 1.036094 4.095933 0.823440
-1.536426 -12.734070 7.173981 0.408776 8.688187 -1.908684
-12.802703 15.716563 -11.280658 -1.152603 4.697953 -1.015576
-0.661323 -1.458443 -11.547281 0.037259 6.910120 0.650574
-11.216905 -1.936607 -5.458975 0.682751 6.369509 0.332277
1.240992 2.396612 7.406761 0.272157 11.315364 1.624346
5.615837 -7.727077 7.483011 -1.512296 8.611484 -2.015109
5.627768 4.849695 -7.457704 1.358966 8.831730 -1.800850
-6.199400 5.376162 -14.240532 -0.510918 5.147116 -1.173621
-5.422096 -3.743823 -11.949847 0.518699 6.100210 1.143169
4.216884 15.548126 13.544595 0.497649 5.465350 1.598443
-13.842322 1.077678 -5.104613 -0.306138 5.286926 -0.112894
15.402059 4.684308 9.699917 0.757315 4.314869 0.476943
-15.063459 2.039784 -8.527112 -0.399423 4.475232 -0.226105
-3.527049 -0.547424 5.336909 0.215317 14.076282 -0.325804
-3.487894 10.481439 -4.444827 -1.337725 10.688881 -1.704741
-8.094202 -0.374683 12.266460 0.063308 5.301299 -0.095941
15.093071 -12.265690 -10.760571 -1.200434 4.406754 0.855847
-13.578379 -11.269638 12.427098 1.080311 4.433810 -0.988714
6.889481 9.159831 8.435192 1.439504 7.400940 1.762469
-5.540949 -3.163345 -4.885552 1.552520 11.423692 1.368885
0.696514 -13.403646 0.748265 -0.248370 10.616184 -0.266824
-1.857317 2.380426 13.481071 -0.109288 5.805975 0.793248
14.019879 -2.893401 -12.963350 -0.394057 4.051564 0.364361
15.125198 -10.770854 13.166838 -0.985949 4.049937 -0.858292
-12.216714 -1.658612 -6.658362 0.482079 5.645240 0.262743
-7.559148 0.456282 0.779522 -0.333390 11.288327 0.034380
9.041219 1.039843 14.800402 0.123302 4.449988 0.201844
5.510425 1.488453 10.849251 0.278347 6.532304 0.548025
14.402645 -9.666874 13.726263 -0.915497 4.062811 -0.872503
12.683315 3.052827 1.143920 1.104565 6.271272 0.099622
-1.130452 7.315767 3.056140 -0.736854 15.350218 1.992060
2.163902 12.752821 12.642997 0.323026 6.155831 1.887338
15.888397 -2.586858 6.753327 -0.531917 4.500406 -0.226090
-13.231308 15.776158 0.185069 -1.687485 5.726007 0.023603
-4.581149 6.271883 -2.328376 -2.505258 13.852053 -1.273301
2.038162 0.678718 7.689891 0.123898 10.662598 0.467462
-1.677841 -14.350540 13.458976 0.219521 5.757011 -1.760908
11.881545 -3.469720 5.193640 -1.100994 6.167242 -0.481265
5.638842 4.802423 7.709440 1.298582 8.632766 1.775425
-11.987648 -7.183127 3.808484 1.871894 6.505211 -0.594702
10.792177 6.502805 -10.262497 1.110411 5.429981 -1.055912
-8.309739 5.133814 10.692195 -0.927839 5.957809 1.193856
1.902398 -1.967913 -10.702342 -0.165615 7.424239 0.931702
-12.762502 -6.130929 6.795354 1.361434 5.590917 -0.724891
-10.587037 -2.229753 14.833913 0.264841 4.241651 -0.371079
10.168325 12.651907 2.830336 1.958447 7.128446 0.545130
8.760924 0.157171 -3.300893 0.089927 8.772800 -0.033882
8.558084 1.812226 -5.565984 0.800863 7.963764 -0.520863
4.163718 14.808441 -13.601562 0.502470 5.511797 -1.641412
-3.789929 3.326773 13.193836 -0.293514 5.789265 1.021808
-3.202122 -9.799691 -10.457348 0.657041 7.315475 2.145734
-1.029729 -5.010640 -14.382185 0.097121 5.561569 1.356490
-7.984661 14.751442 -2.752637 -1.643028 7.574951 -0.566418
-2.565869 -8.782449 -3.595880 1.318701 12.800520 1.848065
1.859245 -10.063401 2.847825 -0.911344 12.514630 -1.395915
10.948443 -1.791695 -9.612425 -0.411166 5.374172 0.360992
-4.970454 14.705290 3.160282 -1.241662 8.565274 0.789465
10.652819 12.158123 1.921444 2.039396 7.079721 0.367845
5.460183 -3.023066 -4.848921 -1.504016 11.588220 1.335643
15.592093 9.603340 12.709700 0.962938 4.014151 0.784927
-7.630050 -5.655227 14.853934 0.543028 4.770490 -1.057149
-3.672086 1.906553 -14.755205 -0.130375 5.135541 -0.523873
12.599126 8.999589 9.187258 1.344851 5.233521 0.980663
-12.037894 -11.400145 -2.783922 1.974627 6.462805 0.456658
12.130258 -13.708327 -13.846440 -0.982538 4.429770 1.121548
8.054113 9.112353 0.369625 2.539843 9.384663 0.116560
-0.516222 -10.557805 -10.090410 0.115651 7.697867 2.260586
-11.275087 -7.788486 11.558240 1.054227 5.020317 -1.080702
2.756074 3.616631 15.584840 0.158142 4.973342 0.894251
-5.603962 -0.210227 10.141609 0.046203 6.875057 -0.083615
4.171481 -6.916846 -9.917647 -0.876096 7.614952 2.082907
-4.430593 -5.749377 -12.123439 0.592380 6.298005 1.620929
-5.759594 -8.130025 10.586247 1.007860 6.785157 -1.852466
-10.763406 0.341096 8.473457 -0.092770 5.719188 0.073033
-6.388421 -10.016122 3.781441 2.078167 9.596520 -1.230111
-2.996336 -0.307507 -13.066180 0.024678 5.855088 0.107614
15.804819 -9.055889 8.581148 -1.233830 4.508291 -0.669902
15.562812 -6.012930 15.903829 -0.546145 3.515888 -0.558112
-4.998887 -0.703069 -0.702364 0.074843 19.446623 0.010516
-5.063467 -7.273596 -10.506812 0.922875 7.022713 1.914987
9.972497 -7.328017 -3.275951 -2.213952 7.783386 0.727280
-3.526221 4.899310 -10.980320 -0.553749 7.072628 -1.724321
10.758464 -11.421948 4.760524 -1.896089 6.728741 -0.839002
12.022365 -6.880965 -7.011136 -1.485968 5.848264 0.866579
9.744476 5.531391 -10.908955 0.948970 5.498017 -1.062374
-10.128031 13.689528 11.534084 -1.124564 5.238410 1.280685
1.141106 9.188152 -3.258382 0.615780 13.260260 -1.758333
-15.661139 -6.868820 -8.746276 1.061315 4.458287 0.592713
9.515866 -11.029057 -3.131970 -2.111684 7.670088 0.695022
15.305255 -7.109656 4.451755 -1.409063 5.069293 -0.409846
5.916129 13.330989 14.798874 0.621223 5.079094 1.553956
13.892579 2.580491 14.982385 0.289672 3.767102 0.312395
-13.844228 -15.057996 7.308373 1.444745 5.085215 -0.762682
3.596479 -3.419526 5.706337 -1.200397 12.503907 -1.904605
10.674441 15.768233 5.658901 1.508420 6.083517 0.799667
6.833917 4.896619 -1.483753 2.650060 11.688598 -0.575370
-1.293847 -8.993556 4.277951 0.648032 12.589510 -2.142640
-4.676204 -15.439610 13.788123 0.535115 5.366322 -1.577825
2.654826 4.122765 7.950104 0.718646 9.912245 2.152046
-7.322393 -3.625846 15.753065 0.328016 4.500544 -0.705679
-7.998304 -3.896322 13.243793 0.518983 5.107522 -0.859345
-7.714328 -11.444326 -10.454280 1.169331 6.186886 1.584650
-10.154852 -8.853943 -15.586443 0.725716 4.344608 1.113885
-14.763461 5.623520 7.282389 -1.085102 4.843412 0.535250
7.221708 -0.102207 -0.615954 -0.076191 11.988835 0.006498
10.292566 4.784366 8.474516 1.137564 6.043465 0.936628
12.694182 2.096084 14.754162 0.248658 3.955586 0.289009
1.845333 11.098917 4.310915 0.726943 10.954221 1.698225
14.615023 3.836175 -9.642814 0.673311 4.469397 -0.444243
3.788383 -8.286505 10.910004 -0.718367 7.065318 -2.068795
15.925045 10.305039 -0.309879 1.677480 5.130445 -0.032641
-1.992498 11.582247 -12.065674 -0.330295 6.503569 -2.000120
6.214647 -9.069671 -12.186711 -0.867329 5.976593 1.700803
12.446091 -11.946087 -5.942728 -1.697810 5.842893 0.810666
-1.175422 -8.116705 10.604816 0.255667 7.619324 -2.306665
15.666169 -14.803696 12.697411 -1.066676 4.045951 -0.864540
-2.388880 4.448872 -1.029096 -0.341698 19.756130 -0.147199
-2.300214 -1.935935 8.389893 0.323297 9.570329 -1.179208
-8.990423 14.792254 9.631517 -1.201393 5.843216 1.287063
-11.052634 -15.468915 -5.387096 1.555505 6.053529 0.758159
-8.889156 -12.236154 7.846111 1.507239 6.602972 -1.330381
-13.186989 -5.533768 -6.802486 1.240651 5.413900 0.639988
8.891262 13.764936 0.016278 1.891791 7.647642 0.003463
-3.500839 -5.607390 0.605323 2.177691 16.923059 -0.376540
-6.128321 6.772026 -14.485955 -0.566952 5.130563 -1.340145
12.169314 10.214379 -7.839793 1.542879 5.640660 -0.993963
-15.638226 7.444149 -9.549410 -1.056446 4.375814 -0.645114
-1.963197 -5.229728 1.356128 0.986801 18.966444 -0.681658
12.816669 -4.241705 7.982167 -0.949500 5.258328 -0.591344
2.473506 -12.465119 6.562651 -0.693764 8.953589 -1.840679
9.876522 -1.419030 -3.040467 -0.713363 7.843365 0.219607
8.416101 6.215088 -8.000610 1.469618 7.053287 -1.397065
12.206184 12.806844 9.017517 1.402366 5.328097 1.036020
-7.662877 14.368438 7.673380 -1.306387 6.723039 1.308177
-15.046605 11.119995 0.211972 -1.778860 5.418402 0.025060
-15.707616 -10.788755 -8.490306 1.319470 4.570214 0.713202
5.210062 -12.162702 -8.735289 -1.073847 7.394035 1.800432
-12.773865 0.538393 -10.095534 -0.108071 4.753026 -0.085411
-8.466200 12.479167 9.976119 -1.237959 6.078440 1.458745
-8.035502 13.868034 -4.795270 -1.625480 7.421822 -0.970022
-11.170109 5.628346 3.490159 -1.834023 6.985076 0.573050
0.764887 15.024119 -5.486294 0.189450 8.557223 -1.358868
3.337332 -9.117096 6.647408 -1.147890 9.893635 -2.286405
5.659606 -4.641286 -15.950632 -0.334892 4.663818 0.943836
-5.071394 -10.294369 3.940429 1.819757 10.225065 -1.413935
-7.992264 -10.623249 -2.139411 2.248698 8.814949 0.601943
1.733223 -13.949056 14.098299 -0.215307 5.579277 -1.751343
-9.452199 -3.731110 -6.402684 1.262012 7.103248 0.854856
14.691772 11.649234 -10.657841 1.210769 4.499840 -0.878327
12.308127 2.877601 -5.551981 0.877106 5.875163 -0.395647
14.697321 7.846497 -9.471599 1.145109 4.613555 -0.737958
15.537145 4.625225 5.152029 1.000482 4.834001 0.331754
-0.938610 -3.369634 -15.770431 0.050883 4.973846 0.854935
8.335240 3.336762 7.091465 1.126822 7.423721 0.958679
-3.550743 8.534674 -11.282209 -0.646414 6.897261 -2.053930
15.977235 8.889351 -4.111076 1.503287 4.933458 -0.386808
4.639242 -11.259727 3.284547 -1.645573 10.251533 -1.165053
13.417508 8.186328 8.238499 1.357072 5.166136 0.833258
8.522648 -11.010431 -6.978350 -1.670956 7.139743 1.368180
7.032758 -12.215781 -5.980310 -1.603486 7.857537 1.363526
-14.742290 -9.822969 5.835856 1.553571 5.152584 -0.614994
10.525332 15.574067 12.265669 1.033313 4.925732 1.204168
8.223489 11.389794 11.850919 1.047745 5.632514 1.509911
4.480901 0.320377 6.038068 0.141098 11.441885 0.190131
7.311418 -13.747299 10.942168 -1.018210 5.946123 -1.523840
-11.614066 11.752490 4.559040 -1.859906 6.381821 0.730096
-8.108509 -4.578217 -0.571830 2.443997 10.188887 0.172356
-9.700624 3.031262 -1.269972 -1.563419 8.392851 -0.204677
8.817046 9.423328 7.298237 1.694722 7.061803 1.402792
-0.471575 1.704173 -6.508060 -0.088491 13.478444 -1.221241
-5.668218 -12.887130 12.756095 0.743643 5.729658 -1.673538
-4.639555 -3.165051 -0.981680 1.372257 17.462905 0.290355
13.921426 5.779215 10.302065 0.917126 4.591314 0.678687
-10.235600 -9.973145 -12.092761 1.083671 5.157397 1.280294
15.653374 4.610188 -1.406860 1.117033 5.050356 -0.100394
0.644880 5.815990 10.278091 0.139642 7.978534 2.225613
4.380097 8.526486 -15.240650 0.442908 5.134884 -1.541107
-10.643979 15.117606 11.689052 -1.092848 5.040619 1.200149
-2.223480 -3.277205 -11.194996 0.268511 7.084881 1.351923
-12.351331 -1.916011 -12.372011 0.299926 4.426006 0.300428
9.632244 3.192522 -4.249085 1.374390 7.742364 -0.606287
12.224968 -9.400850 -12.002489 -1.079374 4.751683 1.059731
-9.760640 12.576248 -11.347076 -1.151581 5.403811 -1.338752
-13.537643 4.824701 5.566833 -1.197253 5.463695 0.492324
-7.578742 -2.079372 -2.633251 1.320410 10.508950 0.458779
10.073464 4.946986 13.589044 0.627793 4.678008 0.846889
15.364414 -10.697376 -4.159131 -1.628810 5.133377 0.440917
3.644959 13.696799 -10.318448 0.638353 6.792731 -1.807102
-9.871319 -15.942011 6.338198 1.424970 6.171120 -0.914948
8.885425 -15.508266 -15.479229 -0.746866 4.522812 1.301109
8.019283 1.111930 -7.554923 0.392103 7.287586 -0.369398
2.445474 -4.882535 8.027520 -0.719003 9.843436 -2.360201
12.558248 -15.956484 7.623242 -1.394652 5.291196 -0.846596
8.478121 -7.319930 6.264403 -1.867760 7.752301 -1.380070
-3.788586 -6.536110 2.487094 2.232447 14.523327 -1.465535
8.289675 13.087067 12.635697 0.954698 5.337065 1.455217
-11.771940 6.503384 2.103815 -1.969237 6.845349 0.351931
8.431564 10.418091 -12.517397 0.988770 5.412747 -1.467916
6.343124 -9.074752 -3.330798 -2.270808 10.139837 1.192410
-13.852476 14.283575 2.838447 -1.714589 5.576461 0.351329
5.022233 -2.347154 -5.285290 -1.129077 11.710485 1.188216
-8.629283 -8.177955 -3.201198 2.368097 8.670607 0.878491
10.568831 -11.691051 13.641310 -0.964428 4.734032 -1.244798
-15.249377 15.629154 10.036317 -1.232127 4.428670 0.810920
9.867097 9.095928 7.525352 1.652935 6.569934 1.260646
13.430786 -11.357976 7.342549 -1.538500 5.326155 -0.841091
-14.321167 -4.544026 7.296748 0.953527 4.926913 -0.485830
2.347157 0.152718 -14.250550 0.007853 5.400640 -0.047680
7.225018 -9.427956 0.319766 -2.505986 9.954515 -0.110910
15.235340 -0.561177 5.686331 -0.134787 4.759298 -0.050307
-3.949704 4.449498 -12.497845 -0.432156 6.140898 -1.367449
-12.691299 -11.378864 6.590363 1.641703 5.678268 -0.852507
-9.649542 -9.752882 4.404139 2.075158 7.511248 -0.947121
-5.424694 3.802580 -10.852282 -0.636288 6.648866 -1.272915
-12.157045 0.346164 -8.157598 -0.088782 5.322925 -0.059574
-10.599496 -14.643237 14.285749 0.906918 4.559173 -1.222323
2.325427 5.636061 13.073509 0.288123 6.105723 1.619822
14.695135 5.556757 15.549345 0.538031 3.654299 0.569306
0.117650 -3.013903 -10.614537 -0.015729 7.664784 1.419057
-2.880056 3.116590 -5.126952 -0.994725 14.465742 -1.770766
14.224728 -12.546306 13.350199 -1.022835 4.185773 -0.959952
2.181633 -4.634880 -8.682290 -0.558157 9.235725 2.221310
-12.219896 -12.391926 -14.737405 0.911531 4.265784 1.099322
-7.802284 11.858990 -12.247686 -0.978071 5.581700 -1.535334
-15.134382 0.013103 -5.303490 -0.003256 4.828309 -0.001141
-4.268284 -14.736293 -1.914588 1.142920 8.965969 0.512670
-3.638551 15.633993 14.719482 -0.391229 5.185210 1.582689
-3.072501 13.553023 2.636994 -0.965654 9.782671 0.828779
-10.611138 15.219043 -3.341034 -1.680720 6.482336 -0.529193
-0.227551 6.548124 -8.618759 -0.069281 9.413622 -2.624079
-0.539114 -8.295640 -8.060030 0.175775 9.584615 2.627933
-4.685920 13.244326 4.898394 -1.253660 8.774014 1.310504
-3.471690 -5.120189 -2.805099 1.948976 15.910416 1.574758
-11.311479 12.078768 -4.126898 -1.888033 6.539591 -0.688833
-0.409315 -12.771112 13.077786 0.059346 6.055912 -1.896130
0.445886 15.854641 -12.515142 0.060352 5.933898 -1.693950
-7.584965 3.680825 -3.027523 -2.005404 10.215019 -0.800453
9.725608 3.003824 11.737986 0.523709 5.155662 0.632072
9.488169 -15.245404 14.071056 -0.869850 4.737868 -1.289996
-11.293010 -4.877003 1.259657 1.827516 7.185087 -0.203847
12.289662 -6.350591 -15.047836 -0.644408 4.075412 0.789033
-12.460635 9.475802 -9.550850 -1.329296 5.202127 -1.018881
5.431082 5.882331 14.620511 0.470779 5.144188 1.267340
15.991322 -8.422213 11.022296 -1.005337 4.138200 -0.692946
-3.383032 -8.950853 -5.133990 1.397558 11.092392 2.120893
-9.449246 15.962656 -15.589149 -0.761342 4.425346 -1.256044
11.292440 6.567751 2.038693 2.062472 7.142493 0.372351
-8.856594 -5.746482 14.370200 0.620297 4.718734 -1.006458
10.232648 -12.074287 -1.920670 -2.061690 7.291183 0.386980
14.335615 -14.951316 0.993699 -1.697790 5.457449 -0.117685
7.312612 -7.527711 -2.878797 -2.527184 9.978288 0.994891
13.777563 3.651926 11.202921 0.585154 4.396999 0.475805
6.315430 -8.724525 -11.085672 -1.002054 6.405988 1.758937
3.597658 -5.709709 -13.772111 -0.381677 5.669224 1.461090
-14.178613 9.887714 7.156584 -1.490990 5.144036 0.752570
11.210026 -15.572468 3.190747 -1.661501 6.248822 -0.472918
-11.211578 12.327456 3.918375 -1.890283 6.584429 0.660642
-14.762701 11.798833 -8.038027 -1.418832 4.858118 -0.772529
14.404934 -5.381835 8.947611 -0.950948 4.681842 -0.590680
0.209305 -0.806260 -6.341644 -0.018811 14.186856 0.569948
15.813576 12.124125 15.901736 0.834464 3.619400 0.839117
-13.134824 3.450557 -0.072302 -1.173139 6.080259 -0.006458
-6.619592 3.781713 14.700529 -0.375754 4.881345 0.834459
7.819387 4.689951 -4.447712 1.994338 9.187580 -1.134391
2.562756 -15.841008 -7.778571 -0.494685 7.373693 1.501487
4.503920 4.767662 -11.958487 0.549457 6.326925 -1.458880
-4.850536 15.015507 -9.041771 -0.839487 6.826603 -1.564868
-10.877343 0.155306 -4.292830 -0.064733 6.804762 -0.025547
0.683138 -13.864016 5.734018 -0.186448 8.962209 -1.564975
-3.051644 -13.034020 0.729808 1.065845 10.406120 -0.254899
2.886270 -5.942253 -8.450400 -0.815860 9.178418 2.388669
12.351355 4.390202 -6.110295 1.183705 5.813151 -0.585586
9.039787 -3.012581 -0.742074 -1.699258 9.129518 0.139492
-11.343230 -6.289846 -4.324266 1.813706 6.735815 0.691421
10.325541 -8.866199 0.653079 -2.348800 7.768318 -0.148559
-8.178999 7.804380 -11.233643 -1.066235 5.877721 -1.464447
-0.306977 -7.712344 6.747316 0.125596 11.051212 -2.760582
12.197861 15.378731 6.048742 1.527396 5.649286 0.757413
-15.833096 7.650558 7.379548 -1.219884 4.612386 0.568568
10.129802 7.613362 -11.177928 1.093915 5.390262 -1.207102
13.838698 -7.688327 9.886590 -1.139189 4.747337 -0.813855
-11.863981 -13.370660 -6.933818 1.573194 5.773397 0.919442
-12.806528 -5.824930 -10.951611 0.909547 4.730598 0.777807
11.892382 8.900448 11.906095 1.071306 4.832102 1.072541
2.712971 -8.460104 -14.689453 -0.311376 5.463313 1.685951
-12.999614 -7.326489 -7.147715 1.433010 5.478543 0.787927
-6.754540 10.687748 7.151393 -1.557279 7.831302 1.648775
2.313719 -2.329832 -8.305993 -0.389614 9.666842 1.398672
3.044761 -7.552031 9.892366 -0.695048 7.874713 -2.258198
13.364822 1.337722 -14.699737 0.159132 3.861654 -0.175026
5.922176 -5.894002 13.670770 -0.574528 5.404849 -1.326242
-13.514368 6.667295 8.107002 -1.233558 5.116245 0.739987
-14.610064 10.695309 -8.614488 -1.363330 4.815967 -0.803856
9.071275 10.482168 1.742986 2.280001 8.231871 0.438087
3.237258 13.851714 -10.966162 0.535429 6.574533 -1.813757
0.555848 -4.115561 -15.354285 -0.038422 5.154990 1.061332
-12.733848 -4.999908 11.389358 0.779784 4.630287 -0.697452
11.227922 -5.891077 7.102701 -1.424773 6.111683 -0.901301
2.760929 10.584238 8.644803 0.704701 8.311548 2.206504
-5.829169 11.879907 5.893704 -1.504998 8.450180 1.521660
-12.062749 -13.231449 -14.022477 0.968494 4.413285 1.125837
9.579118 -0.000667 -12.924245 -0.000104 4.812235 0.000140
4.652024 5.053824 12.133771 0.566844 6.225364 1.478486
3.963875 15.983228 1.669002 0.952257 8.508778 0.400951
-1.345029 10.034645 -7.548050 -0.423839 9.411403 -2.378502
-8.089371 7.151905 10.840914 -1.081969 6.032778 1.449993
5.792819 -9.049560 1.862322 -2.394427 11.100094 -0.769780
-13.215472 11.491657 15.002704 -0.885129 4.072949 1.004832
-15.406645 -3.513866 11.634111 0.502460 4.019346 -0.379425
11.161817 -4.278694 -8.286866 -1.026423 5.752871 0.762047
2.432786 -3.643201 -15.519531 -0.143276 5.014482 0.914003
0.491201 -4.121428 -4.049490 -0.199750 17.815079 1.646749
-10.452144 3.145781 -7.670525 -0.892691 6.153696 -0.655120
15.828430 4.344660 9.219460 0.718489 4.274765 0.418493
9.782418 -9.643092 11.896521 -1.089790 5.305714 -1.325308
9.915636 3.055234 11.369319 0.557320 5.215755 0.639026
-2.913856 -8.106516 -5.974702 1.187850 11.001241 2.435622
9.208749 3.425331 0.527536 1.842202 8.963833 0.105533
11.059801 -12.773016 -15.159464 -0.861866 4.352809 1.181344
2.718615 6.184712 11.202890 0.480947 7.106217 1.981892
-1.012571 5.004845 -4.390469 -0.558468 15.943973 -2.421497
-11.500865 10.577884 14.029476 -0.929405 4.493785 1.133746
-11.675370 3.782003 4.680988 -1.249610 6.390495 0.501004
6.139808 -1.860501 -5.489628 -0.924132 10.200709 0.826270
-3.679906 -7.032297 2.479014 2.155270 14.225615 -1.451924
-11.892387 -0.517191 1.890249 0.218123 6.589078 -0.034670
12.317342 1.143014 -5.472455 0.368342 5.831303 -0.163650
3.513713 -14.221554 -6.184149 -0.840010 8.272024 1.478420
0.741439 3.793904 -9.315312 0.155104 8.839264 -1.948702
9.563578 -6.547737 15.530442 -0.602403 4.368574 -0.978252
14.416594 -4.244007 -15.008666 -0.452393 3.729590 0.470972
3.328549 11.699096 0.607102 1.344360 11.229512 0.245201
12.096894 -1.930252 1.225831 -0.783739 6.552074 -0.079420
-3.117877 -13.360111 -9.420165 0.616643 7.284616 1.863089
11.825169 -0.281375 6.587401 -0.086837 5.793402 -0.048374
5.825634 -10.353354 -14.687105 -0.624063 5.172113 1.573337
-11.231281 -15.252092 -8.589658 1.345581 5.502918 1.029097
2.049917 -3.607114 -9.016885 -0.423218 8.940084 1.861591
9.260257 -7.154604 13.011840 -0.851481 5.060208 -1.196439
-11.177093 -9.332161 -9.476013 1.368413 5.578851 1.160149
-10.064667 -11.611294 15.295561 0.814251 4.459920 -1.237440
-12.029788 13.627671 -6.265462 -1.612810 5.815688 -0.839998
-12.499218 -4.549997 -0.468802 1.553694 6.465564 0.058274
4.833009 15.208695 1.031178 1.216272 8.670258 0.259506
3.475942 5.979941 -9.973122 0.723987 7.774607 -2.077254
-2.056498 8.509015 -10.166467 -0.468008 7.785598 -2.313634
-10.615517 5.264249 1.966881 -1.999537 7.596393 0.370481
-8.984570 -5.214530 -9.911340 1.043177 6.040221 1.150782
-10.567211 3.641759 -13.974839 -0.464354 4.460255 -0.614095
-5.773926 10.814216 9.977197 -1.067260 6.902220 1.844199
-9.150567 -7.496646 -7.238425 1.678188 7.017238 1.327506
-2.982778 -9.404687 -3.819263 1.379816 11.967320 1.766769
-9.176832 2.246007 -3.168013 -1.168977 8.444346 -0.403553
-6.028628 -12.708386 -13.549208 0.720792 5.443541 1.619963
8.197089 -7.978858 -12.009551 -0.977428 5.610376 1.432029
-4.644585 2.444080 15.213693 -0.184538 4.907304 0.604467
-8.387052 15.408033 -3.268387 -1.571747 7.200414 -0.612501
-12.809231 14.186427 -13.541510 -1.012042 4.371265 -1.069898
-13.713377 -10.803430 14.678790 0.891408 4.043141 -0.954162
-13.338046 -10.098625 -4.131483 1.807950 5.843260 0.560016
13.254653 13.958531 8.628626 1.395235 5.091334 0.908282
-3.470625 7.816782 13.123622 -0.475422 6.021276 1.797733
5.066106 9.920262 -5.325300 1.674297 9.685232 -1.759958
-14.541137 -1.627290 11.541029 0.254474 4.149590 -0.201972
-10.256359 -11.863709 -1.646570 2.093479 7.337225 0.336090
-6.295710 -15.834544 9.517595 0.939561 6.289779 -1.420390
7.105196 14.949118 -15.293948 0.661772 4.774986 -1.424465
-12.125680 -2.399827 7.462241 0.638095 5.528290 -0.392689
-7.443438 -12.315162 -12.091239 0.962158 5.676363 1.562944
-3.810501 -4.736850 13.283075 0.383384 5.811202 -1.336444
-1.594832 -1.371541 14.249737 0.048279 5.457482 -0.431373
1.210767 -13.998699 -15.036624 -0.137234 5.302724 1.704317
-2.091077 -8.480797 4.624137 1.025116 12.393554 -2.266907
1.594204 -7.013134 -14.954588 -0.166847 5.390432 1.565125
-6.380812 6.329108 1.967755 -2.740650 11.672972 0.845179
-11.843590 -13.858038 4.289968 1.740564 6.136573 -0.630465
15.595147 12.873975 8.778991 1.333060 4.560792 0.750421
-14.924462 7.388412 -7.323753 -1.269774 4.854996 -0.623106
12.981571 -5.359373 -4.015262 -1.478056 5.945244 0.457170
6.373767 -13.908068 -2.739836 -1.587542 8.456121 0.682423
-10.818862 4.483281 -7.625233 -1.162312 6.077514 -0.819208
-3.466542 11.566249 1.116388 -1.399776 11.205959 0.450793
10.188311 8.499683 -8.087544 1.551830 6.287832 -1.231852
7.853501 13.777165 8.533794 1.282326 6.521211 1.393404
7.214009 -10.616817 0.440550 -2.300459 9.520163 -0.140486
-13.521850 0.191775 -13.117927 -0.027034 4.074668 -0.026226
11.120984 -1.132488 -2.963141 -0.496567 6.940002 0.132308
7.658422 2.213336 -7.278665 0.793817 7.674015 -0.754454
4.665625 0.034161 -3.787520 0.016951 15.360053 -0.013761
10.088271 4.571935 -0.721271 2.016416 8.128038 -0.144166
15.632458 3.669058 3.903947 0.866000 4.880328 0.216269
-7.210466 12.553120 -12.909341 -0.868453 5.464272 -1.554845
14.406701 6.321760 -9.839239 0.991447 4.574673 -0.677121
-12.095200 -5.598450 -3.068688 1.719834 6.524117 0.436341
14.079961 1.258895 0.761320 0.410118 5.554839 0.022176
14.597915 5.892449 8.454902 1.042150 4.727388 0.603599
-8.029605 1.707743 -11.491318 -0.319366 5.600546 -0.457051
-9.494804 4.397148 -10.011439 -0.908127 5.805364 -0.957540
1.185033 -4.020187 -9.618682 -0.239094 8.500431 1.940683
-15.757526 -5.972210 -2.009554 1.318706 5.047049 0.168174
-3.739618 3.249869 15.492922 -0.191787 4.922793 0.794557
11.234486 -3.180064 7.150797 -0.904741 5.977412 -0.575871
-9.274758 12.142850 -10.535964 -1.225249 5.742828 -1.391862
-5.912305 9.882695 15.198394 -0.588568 5.007112 1.512995
-15.950551 14.358403 -13.692154 -1.001004 3.885115 -0.859275
8.080452 -4.245012 -8.586814 -1.099081 6.879713 1.167954
2.166453 7.242104 -4.571629 1.160053 13.274247 -2.447933
-8.229976 -11.678561 8.623058 1.411924 6.632385 -1.479361
9.943283 -1.728773 0.102654 -0.946193 8.203309 -0.009768
2.992451 -13.350950 -6.690956 -0.756701 8.477249 1.691942
3.277442 -4.775675 -12.279263 -0.405454 6.364679 1.519074
-15.538338 -0.308669 -1.487135 0.084831 4.969799 0.008119
-8.090836 -14.710519 6.470336 1.414201 6.846990 -1.130953
7.168100 -14.813125 -8.544019 -1.158368 6.536690 1.380717
-11.292393 -2.769132 3.099058 1.113688 6.864749 -0.305638
4.360050 8.373751 1.423877 2.283351 12.958789 0.745682
5.232604 0.113990 10.207094 0.024008 6.952997 0.046831
1.028073 2.837250 -5.280710 0.315218 15.978868 -1.619120
13.252700 14.126781 5.263209 1.628510 5.549675 0.646750
5.190878 -2.882716 -8.622139 -0.755030 8.128155 1.254119
-5.540628 -0.598944 14.002336 0.064710 5.166170 -0.163535
-9.500162 -6.775986 13.988633 0.738479 4.747205 -1.087383
-1.332521 8.865808 6.954273 -0.488783 10.289984 2.550900
-4.455929 -12.457661 -13.670694 0.562864 5.606652 1.726853
9.862922 13.469961 -7.055139 1.546209 6.354741 -1.106034
6.710679 0.247026 5.726032 0.122825 9.412389 0.104803
-3.002243 8.166993 15.779994 -0.290075 5.057935 1.524652
0.040096 9.746368 -8.127238 0.012115 9.160641 -2.455616
1.317239 13.594396 -7.333416 0.322992 8.339140 -1.798179
-12.718718 -6.458270 -5.166681 1.572584 5.921034 0.638825
8.552627 -10.082868 -7.455650 -1.648707 7.063485 1.437240
9.077530 -3.116432 15.892861 -0.307491 4.242867 -0.538352
-15.018889 -11.784938 -9.185026 1.318355 4.640403 0.806259
10.199113 1.725196 11.531211 0.318020 5.063488 0.359557
-5.437776 10.404389 -14.576867 -0.600998 5.252415 -1.611074
0.752827 13.297253 -7.446216 0.188638 8.423066 -1.865822
-11.439147 -5.809433 15.153768 0.596342 4.159993 -0.789991
14.840121 5.287538 15.212096 0.531117 3.673455 0.544430
-6.882714 6.560477 1.581502 -2.763881 11.113127 0.635082
-8.856646 -11.327211 4.438513 1.964264 7.679617 -0.984392
-1.240570 -2.002201 -4.572763 0.075431 19.295046 0.278041
-9.256893 14.083202 3.101524 -1.777657 7.205412 0.595604
-11.964341 -0.499315 -6.170257 0.158035 5.829799 0.081502
-3.560801 9.703859 15.108082 -0.390951 5.264390 1.658761
0.502306 -10.488151 8.238138 -0.142882 8.865869 -2.343353
-15.276694 4.300054 -1.831127 -1.089981 5.154742 -0.130650
-5.338001 -14.434156 -7.082309 1.085005 7.489564 1.439554
-13.488878 8.969143 -5.855185 -1.626028 5.557798 -0.705818
12.568397 7.822525 8.805950 1.321239 5.298759 0.925716
15.792686 15.566498 4.544101 1.512179 4.857764 0.435106
-1.593190 -7.884696 -2.356514 1.030526 15.108947 1.524268
11.505650 -10.464941 -14.349179 -0.899793 4.428594 1.122169
15.494021 7.378844 3.947915 1.443645 5.061013 0.367844
-5.370372 -5.018616 -4.515321 2.091000 11.621848 1.758079
-15.441470 5.655814 -8.091675 -0.984773 4.554399 -0.516043
11.726783 14.932376 1.995423 1.757954 6.256829 0.299132
-6.556777 5.909207 -10.629595 -0.957453 6.528107 -1.552186
8.786971 8.156667 11.590992 1.054916 5.611463 1.391551
-14.076400 -0.380891 12.216146 0.057604 4.121203 -0.049991
12.138313 7.967278 1.206488 2.069051 6.707884 0.205653
-8.602842 3.265381 -6.338287 -1.207907 7.618884 -0.889946
-11.130591 -12.562042 12.442953 1.083970 4.881603 -1.211777
1.162978 -1.449596 11.770165 -0.061572 6.740208 -0.623150
11.987340 5.952924 -14.779412 0.632698 4.154511 -0.780065
6.741946 15.395934 -5.172318 1.315818 7.384670 -1.009475
-11.946414 12.973324 -4.942032 -1.750962 6.098155 -0.724344
0.742041 -13.151422 8.934229 -0.163608 7.766819 -1.969859
-3.328018 -2.813496 -5.904438 0.952040 12.606345 1.689071
13.294216 10.373690 -5.896155 1.672275 5.612983 -0.741676
-4.865787 7.355848 10.966278 -0.841590 6.825957 1.896735
-11.556265 -15.984278 2.400062 1.654202 6.142307 -0.343553
11.150692 15.775986 -5.581189 1.522216 5.960177 -0.761906
-2.670265 0.263010 13.026751 -0.019224 5.906546 0.093783
2.638047 -8.364632 -9.193556 -0.681831 8.369223 2.376171
-8.654046 4.149270 6.689377 -1.374830 7.460586 1.062712
7.381353 2.162788 -8.204485 0.675392 7.306261 -0.750708
14.757384 -7.526841 -6.133208 -1.390210 5.068142 0.577775
8.589327 -13.474219 -0.153606 -1.918940 7.856859 0.034317
0.465805 14.731145 -13.033721 0.063208 5.892979 -1.768619
2.395008 15.241189 -4.922663 0.583144 8.489322 -1.198585
6.714211 15.364384 7.755178 1.137240 6.761283 1.313557
-10.174778 -8.142849 2.357701 2.293859 7.767988 -0.531533
-15.503117 12.550929 -2.297128 -1.691043 5.181562 -0.250565
11.107655 -13.087916 9.727273 -1.328351 5.447756 -1.163273
-0.612384 -9.966722 6.042847 0.235067 10.644713 -2.319579
0.259104 5.364684 -4.538341 0.148241 15.533124 -2.596527
-2.535565 7.194455 2.706653 -1.595499 14.971648 1.703155
-6.460212 5.239395 4.274233 -2.216647 10.581869 1.466588
-11.131879 2.605324 -15.933921 -0.269646 3.970333 -0.385965
13.737184 9.070387 3.305628 1.799248 5.786954 0.432960
13.731029 -10.675416 8.128238 -1.448298 5.120930 -0.857336
-5.464600 0.390371 12.522502 -0.054269 5.735702 0.124360
-9.403268 -6.790683 -4.537444 2.079296 7.846833 1.003341
5.162980 -0.479432 5.521058 -0.241062 11.362813 -0.257781
-3.598038 15.671492 -12.696207 -0.462493 5.747876 -1.631973
-0.021429 -13.943114 -0.415553 0.007195 10.288519 0.139529
4.045741 -6.934353 -7.608615 -1.237133 9.362905 2.326612
-13.725831 7.970363 4.110738 -1.688441 5.696585 0.505670
-4.872660 -13.487657 13.180210 0.623090 5.659885 -1.685416
-0.604859 10.850323 8.268763 -0.167392 8.740596 2.288341
9.772237 -7.443871 5.971178 -1.854099 7.148570 -1.132919
9.121490 -0.510201 3.931309 -0.265115 8.191063 -0.114263
2.326906 -5.360337 6.316609 -0.972466 11.936878 -2.639853
-13.220368 4.788241 -4.223236 -1.326307 5.786412 -0.423688
-2.920399 1.209296 -10.661774 -0.153668 7.262436 -0.561011
-13.923534 -3.225544 1.665303 0.994120 5.652422 -0.118900
3.649183 11.463588 -13.290892 0.502207 5.869749 -1.829116
-9.341623 -8.283904 13.246432 0.889623 5.012664 -1.261487
-7.328324 1.508899 -0.440039 -1.093141 11.716233 -0.065639
-3.709326 2.036309 10.802646 -0.295384 7.026866 0.860244
-6.920262 -7.938118 9.117193 1.328012 7.138906 -1.749608
-6.399323 -1.322969 -5.923290 0.628065 9.544546 0.581345
-3.274523 11.129690 7.341913 -0.916101 8.817951 2.054021
-4.725418 -10.883814 14.260370 0.560295 5.431272 -1.690859
-11.562779 5.293346 10.348742 -0.944676 5.148688 0.845490
-5.131851 3.117846 14.352376 -0.285755 5.160288 0.799177
8.811918 -5.008827 14.931937 -0.519942 4.557644 -0.881050
-5.473995 -13.637962 0.858697 1.552748 9.159364 -0.243577
7.641529 -9.690403 -15.620149 -0.659584 4.683192 1.348265
12.896256 9.760683 8.038102 1.479649 5.378598 0.922250
9.609741 -7.465494 8.244637 -1.498234 6.463191 -1.285404
-9.400229 -12.687517 -11.192162 1.151397 5.515289 1.370884
4.938645 12.906445 12.742995 0.668804 5.831788 1.725690
-2.224197 -12.438716 -1.710172 0.846936 10.919699 0.651204
-6.343536 -10.310960 12.119973 0.892729 5.953583 -1.705650
-13.899554 -7.195309 -12.786318 0.853017 4.228249 0.784698
-14.917649 -14.835328 13.959506 0.990771 3.994597 -0.927135
-1.250615 -6.989581 10.500152 0.271818 7.742916 -2.282178
11.348243 -13.637072 -11.814830 -1.132547 4.944105 1.179113
9.347072 7.082551 12.978759 0.851868 5.049874 1.182851
9.484255 6.129757 -9.249019 1.237438 6.138801 -1.206746
-11.784358 -6.888480 -14.007689 0.760549 4.362746 0.904040
-6.198956 -9.309202 13.748561 0.715564 5.418602 -1.587038
-10.145867 11.765302 12.003688 -1.106316 5.185616 1.308895
9.214410 9.553684 1.160724 2.398227 8.379759 0.302101
7.298761 -10.814927 -13.910239 -0.794769 5.200276 1.514699
-2.404499 13.152617 -0.140247 -0.853414 10.538618 -0.049777
-2.325485 5.507416 8.754300 -0.626938 9.084339 2.360113
-6.175839 -4.510642 -6.998371 1.439137 8.846981 1.630809
11.395550 -0.451716 -15.305137 -0.051711 4.021328 0.069452
5.935790 -3.685995 -8.763076 -0.933615 7.715557 1.378307
12.344855 -8.097852 15.462758 -0.725300 4.047828 -0.908487
5.473755 12.136174 9.043194 1.079765 7.203949 1.783881
-14.848754 15.183262 -0.775228 -1.664284 5.296094 -0.086889
-13.104860 -8.508171 -8.300144 1.389392 5.254026 0.879991
-3.976901 8.789720 13.519858 -0.520340 5.802064 1.768947
-2.961946 -5.445565 -8.417218 0.816712 9.223251 2.320922
7.194967 -7.070298 7.247681 -1.668264 8.003565 -1.680486
5.718386 1.811538 -3.952045 1.080534 12.469313 -0.746770
-7.411511 -0.959377 -3.162738 0.619067 10.491761 0.264176
0.868996 11.879800 -0.126817 0.377349 11.824435 -0.055068
-14.359789 -2.511039 0.734500 0.767603 5.473545 -0.039263
13.202610 4.838736 0.104090 1.505324 6.110094 0.011868
-0.218103 -12.563043 -12.766092 0.032971 6.194994 1.929875
11.416942 -1.817387 -7.757086 -0.502320 5.698741 0.341294
7.702619 -3.044954 -7.547612 -1.001245 7.532986 0.981096
5.489169 -8.945040 6.169474 -1.696732 9.272012 -1.907018
-9.334092 3.039020 6.791160 -1.031438 6.986541 0.750438
-2.349904 0.632424 14.270871 -0.032354 5.395380 0.196486
-2.615954 2.166753 13.734493 -0.131356 5.630474 0.689657
-13.149889 -5.811598 -11.066245 0.886892 4.630525 0.746361
5.581965 -9.391412 1.808242 -2.305076 11.111258 -0.746715
6.770434 10.873410 1.918888 2.162503 9.551320 0.612900
2.930470 -7.544052 -4.535888 -1.473248 12.659255 2.280348
-8.482197 -2.567821 0.227152 1.598759 9.841000 -0.042815
-6.321282 -1.672588 -15.320255 0.156111 4.679058 0.378350
-12.043796 2.219094 -3.592378 -0.816250 6.327621 -0.243468
-2.004935 -15.380851 10.035623 0.339933 6.766582 -1.701520
1.513957 -11.067322 -8.120856 -0.414556 8.698475 2.223676
14.086854 6.941367 8.282538 1.206447 4.930437 0.709345
-0.765847 -5.712361 3.461403 0.482533 16.811650 -2.180907
-12.041380 13.091356 8.849059 -1.412305 5.390332 1.037885
-2.360031 2.322318 -6.239662 -0.581922 12.963524 -1.538537
15.884744 -2.545092 2.882181 -0.629554 4.833021 -0.114228
-0.162494 -5.393592 2.951269 0.095807 18.060862 -1.740082
-13.728356 8.588420 -12.973737 -0.932360 4.267766 -0.881110
-2.020326 15.152198 2.592830 -0.551930 9.144357 0.708332
12.062474 -10.902095 -14.615035 -0.894522 4.298854 1.083813
10.284161 14.531677 4.836122 1.654153 6.502418 0.777865
7.422484 7.431176 7.016472 1.731100 7.980952 1.636408
0.804785 -4.942212 -2.645597 -0.362158 18.908320 1.190535
9.615861 7.393108 -15.932023 0.622698 4.302150 -1.031716
-4.492330 -3.338695 -4.474893 1.568654 13.330195 1.562565
-11.670779 -7.281388 2.693283 2.019735 6.837650 -0.466097
-9.015745 -11.238614 -12.428329 1.026934 5.312474 1.415643
11.621716 3.532150 -2.245210 1.365854 6.818433 -0.263871
-3.566577 7.010493 -9.522550 -0.832194 8.039889 -2.221909
-1.260700 -1.359293 -7.334529 0.167176 11.537559 0.972600
-8.519163 7.605273 9.927641 -1.249342 6.252121 1.455897
10.562832 -11.544893 -1.957388 -2.097654 7.207945 0.388714
-13.969048 -13.042789 -9.004608 1.367976 4.893583 0.881813
2.980156 -15.424092 13.756853 -0.356924 5.507642 -1.647614
-13.376797 14.191788 3.680241 -1.705731 5.668578 0.469283
-13.507556 8.135770 -4.258467 -1.714255 5.767774 -0.540445
9.488694 4.437378 1.349627 2.079701 8.604284 0.295807
2.379282 13.907705 4.546022 0.675171 9.197817 1.290029
1.331474 15.270865 15.699804 0.136856 5.046873 1.613714
-9.623991 2.309703 15.895665 -0.235818 4.157116 0.389494
7.593093 -11.234399 3.181111 -2.062784 8.668206 -0.864199
8.210426 9.961606 -14.819786 0.755718 4.815291 -1.364067
-15.105761 -8.751757 -4.039839 1.589064 5.214728 0.424975
-4.827830 7.965031 -3.232404 -2.235538 11.947777 -1.496772
2.187757 8.885030 4.115888 1.084901 12.499799 2.041053
11.998605 -0.014620 0.607022 -0.006273 6.603176 -0.000317
13.405841 -8.493945 -8.016021 -1.399286 5.216064 0.836703
-8.159946 -4.703566 -5.235994 1.805112 8.499821 1.158286
15.356622 -15.192853 -4.023444 -1.563890 5.019316 0.409740
-7.109757 5.517162 4.002178 -2.285643 10.042716 1.286619
-14.755021 15.037097 -9.116506 -1.310446 4.654420 -0.809670
-3.620855 3.147818 -4.487153 -1.268533 14.724494 -1.572032
-3.340035 13.658886 2.055494 -1.044672 9.767599 0.642903
9.643280 -2.035902 7.996764 -0.608432 6.343402 -0.504547
-1.933799 6.604756 8.326838 -0.597074 9.477736 2.570968
8.331939 -3.610215 2.331310 -1.959179 9.607472 -0.548186
-4.617054 12.564359 15.817637 -0.460527 4.942914 1.577725
-6.781743 -10.947688 -9.924925 1.173045 6.651941 1.716724
1.000985 -2.205410 -10.131296 -0.112732 8.001254 1.140997
0.006512 -14.887113 -1.592067 -0.001925 9.595921 0.470585
9.642253 13.539715 5.218215 1.699119 6.809003 0.919533
12.803270 -13.552127 -15.006393 -0.907885 4.140364 1.064110
-4.056627 4.846601 -3.935606 -1.961454 13.930967 -1.902938
11.804688 -6.030004 2.079009 -1.903156 6.820535 -0.335179
8.955689 -10.689509 -1.411387 -2.275567 8.293923 0.358622
7.994068 14.929226 9.029685 1.180317 6.200640 1.333225
10.511965 1.600262 14.448875 0.201546 4.319610 0.277028
8.340714 -14.044686 2.340159 -1.775776 7.674335 -0.498230
-2.797333 -7.005206 -4.896684 1.396064 12.695151 2.443786
3.729005 8.544949 -15.198091 0.388463 5.206850 -1.583237
-7.810369 -8.283635 -5.799212 1.970068 8.259010 1.462779
8.725044 -15.499066 -11.006287 -1.045041 5.510445 1.318277
4.203317 -9.571414 15.229736 -0.443633 5.169498 -1.607402
-9.055772 12.749621 -9.549615 -1.302705 6.028745 -1.373746
-9.758289 -1.372731 -6.881335 0.478485 6.667280 0.337417
11.581837 5.663172 -10.834625 0.939209 5.043682 -0.878615
1.801963 3.523252 5.151060 0.707948 15.210724 2.023727
-9.571776 0.842852 -10.574197 -0.182041 5.479520 -0.201105
7.816471 -0.578399 -10.765530 -0.123349 5.905925 0.169887
-13.323019 6.974440 13.933106 -0.760739 4.129196 0.795575
-11.658981 4.468060 13.935653 -0.553836 4.316015 0.661985
6.808256 -10.659472 10.700871 -1.087878 6.367600 -1.709871
3.111575 -2.030899 13.001718 -0.165475 5.907195 -0.691439
-7.223900 14.023000 1.491682 -1.719758 8.228950 0.355117
14.359237 2.344901 6.208198 0.574248 4.992930 0.248276
-12.404868 1.275706 -1.501359 -0.504047 6.338420 -0.061005
4.070190 -9.824112 12.839644 -0.589003 6.055265 -1.858044
3.957210 -2.741531 -5.653079 -1.086320 12.380145 1.551865
-7.930269 15.660623 12.975763 -0.848476 5.171409 1.388303
11.594295 -3.241002 11.390697 -0.562732 4.819899 -0.552850
-0.929887 10.633151 11.145750 -0.180591 7.095024 2.164589
13.588541 -8.381645 -13.366787 -0.891620 4.221090 0.877069
6.732585 -8.750996 13.453519 -0.769009 5.427425 -1.536687
7.402595 -8.396045 9.296458 -1.334495 6.870946 -1.675909
14.975654 3.074951 8.686701 0.583904 4.500184 0.338697
0.227234 -0.420669 -10.691751 -0.004572 7.526052 0.215112
5.835810 1.565845 10.589005 0.314592 6.581079 0.570823
6.026770 2.016376 14.172000 0.218045 5.068600 0.512735
7.400539 13.026937 3.965025 1.740205 8.070436 0.932359
-9.517603 -6.524796 5.339333 1.915441 7.515822 -1.074554
13.622323 6.696085 2.700339 1.670457 5.856289 0.331133
4.041153 -6.306204 -11.794309 -0.611055 6.550754 1.783394
-13.943994 7.492612 1.105045 -1.766431 5.832069 0.139988
6.941125 11.705809 -12.045365 0.938330 5.813321 -1.628342
-6.013602 -10.748984 10.817782 0.998126 6.501112 -1.795515
2.249107 -8.025409 -1.415818 -1.456802 15.104198 0.917060
6.614385 -14.156695 0.113470 -1.652155 8.499556 -0.028343
9.804206 12.333087 2.882968 1.991985 7.340476 0.585752
0.746772 -8.817237 -15.412377 -0.081015 5.288025 1.672032
-6.628189 -12.694119 11.478151 0.945073 5.997676 -1.636599
-15.213509 10.367795 -3.950104 -1.647073 5.199216 -0.427653
-1.363639 -10.045825 3.106880 0.670189 12.534743 -1.526942
-11.870033 -2.630060 7.333270 0.716585 5.659456 -0.442704
-14.702253 0.037401 -15.840277 -0.003867 3.532245 -0.004166
-8.253242 -1.696838 -13.355440 0.239992 4.957532 0.388357
9.839637 3.780081 11.065268 0.697924 5.350882 0.784858
6.490807 -6.935805 15.558336 -0.515463 4.768296 -1.235555
-8.261872 -11.051147 -8.743479 1.423835 6.639269 1.506834
-6.358958 11.551429 9.055841 -1.214446 7.047407 1.729502
3.480642 -6.755371 -4.588312 -1.721164 12.682680 2.268902
-8.777350 -3.773662 6.492762 1.309691 7.461182 -0.968802
9.708349 3.850025 -8.273228 1.018299 6.297136 -0.867771
-12.491645 10.736285 -0.096777 -2.043307 6.449278 -0.015830
7.915833 5.582720 -6.166110 1.774132 8.195724 -1.381976
4.077536 -14.405015 -11.470803 -0.610492 6.226503 1.717417
-14.582556 -3.540077 -9.516177 0.635458 4.486476 0.414683
12.237744 -11.059866 -9.483768 -1.371919 5.272384 1.063183
-10.937504 -0.325549 6.182597 0.113227 6.285634 -0.064004
3.647022 -1.202177 10.565532 -0.185669 7.172701 -0.537889
-11.631748 6.270047 5.178829 -1.675850 6.406405 0.746143
-12.230155 -11.556265 -14.577357 0.912231 4.287489 1.087306
-13.471378 14.585537 -1.581615 -1.747453 5.736556 -0.205161
-8.733855 -12.675410 -5.868977 1.686030 7.139363 1.132978
-8.742418 -3.525239 -10.070422 0.764976 5.983801 0.881179
-8.651038 -14.520429 0.209684 1.779984 7.553998 -0.043143
-1.231918 0.824103 11.826919 -0.037051 6.686108 0.355708
5.934008 -13.833983 -14.988343 -0.606721 5.010320 1.532479
-3.214530 -2.666176 14.318040 0.171969 5.359614 -0.765976
-2.521116 11.719915 12.440387 -0.393754 6.292818 1.942969
10.598164 0.370883 0.049987 0.192237 7.603071 0.000907
9.814952 15.047345 -5.655653 1.540996 6.438083 -0.887966
-10.055700 -11.794910 -2.413005 2.070508 7.371791 0.496847
0.668232 12.504617 -8.692368 0.157891 8.051131 -2.053844
3.918367 -10.803326 5.248009 -1.327888 9.907641 -1.778488
11.033217 8.257460 1.114483 2.247217 7.342877 0.226995
10.315994 9.792421 2.323696 2.226276 7.525999 0.501472
7.800392 -2.294830 12.439633 -0.362735 5.343816 -0.578470
4.414549 2.979399 6.077510 1.153696 11.244162 1.588294
-6.167044 4.221013 -5.996034 -1.615158 9.643780 -1.570371
12.044902 -12.304961 -2.020923 -1.955693 6.443831 0.328131
1.935766 6.237912 -8.123341 0.615684 9.731242 -2.583683
-15.819454 11.081382 -15.962402 -0.802446 3.595016 -0.809697
-7.546457 5.635920 -13.817851 -0.621134 5.082478 -1.137320
-13.576758 3.853243 0.912208 -1.213733 5.868625 0.081549
-13.572447 -13.070078 -8.337547 1.431338 5.089755 0.879270
-14.604738 -3.365282 4.551835 0.861474 5.149368 -0.268494
12.884351 -4.461547 11.191172 -0.722387 4.615823 -0.627456
-14.042254 11.057079 -14.996090 -0.874843 3.952712 -0.934268
8.579931 4.869853 -9.559467 1.048664 6.295873 -1.168385
-9.445363 15.332005 0.108029 -1.716422 7.057928 0.019631
8.012528 -11.548727 1.715663 -2.139467 8.600259 -0.458108
1.185105 -11.793656 -0.919215 -0.513492 11.790547 0.398285
5.495515 -6.281305 13.546930 -0.579210 5.530760 -1.427804
9.199025 9.619200 -11.402274 1.132453 5.579618 -1.403685
3.026472 2.047280 5.294427 0.691056 14.474160 1.208915
15.710806 -3.603786 -7.092056 -0.714881 4.537358 0.322706
-6.629066 -15.877219 2.038137 1.391365 7.781413 -0.427782
-15.664710 1.790899 -8.987101 -0.325288 4.274385 -0.186623
14.171855 11.070616 11.820594 1.116890 4.420258 0.931586
-14.909591 2.900916 1.365546 -0.816258 5.252919 0.074760
-0.334331 7.688519 -2.703548 -0.221755 15.445990 -1.793210
12.805909 -3.696376 -7.520352 -0.884741 5.330450 0.519570
-11.708113 1.043905 -10.863719 -0.201731 4.856166 -0.187182
13.861580 2.193911 1.832034 0.704100 5.631049 0.093058
8.669742 3.947563 -13.836745 0.493478 4.821107 -0.787582
1.887073 7.601774 -12.587352 0.292626 6.429528 -1.951906
8.670178 -7.152824 14.646163 -0.684934 4.726788 -1.157029
-11.692799 -14.828795 -8.031968 1.415425 5.522086 0.972278
2.790473 -11.821318 -6.844234 -0.795530 8.980256 1.951209
-0.779662 10.156145 10.394580 -0.169923 7.569656 2.265438
14.883164 6.304395 0.556642 1.504541 5.422435 0.056271
-3.462081 -4.040162 -12.609544 0.354602 6.137626 1.291528
11.090571 -9.012743 3.397850 -2.091168 7.002327 -0.640677
-4.708737 8.171765 -0.325714 -2.469922 12.977580 -0.170850
11.599296 8.899441 2.238981 2.119380 6.890089 0.409098
8.220412 -4.368325 -5.784732 -1.619947 8.178672 1.139962
-8.884228 -5.767067 14.265183 0.630849 4.742127 -1.012939
-1.647756 -14.193838 -5.035792 0.449457 9.001673 1.373608
15.569756 -1.069717 3.200188 -0.278505 4.881455 -0.057243
-8.949336 -8.793067 9.313746 1.388612 6.328055 -1.445156
-15.286641 4.410877 15.009306 -0.458016 3.620812 0.449706
1.345009 -7.773137 5.273342 -0.662950 12.466874 -2.599211
-13.989415 -13.772270 0.585350 1.783829 5.657419 -0.074640
-8.738504 3.104996 -15.332963 -0.326132 4.409929 -0.572245
-10.253234 -13.964140 7.922015 1.446385 5.997387 -1.117529
9.427219 6.163159 8.135906 1.414205 6.555484 1.220491
11.418626 -13.547886 14.250062 -0.939274 4.466104 -1.172182
-13.852276 2.140394 7.158579 -0.512805 5.004817 0.265007
2.041632 0.025663 -14.078587 0.001196 5.489190 -0.008250
-12.508204 2.038077 8.925294 -0.459951 5.081270 0.328201
12.451529 10.723302 11.433464 1.170366 4.832299 1.074674
-7.677015 -13.355921 -4.314965 1.694691 7.789031 0.952523
-0.310364 -9.114903 -8.299306 0.094552 9.192346 2.528369
-4.248050 13.056774 2.466519 -1.335452 9.711107 0.775395
-8.470979 12.552130 -5.125683 -1.760769 7.453326 -1.065419
-2.444264 7.741558 11.675962 -0.432463 6.860955 2.065824
-9.746129 -11.969345 7.484146 1.585980 6.443699 -1.217890
-13.309428 -2.180447 -1.869482 0.745980 5.878115 0.104783
-0.633827 10.599006 4.915667 -0.257099 11.099361 1.993941
-10.968705 12.960804 5.774525 -1.704720 6.304599 0.897458
3.820192 14.173728 -2.409809 1.094231 9.291361 -0.690250
-8.498934 5.826384 -6.882637 -1.634086 7.501250 -1.323321
-2.391490 14.679997 -11.689652 -0.361758 6.277542 -1.768280
14.233524 -8.056787 -0.387500 -1.780681 5.734977 0.048478
-13.151281 6.216956 -1.895048 -1.716792 6.122158 -0.247383
1.406200 -4.461443 -9.917471 -0.282676 8.210637 1.993623
-1.803218 10.039885 7.890197 -0.537934 9.102273 2.353793
9.542361 8.267352 -11.895625 1.039336 5.343763 -1.295649
1.963293 -15.351527 9.194061 -0.357604 7.069662 -1.674654
-8.878748 13.077311 8.056808 -1.435556 6.453699 1.302661
-11.489717 10.335715 -0.101964 -2.160254 6.965455 -0.019171
15.323137 14.823349 2.383405 1.631785 5.137960 0.253812
-0.095565 4.885133 2.014918 -0.024907 19.697117 0.525139
2.636681 8.431213 5.532244 1.133531 11.372053 2.378357
14.715560 4.297240 -14.948599 0.456776 3.699759 -0.464009
9.195036 -2.484714 11.780756 -0.439142 5.249065 -0.562632
1.190850 -2.778317 10.254266 -0.158670 7.897295 -1.366291
-3.224314 -11.032370 12.327331 0.508178 6.319192 -1.942887
-8.415464 15.957165 -11.620266 -0.963904 5.386042 -1.330981
-14.977845 11.155349 11.381941 -1.135257 4.334522 0.862703
-7.154985 9.435778 -12.800377 -0.876420 5.574663 -1.567928
-1.935863 10.242108 -10.778528 -0.392070 7.261679 -2.182973
-12.571460 12.149819 11.286786 -1.197797 4.831034 1.075395
-5.110547 -12.443653 -6.411156 1.279044 8.336140 1.604554
3.737551 -5.449569 4.364544 -1.849645 13.425720 -2.159932
13.481749 -2.678915 13.529574 -0.352181 4.045751 -0.353430
8.942156 3.005898 -7.304755 0.978452 6.982838 -0.799287
7.099150 11.057586 -11.253446 1.042006 6.078848 -1.651769
5.393095 -1.843342 8.491910 -0.530407 8.098929 -0.835173
-13.690502 7.191630 9.932153 -1.101364 4.759904 0.799015
-7.210761 -12.670584 -4.589799 1.713793 8.093532 1.090865
12.303359 6.775949 13.203165 0.814101 4.426215 0.873640
-10.241722 -3.293808 14.285215 0.407799 4.434308 -0.568800
-12.153735 -5.445841 7.299815 1.263458 5.682841 -0.758862
-6.723132 11.104813 13.995184 -0.749790 5.257312 1.560798
-13.727023 -9.033281 1.048267 1.891051 5.939263 -0.144411
7.683616 -5.887968 -5.489697 -1.964989 8.698740 1.403921
-10.032024 11.302585 12.857649 -1.019466 5.008428 1.306610
-11.293938 -1.216255 -9.665078 0.275625 5.246687 0.235873
-6.532652 -4.201263 4.181670 2.035372 10.721840 -1.302879
-12.938206 13.691566 8.840545 -1.389352 5.143837 0.949330
-14.595615 -15.492777 5.381229 1.519466 5.088024 -0.560209
2.641602 -0.317271 4.805104 -0.064983 17.434693 -0.118206
7.727838 7.111434 13.999945 0.706151 5.051852 1.279282
-2.932303 -2.874837 -9.242601 0.461775 8.472483 1.455510
-15.441339 12.423381 -6.063314 -1.522088 4.913568 -0.597675
-3.106399 6.772725 -7.173310 -1.092832 10.198860 -2.523572
-6.241729 2.634711 6.425078 -1.080672 9.256367 1.112417
6.731233 -2.827724 2.329840 -1.821540 11.940003 -0.630478
-14.972786 10.180921 -6.660762 -1.485209 4.984442 -0.660707
-14.734765 -5.379605 -11.126077 0.779350 4.272302 0.588480
-9.081687 13.575245 6.456753 -1.568491 6.730316 1.115141
-2.187692 4.378548 2.717043 -0.828361 18.617355 1.028798
-7.309262 0.289949 -6.627890 -0.122857 8.252631 -0.111404
-15.223884 14.602560 0.841783 -1.672506 5.223175 0.092479
-9.456626 1.297278 5.235314 -0.562677 7.450750 0.311506
-8.211297 -2.305034 -13.493948 0.314733 4.940287 0.517213
-7.061340 -0.953821 13.079082 0.135657 5.243033 -0.251266
15.611877 -5.498660 -6.287620 -1.067395 4.724411 0.429889
-15.190525 -15.985916 3.248154 1.561743 5.064662 -0.333944
12.169607 -0.169574 4.363325 -0.060901 6.090800 -0.021835
-1.756119 -10.662356 15.639476 0.190291 5.191727 -1.694672
15.226351 -4.127871 -7.556921 -0.808741 4.623566 0.401383
4.827154 -6.353631 10.314717 -0.884718 7.197469 -1.890476
-7.754233 -7.941863 -8.805105 1.421786 6.969586 1.614470
-12.323399 0.635655 11.962489 -0.105938 4.492507 0.102836
-5.259698 -14.525604 -13.185776 0.642443 5.541461 1.610569
1.809311 -8.533459 -11.317671 -0.348295 7.105611 2.178666
-11.800572 -8.697899 -12.582304 0.996134 4.703109 1.062124
14.979161 -14.207076 13.009351 -1.052320 4.114606 -0.913936
8.020754 -9.967946 3.266813 -2.230922 8.723762 -0.908643
-5.157093 -3.485644 -4.360222 1.741978 12.469965 1.472808
8.165480 -10.618498 7.461601 -1.612103 7.161166 -1.473137
-9.494157 0.158003 15.134912 -0.018181 4.307565 0.028982
0.278857 -14.318954 -5.934260 -0.072019 8.703810 1.532620
2.228727 -10.777196 5.714668 -0.791134 10.201498 -2.028542
7.653485 9.807339 7.487280 1.621015 7.446813 1.585813
-14.205112 -3.908121 4.337149 1.027563 5.338672 -0.313739
10.126062 -8.866010 15.695117 -0.717274 4.326199 -1.111755
5.025526 15.383958 0.024994 1.237328 8.569303 0.006154
12.166007 5.172097 0.173121 1.750088 6.687300 0.024904
5.125961 -7.578854 -1.553046 -2.587187 12.688679 0.783857
12.203651 -10.129349 1.642313 -2.062230 6.569678 -0.277526
-12.605984 -4.234442 13.421419 0.552006 4.247644 -0.587713
14.708140 4.635134 -10.671040 0.720155 4.321019 -0.522486
-0.042555 -15.103362 11.788607 0.006387 6.270252 -1.769357
2.783429 10.223090 -5.483341 1.036113 10.460212 -2.041137
9.087505 -14.469526 -14.980999 -0.799749 4.627134 1.318408
4.965209 3.312730 11.292507 0.501273 6.506149 1.140059
4.859344 -8.111480 13.160413 -0.628543 5.824233 -1.702265
10.059416 -3.298389 12.352188 -0.523406 4.927068 -0.642702
10.069676 -14.118385 -9.716274 -1.271631 5.635511 1.227002
3.987859 -5.217583 0.935455 -2.308820 16.468619 -0.541593
-4.234437 8.009667 10.634325 -0.813410 7.136291 2.042790
5.070660 -3.005996 14.684738 -0.259722 5.051443 -0.752160
-11.762661 -11.046141 -13.381551 0.997666 4.582489 1.134975
10.529675 -11.413011 9.289371 -1.405134 5.773330 -1.239622
6.879249 6.170800 -3.873204 2.376609 10.237960 -1.338096
-5.490369 8.394841 -8.586329 -1.286324 7.918454 -2.011668
-2.373169 -6.663566 -5.211223 1.182417 12.778050 2.596459
11.366427 -0.986319 0.293705 -0.457046 7.031586 -0.011810
7.388281 -14.251725 -7.388397 -1.316448 6.896723 1.316469
10.784766 -2.184327 -9.694570 -0.495064 5.412590 0.445020
-14.069091 -1.118184 -12.655361 0.161158 4.060991 0.144964
6.174857 -1.509864 2.724858 -1.008947 12.980083 -0.445231
12.189758 -11.883629 7.552743 -1.560617 5.645229 -0.966954
-1.086033 -13.971705 7.158753 0.262552 8.304094 -1.730651
-5.194510 8.947247 14.424836 -0.573718 5.324950 1.593180
-15.316651 -14.926502 2.606055 1.622160 5.124402 -0.276003
3.648104 -0.548326 10.733095 -0.082706 7.048242 -0.243330
6.154637 4.738005 -2.546121 2.506282 12.249543 -1.036828
8.370043 6.993551 -11.411156 1.004144 5.749098 -1.368983
-9.726797 4.269272 8.656255 -1.049301 6.176784 0.933814
12.389252 -7.966660 6.451822 -1.608104 5.848354 -0.837435
-2.457935 -5.769880 -4.570711 1.331101 14.126378 2.475281
9.448701 -1.507361 8.074691 -0.457488 6.381861 -0.390961
-15.487987 5.229685 13.023095 -0.627294 3.868710 0.527461
15.949785 7.622777 14.359863 0.734670 3.697082 0.661436
2.123057 4.069601 13.250350 0.205121 5.968253 1.280197
8.360103 14.496813 3.419339 1.667792 7.408448 0.682138
15.650280 -14.739737 2.004911 -1.626535 5.067513 -0.208371
-4.597763 -14.284980 -9.179635 0.831737 6.962352 1.660599
3.771573 -14.985931 -0.237442 -1.028112 9.107169 0.064726
-6.015221 3.691834 -8.009170 -1.068739 8.195339 -1.423009
-9.704893 -8.129108 13.006824 0.914422 5.002561 -1.225540
-10.249540 -0.974584 -10.925375 0.196873 5.199384 0.209854
6.039278 13.797005 -10.640170 0.923348 6.276290 -1.626781
-5.321156 -8.063017 1.292510 2.560748 12.250188 -0.622006
-13.875310 9.411126 9.808971 -1.247745 4.792690 0.882077
4.375764 1.180487 -10.086690 0.227930 7.306038 -0.525408
-4.033712 3.070603 3.164705 -1.305730 16.472026 1.024429
-6.461868 1.468861 -0.300203 -1.053212 13.686811 -0.048930
15.923318 7.679404 -6.247796 1.292368 4.718104 -0.507084
-10.454684 -8.741539 10.359350 1.249859 5.550965 -1.238462
13.912713 -9.270659 -0.558403 -1.881998 5.871128 0.075536
-11.665368 4.150120 -9.075304 -0.897168 5.377486 -0.697970
-2.458814 -4.945059 8.225266 0.698915 9.618522 -2.338023
-11.705796 0.390268 6.002663 -0.128609 5.977146 0.065950
-3.686290 -5.086823 -15.357464 0.279903 5.043133 1.166103
-12.571117 -10.671831 -10.854581 1.223814 4.919170 1.056707
-3.125143 14.890372 6.570407 -0.696943 7.983499 1.465277
12.178834 1.914833 -2.701988 0.733442 6.368641 -0.162721
9.631472 3.491265 -15.173350 0.380318 4.336266 -0.599150
15.239003 -1.424865 3.442216 -0.378953 4.978106 -0.085599
-4.942913 9.847190 7.305239 -1.354027 8.641247 2.001146
8.937790 -7.199010 7.602805 -1.605715 6.980966 -1.365879
8.276461 15.692707 8.792096 1.174780 6.095743 1.247971
-2.850258 0.280328 -5.627712 -0.088780 14.368316 -0.175292
-15.157684 -10.525637 4.066265 1.649200 5.206828 -0.442421
1.028732 -5.195666 3.492721 -0.594789 17.272665 -2.019413
-8.159114 -1.133380 1.125253 0.770362 10.215555 -0.106243
-11.632655 -6.966087 12.201577 0.926149 4.769277 -0.971445
2.927708 -4.981452 -15.152176 -0.232108 5.166407 1.201263
-7.195125 -12.473880 14.270692 0.758671 5.089666 -1.504735
0.352748 -14.490116 2.338693 -0.107082 9.704518 -0.709945
11.554974 -10.386986 -11.881231 -1.124353 4.928698 1.156099
4.138357 1.713097 9.178983 0.379457 8.086970 0.841645
7.266483 11.913467 12.909482 0.879693 5.478493 1.562845
6.391150 -4.136893 -6.236955 -1.543260 9.275149 1.506027
-12.447518 -11.541652 12.518512 1.083810 4.627432 -1.089991
-15.650792 8.398159 2.627275 -1.570997 5.128097 0.263721
-8.007161 -14.009629 -1.213114 1.795951 7.924551 0.272093
8.748306 -6.521907 -14.745943 -0.641705 4.668119 1.081642
-2.973372 9.010474 1.382354 -1.659511 13.559740 0.771525
13.037415 -2.691014 -1.141696 -0.948679 6.071152 0.083076
15.759145 6.551832 -7.297561 1.123047 4.605245 -0.520047
14.379068 -7.694474 -15.678872 -0.681685 3.734006 0.743306
1.920201 -6.697172 -0.687848 -1.377114 17.337416 0.493305
-7.761879 4.880402 -0.059112 -2.589739 10.619000 -0.019723
-4.985083 2.425311 4.453036 -1.275064 12.906092 1.138979
10.401779 1.911058 -13.722529 0.262816 4.497467 -0.346720
2.431822 -14.313433 -1.346290 -0.743121 9.719290 0.411402
7.692050 -9.781917 -5.260075 -1.975062 8.316545 1.350612
11.475600 -8.772359 -11.357387 -1.126870 5.043835 1.115262
6.490963 0.543870 -4.337976 0.326910 10.914763 -0.218477
-0.675155 -4.185516 -8.625984 0.174096 9.586271 2.224306
1.839827 -15.450146 1.601638 -0.500174 9.158517 -0.435420
-7.913109 -11.086498 3.968615 2.017954 8.332525 -1.012053
-4.097728 -7.913629 9.242931 0.974821 8.019311 -2.198829
-3.351258 -12.689372 -11.482557 0.551986 6.508759 1.891291
-7.025035 -1.379630 6.506891 0.588353 8.558211 -0.544958
6.300679 -6.315249 -7.622689 -1.511762 8.293801 1.828960
13.153376 -2.418653 -5.458306 -0.696795 5.527648 0.289152
5.624681 -10.434152 -14.587132 -0.615943 5.226925 1.597395
-12.737205 -15.624546 4.151463 1.610994 5.691924 -0.525075
15.273083 -3.381416 8.819273 -0.617001 4.420999 -0.356281
1.803795 -0.467293 9.796240 -0.047725 8.163817 -0.259192
-14.212352 -8.707498 -14.287653 0.831738 3.984992 0.836144
-15.445661 -1.920575 1.955616 0.517791 5.007323 -0.065559
11.996785 -10.459953 1.804010 -2.066718 6.636154 -0.310782
0.690061 6.352368 12.040327 0.112347 6.783249 1.960255
5.024693 -3.057327 3.034321 -1.706012 14.526217 -1.030229
10.035546 -13.317169 4.135133 -1.809233 6.889602 -0.745492
-6.871216 1.252239 1.106239 -0.912585 12.539811 0.146923
4.652059 -3.838576 -9.751795 -0.719484 7.549226 1.508206
-12.368275 -4.431068 15.444500 0.463071 3.939713 -0.578245
14.258404 14.444361 3.788794 1.652024 5.377076 0.438982
-4.356419 6.072477 -0.823918 -2.603582 15.074584 -0.492409
-13.743621 -13.765855 -9.507984 1.323428 4.851109 0.915562
-15.756309 -0.175560 -2.154633 0.046476 4.871708 0.006355
13.217650 -4.251439 -9.280957 -0.823674 4.889906 0.578354
8.153121 -8.735145 -2.161726 -2.477452 9.179848 0.656874
6.775217 6.760076 -12.940400 0.744340 5.552341 -1.421660
-15.006294 -12.007268 -9.294996 1.312724 4.627730 0.813110
11.246348 0.289575 10.468767 0.060177 5.054202 0.056017
-0.687544 2.105319 -8.325969 -0.112585 10.027308 -1.363369
-0.977865 -4.038856 13.783718 0.087298 5.779624 -1.230524
12.684527 -3.627252 9.695690 -0.712928 4.927111 -0.544941
-8.609831 -0.071811 13.725495 0.009864 4.775911 -0.015724
13.583378 -7.141917 4.997716 -1.564492 5.618147 -0.575622
-9.160281 10.797145 4.254684 -2.032742 7.662129 0.944150
10.305296 12.984601 0.529538 1.999784 7.178723 0.102759
-14.717640 11.666530 15.277312 -0.868836 3.830687 0.901876
12.636598 -4.429891 -2.336519 -1.445476 6.273168 0.267270
9.727073 3.741616 3.065792 1.678085 8.036872 0.528901
1.250182 -9.677180 -8.178555 -0.371848 9.071913 2.432586
7.906666 8.829504 -5.172251 2.059229 8.388310 -1.347072
-2.988705 8.542782 14.282454 -0.361478 5.598141 1.727437
2.709618 -14.937725 6.830284 -0.598644 7.940961 -1.509034
-11.062251 2.661561 -10.249491 -0.549344 5.203783 -0.508983
-12.007481 -5.905598 15.330770 0.593052 4.051507 -0.757190
-12.318179 9.762749 15.773504 -0.775682 4.039471 0.993266
13.191726 15.051813 -12.889485 1.055135 4.400729 -1.030960
14.451862 11.687226 -12.163348 1.097293 4.320888 -0.923532
9.576994 0.722948 -6.573886 0.268587 6.860777 -0.184365
10.430330 6.278228 6.509814 1.621787 6.646437 1.012195
11.655486 14.295282 6.891935 1.531390 5.769098 0.905517
-8.923754 3.250132 11.063749 -0.619192 5.570840 0.767680
-8.732787 -3.617923 -15.923465 0.345964 4.291922 0.630836
-4.606589 -15.653468 15.945899 0.433526 4.813088 -1.500667
-2.396209 -7.033142 -1.347498 1.648443 16.221859 0.926995
3.786300 -2.336664 12.869159 -0.227388 5.895877 -0.772862
11.004848 15.098713 -6.705756 1.492107 5.905312 -0.909209
-7.356234 7.466389 -1.845458 -2.662980 10.268420 -0.668062
-5.223601 6.555468 -6.860802 -1.590199 9.411396 -2.088606
5.476147 2.715840 -2.198585 1.658399 14.648128 -0.665820
-4.997008 -8.570253 -15.170160 0.498294 5.097255 1.512745
-14.656003 -14.816285 11.597841 1.147684 4.350936 -0.908205
7.865916 -15.240343 -10.689131 -1.022694 5.768457 1.389757
-10.977911 9.796060 -12.105744 -1.085769 4.995574 -1.197318
-12.918955 -2.793815 5.643696 0.801497 5.602323 -0.350137
3.927867 9.678988 11.488688 0.682665 6.679323 1.996738
-5.769428 8.021327 14.938649 -0.557018 5.070664 1.442274
6.669602 10.700462 11.370792 0.998731 6.147302 1.702705
-14.855527 9.155651 -8.213289 -1.326354 4.793291 -0.733311
-10.698472 -12.261371 -0.039530 2.067646 7.123697 0.007640
2.697095 15.421384 13.930099 0.319683 5.474770 1.651114
-7.304186 6.615899 4.190752 -2.307711 9.602571 1.324041
-15.505458 13.397741 -6.274587 -1.496721 4.856361 -0.605678
-7.346322 15.544531 14.637061 -0.707485 4.872863 1.409616
7.469820 -6.147738 -9.768946 -1.150001 6.642038 1.503958
-15.995286 1.198101 12.006564 -0.167567 3.833514 0.125781
-1.877767 14.738508 -15.398559 -0.200293 5.140917 -1.642492
1.358499 -8.252588 -6.757487 -0.530125 10.698337 2.636964
13.759002 5.885265 8.021539 1.133108 5.029539 0.660605
-10.746883 -14.401285 -8.790770 1.359445 5.648992 1.112003
-0.308581 -8.255192 3.064061 0.189368 14.491911 -1.880332
-0.065842 15.528696 9.519179 -0.011734 6.988474 1.696428
-1.334025 -5.243052 -9.404998 0.323476 8.673078 2.280538
9.980190 1.883575 10.864625 0.380137 5.304586 0.413825
-13.424418 7.430077 -11.931342 -0.951393 4.470408 -0.845578
-8.253286 0.128191 -14.504770 -0.015539 4.628689 -0.027308
3.689462 3.121570 -10.529929 0.451951 7.257571 -1.289894
-10.005022 9.828401 13.853965 -0.900701 4.770838 1.247202
12.088209 4.477299 5.059152 1.329284 6.143662 0.556331
12.679430 4.068848 1.990798 1.366594 6.264891 0.214569
-11.616648 -11.480384 -13.421289 0.999574 4.601877 1.154857
-8.439951 5.076366 5.749051 -1.750081 8.050593 1.192104
-5.551356 -2.034127 -14.448255 0.199770 5.041742 0.519932
-11.528322 1.582988 -13.479099 -0.223284 4.353141 -0.261067
6.996849 -1.487935 -12.090613 -0.245956 5.616487 0.425015
3.946179 5.590583 -6.897547 1.326198 10.279359 -2.318068
1.813970 6.197604 -12.241961 0.276506 6.599212 -1.866058
13.523519 -2.935773 2.997126 -0.918127 5.716334 -0.203478
-4.861309 -10.165888 -7.762104 1.253600 8.346676 2.001637
8.738834 8.505036 -14.251844 0.784697 4.856962 -1.279733
-4.596238 -6.775394 -7.013381 1.463158 9.612726 2.232627
-1.791761 -1.736955 -15.042408 0.058761 5.151937 0.493315
5.827654 -12.119809 11.735784 -0.858482 6.097265 -1.728819
-14.137291 13.789921 -13.455470 -1.024493 4.183565 -0.975083
-11.590542 9.564615 -6.871873 -1.674083 6.058824 -0.992541
7.431836 14.975038 12.278218 0.880973 5.461001 1.455466
-9.292420 -10.623841 -3.204284 2.150589 7.846745 0.741583
-3.288160 -9.126775 -14.062553 0.412731 5.660996 1.765137
11.700520 7.365060 -8.713084 1.342253 5.577479 -0.999542
-2.025000 -15.936058 8.638058 0.368901 7.118111 -1.573623
-11.468777 -0.069351 15.378576 0.007875 3.998010 -0.010559
-1.760905 -1.818704 -8.752570 0.221923 9.287036 1.103068
-6.796308 1.194556 5.470367 -0.604236 9.538671 0.486351
-15.824908 -13.970511 13.249489 1.027962 3.957154 -0.860667
11.401682 5.381965 15.500606 0.540814 4.087234 0.735237
-4.580669 -7.437752 1.688660 2.482440 13.348237 -0.915150
-9.162795 10.354199 -4.137380 -2.083004 7.758534 -0.940562
2.703397 7.162421 -15.922285 0.242256 5.000347 -1.426825
-7.709617 8.229567 10.050411 -1.229340 6.458676 1.602592
2.008231 13.126266 11.219931 0.345172 6.689286 1.928465
-7.945687 -11.888401 -9.246366 1.311126 6.492727 1.525752
-2.983265 1.879731 12.999565 -0.148396 5.917490 0.646635
11.260220 -12.422581 11.272607 -1.194225 5.105502 -1.195539
14.871548 14.152381 -5.754270 1.539170 5.046965 -0.595553
3.874830 -7.677582 -10.039070 -0.827727 7.584271 2.144509
12.206700 11.873621 -14.085893 0.955567 4.381102 -1.102674
-11.637687 -10.598456 0.555585 2.128982 6.860644 -0.101638
-12.521978 4.264761 -6.747758 -1.084424 5.610721 -0.584367
-11.762268 -5.365800 -11.838951 0.807206 4.762618 0.812468
4.924872 9.675776 -8.760406 1.147232 7.860242 -2.040706
3.566777 -15.734385 -7.758882 -0.676375 7.282077 1.471333
-7.347597 -6.580379 0.541139 2.798113 10.746698 -0.206077
6.704003 11.764674 -1.606370 2.019452 9.290679 -0.483888
-4.173451 -11.697796 -7.970226 1.008500 8.103400 1.925978
2.939208 13.873770 -1.817793 0.918406 9.794523 -0.568000
14.892442 -11.385338 -15.233367 -0.863636 3.809541 0.883407
-4.813406 9.275729 -1.468706 -2.209669 11.896983 -0.674232
1.562534 -3.343491 -4.285299 -0.473010 17.728882 1.297243
-13.520334 -8.372776 8.917250 1.295484 5.018937 -0.854428
6.700595 -0.337804 12.816984 -0.049372 5.393214 -0.094439
5.839758 -12.481847 2.506727 -1.735970 9.292543 -0.745169
-3.441098 -4.173131 -12.598129 0.362334 6.152324 1.326535
12.221284 3.161076 7.821732 0.784427 5.444137 0.502041
9.561047 -14.900656 15.357384 -0.792203 4.483248 -1.272473
14.934328 -6.867142 1.917859 -1.542178 5.379019 -0.198046
-8.314580 -5.068243 5.301070 1.847443 8.349442 -1.177862
6.124425 13.308611 -11.320118 0.893018 6.090009 -1.650615
-3.471909 -1.067163 7.706250 0.294609 9.904836 -0.653915
-15.951410 -8.186292 8.177168 1.197425 4.502129 -0.613836
9.582362 -7.373237 -3.163584 -2.280044 8.075636 0.752749
8.258895 7.937938 -2.667054 2.475890 9.140538 -0.799542
-2.743204 -10.797145 13.263628 0.391834 5.992438 -1.894551
5.190659 10.568853 -11.125085 0.875704 6.559960 -1.876886
-6.551584 9.772768 -2.973161 -2.230795 9.857533 -1.012353
-2.088487 -14.555611 7.200872 0.470990 8.005600 -1.623920
6.599839 -7.599394 -0.834701 -2.756366 11.206392 0.348606
4.328711 -2.559163 4.188672 -1.233948 14.418918 -1.194028
-13.757931 -5.647002 0.486536 1.568966 5.874119 -0.055485
4.432514 9.697385 5.850060 1.489226 9.772395 1.965490
4.096959 -13.831018 -4.518907 -1.095769 8.841705 1.208623
0.059735 3.769926 14.899106 0.004160 5.314753 1.037649
7.077255 -3.473283 -4.324224 -1.751816 10.060510 1.070365
-12.894079 -15.782033 5.464161 1.533561 5.498173 -0.649882
9.054077 13.441283 -4.074959 1.780840 7.265815 -0.801501
-15.673912 12.521133 -1.650935 -1.693394 5.155374 -0.178365
-2.439923 -15.478402 10.124341 0.404905 6.685111 -1.680134
-2.722407 2.835610 10.603773 -0.322057 7.399498 1.254413
7.596491 14.061178 -8.310007 1.265012 6.612066 -1.383831
13.223722 -13.123212 6.040367 -1.619627 5.519979 -0.739818
8.068162 1.003507 -7.981453 0.331517 7.046695 -0.327954
0.013719 -4.195297 9.804073 -0.002777 8.397599 -1.984529
-10.793942 -7.812402 6.170645 1.765927 6.583139 -1.009539
-3.830212 10.564679 2.213099 -1.634974 11.473911 0.944689
-10.846508 -7.577746 5.647493 1.820297 6.694960 -0.947781
-15.387575 -4.771911 -8.197706 0.861054 4.521932 0.458725
14.491303 -12.965341 7.414708 -1.473274 4.991438 -0.753825
-12.002171 -8.692788 12.468901 1.005358 4.686702 -1.044454
-10.667070 2.470365 0.326609 -1.190301 7.597791 0.036445
2.811052 3.853491 -10.407124 0.438190 7.568535 -1.622274
5.753262 14.325704 10.532358 0.879263 6.298318 1.609646
-15.612909 5.684922 -14.188923 -0.604752 3.712668 -0.549595
0.762787 7.292215 -12.913078 0.112962 6.321487 -1.912318
10.402457 12.207281 2.323314 2.024717 7.150839 0.452206
-8.654317 -9.185268 -6.850407 1.769451 7.312130 1.400625
-10.461274 14.366862 -8.080581 -1.415520 5.869638 -1.093387
4.234924 -8.829498 -15.473836 -0.422647 5.078613 1.544295
-7.290895 2.645146 8.042574 -0.829326 7.461554 0.914828
-0.522247 -11.978493 -12.404730 0.083697 6.388742 1.988033
2.282399 -7.794307 0.929788 -1.528687 15.539219 -0.622746
-9.606988 -0.750476 -3.004229 0.396791 8.069127 0.124082
-14.496551 -9.989266 7.447426 1.448533 5.011166 -0.744166
-2.637108 -3.723851 5.357552 1.046478 13.928371 -2.126027
-7.320723 7.030511 -15.372961 -0.572002 4.720652 -1.201161
-10.136452 11.050786 4.666962 -1.948992 7.061683 0.897343
1.624474 -15.442163 6.582745 -0.357734 7.977940 -1.449620
-3.785205 -14.938452 -14.341276 0.428945 5.322566 1.625173
-15.562351 -4.301528 2.270329 1.049366 5.034134 -0.153088
-6.238457 3.144473 -6.017150 -1.325022 9.599551 -1.278017
-7.769924 -12.101929 -12.851030 0.916943 5.403976 1.516574
1.262587 5.136111 -9.967017 0.272080 8.188803 -2.147833
-1.539744 7.372889 -3.698128 -0.929467 14.446889 -2.232376
4.596140 6.570562 -12.629743 0.600903 6.059014 -1.651221
15.117872 8.622514 11.655282 1.003207 4.220791 0.773433
-11.731637 -2.134252 6.101737 0.672512 5.981647 -0.349780
-7.763245 -12.256198 9.000495 1.310930 6.588084 -1.519856
13.730495 -12.378006 13.442611 -1.016346 4.249833 -0.995036
4.710198 -9.509348 -7.346657 -1.327919 8.782462 2.071201
10.153594 6.639890 -11.087714 1.033538 5.379990 -1.128623
3.634120 -10.971404 0.881627 -1.562872 11.590062 -0.379148
-2.757670 -4.601387 -9.125631 0.623318 8.652069 2.062672
1.424243 14.983757 2.154580 0.406095 9.382806 0.614336
-5.127606 -12.587258 12.120858 0.741065 6.041003 -1.751762
-13.318468 -3.628257 -0.970248 1.189173 5.979728 0.086631
-13.834232 -4.126063 6.307499 0.984587 5.214130 -0.448907
-13.733268 -3.798202 -15.860582 0.381436 3.687629 0.440521
-3.288788 -4.650052 13.427075 0.326234 5.804939 -1.331910
-15.649383 0.286334 1.934937 -0.077061 4.916256 0.009528
0.777342 14.242606 6.926042 0.187570 8.323407 1.671230
4.686210 -14.181574 -11.115256 -0.716646 6.293967 1.699818
6.967738 12.373936 -10.112733 1.120005 6.408995 -1.625537
3.567981 13.754365 -7.590795 0.795511 7.871617 -1.692431
-15.462201 -1.430235 -6.124814 0.324603 4.657444 0.128580
-4.578387 -12.048287 7.735207 1.083277 8.024125 -1.830202
-13.149767 9.777086 2.568134 -1.921185 6.087231 0.375205
-10.122027 5.353009 -15.627662 -0.521632 4.233075 -0.805361
14.134629 10.299681 14.531648 0.883811 3.995549 0.908636
-15.485460 -10.251985 13.246714 0.954844 3.972568 -0.816802
-10.127891 -1.309061 -11.975892 0.229309 4.955244 0.271150
13.163941 -5.240164 4.232273 -1.417120 5.829368 -0.455611
-14.935741 0.262755 9.306412 -0.049632 4.376918 0.030926
-8.585316 -6.141393 -10.868527 1.013194 5.854690 1.282647
0.262253 -12.804504 14.731085 -0.031640 5.471069 -1.777252
-6.883478 -1.839793 -7.049249 0.708561 8.292948 0.725625
-1.779533 -6.554421 15.473439 0.165416 5.177089 -1.438330
-7.125694 -7.218246 13.226187 0.758129 5.402686 -1.407184
10.635971 -9.389016 8.362251 -1.522340 6.038005 -1.196900
-10.447290 -15.623364 10.136339 1.188314 5.353519 -1.152945
9.705872 -1.264700 6.667524 -0.455439 6.768395 -0.312867
-4.358480 -14.221846 -2.683651 1.198969 9.055267 0.738242
6.047330 8.790910 -2.993204 2.333241 10.618791 -1.154868
15.088031 0.175935 -9.607999 0.032063 4.302232 -0.020418
-13.798408 -15.488828 4.015787 1.604190 5.416634 -0.466872
-11.535499 0.279286 -4.646800 -0.105249 6.356482 -0.042397
0.801005 11.938612 9.144073 0.186853 7.948233 2.133069
-8.539098 -2.825659 3.901884 1.420768 8.782980 -0.649211
1.878433 -4.140558 -5.167200 -0.844917 14.676023 2.324200
6.636767 3.351749 -14.067963 0.373227 5.057081 -0.791130
-15.679411 2.822527 -6.132689 -0.609953 4.628838 -0.238571
-5.724755 7.824609 14.426928 -0.586776 5.235828 1.478732
-1.319406 10.331038 13.535001 -0.187644 5.986279 1.924924
6.250334 14.572913 -7.898862 1.130889 6.982785 -1.429161
14.160608 0.230020 -6.491316 0.057951 4.980326 -0.026565
-14.971740 -7.301531 10.689332 0.989991 4.352810 -0.706821
-8.318321 -11.718517 -13.232749 0.916413 5.214067 1.457826
-13.719456 -14.977765 8.410320 1.375516 4.972092 -0.843220
-10.201964 -7.627084 15.772695 0.657719 4.266058 -1.016863
-1.491539 6.361345 -8.053620 -0.489694 9.880750 -2.644124
15.118696 -5.558850 -11.416418 -0.766468 4.161720 0.578775
-4.868360 1.035847 11.459564 -0.162874 6.358098 0.383386
-1.185783 12.296741 -8.501430 -0.288218 8.175407 -2.066371
14.137984 -4.248018 -3.299253 -1.159216 5.487044 0.270516
5.447997 13.720558 11.293407 0.809882 6.172071 1.678842
0.705665 -13.245215 7.966421 -0.169488 8.197315 -1.913393
12.039271 -2.739251 -13.646416 -0.367553 4.259319 0.416619
5.852001 -7.145246 -14.899685 -0.534792 5.047376 1.361626
7.212133 3.422618 -1.683522 2.128657 11.353762 -0.496890
3.030433 -9.208621 6.418774 -1.085352 10.146325 -2.298888
-4.808876 -9.771358 12.550334 0.698564 6.069186 -1.823131
-7.486346 7.806616 -3.028573 -2.480246 9.704677 -1.003374
11.342004 8.372226 -12.929701 0.947964 4.709825 -1.080664
6.791578 13.578937 12.239148 0.871287 5.672154 1.570152
-3.741912 11.286411 -12.968325 -0.534586 5.989901 -1.852712
13.040367 15.603750 -4.511483 1.591290 5.573856 -0.550527
6.653814 -6.236382 8.282789 -1.390321 7.725276 -1.730697
-13.347842 -7.948679 9.264720 1.241834 4.991483 -0.861955
2.508674 -15.400739 13.039513 -0.323774 5.750229 -1.682902
13.965430 -4.678148 -9.993667 -0.800439 4.592782 0.572794
10.715458 -10.614051 2.589744 -2.126100 7.181334 -0.513842
10.964584 -12.501170 11.418868 -1.175566 5.134565 -1.224272
-6.094320 10.036424 -8.733029 -1.293048 7.454171 -1.852910
-1.705882 2.796925 5.249393 -0.524201 15.618050 1.613088
0.841917 3.780339 -7.705027 0.247085 10.781027 -2.261262
-8.743203 13.212047 -14.461568 -0.830057 4.814004 -1.372943
15.703988 8.463418 6.266101 1.371524 4.798217 0.547256
-3.234108 1.233049 -5.527139 -0.444468 13.923457 -0.759602
13.536478 -14.357933 15.149202 -0.908524 4.019037 -1.016765
11.671737 1.752113 9.662253 0.385755 5.151044 0.319341
-12.799310 1.124119 5.729305 -0.338617 5.585436 0.151574
7.552797 7.498359 5.001153 2.139851 8.886701 1.416921
-7.300576 -9.578259 3.498987 2.236143 9.230877 -1.071728
-14.679925 -15.206193 -11.371861 1.158374 4.369977 0.897339
-10.614980 -5.969958 -3.650691 1.954957 7.302607 0.672346
15.320919 -4.483198 1.566292 -1.127000 5.157029 -0.115216
14.515369 -2.793977 -4.304171 -0.745600 5.186270 0.221089
2.673372 14.198525 -10.673040 0.453131 6.689774 -1.809058
-7.122534 6.822382 14.044493 -0.659826 5.125874 1.301070
15.163749 -10.132911 5.090722 -1.579146 5.108239 -0.530145
-1.802332 12.544551 -15.217135 -0.204420 5.290501 -1.725925
-4.076747 12.309797 -4.535941 -1.259404 9.503263 -1.401260
-4.597011 10.129088 1.185940 -1.996345 11.549760 0.515019
-0.277817 -7.947292 8.621682 0.083976 9.183955 -2.606067
-0.923905 2.641629 -15.972455 -0.038847 4.882778 -0.671591
-6.592533 -7.301781 5.556317 2.013022 9.301154 -1.696615
6.824205 -4.481365 0.427521 -2.627559 12.043340 -0.164610
7.069711 -10.927719 0.788711 -2.229345 9.479782 -0.248710
-5.943120 -6.503897 -6.865819 1.663466 8.983557 1.921727
10.584702 -12.064180 8.434774 -1.484687 5.933682 -1.183123
-13.639916 3.403320 5.307669 -0.912486 5.402997 0.355074
-9.392496 0.101292 8.723484 -0.028719 6.147666 0.026674
12.393044 1.035859 -13.438732 0.145148 4.210044 -0.157395
-12.122302 -15.429281 12.145924 1.087893 4.685553 -1.090012
7.435129 10.955857 -6.362038 1.704043 7.813737 -1.458103
-2.068702 -8.952520 15.441033 0.220900 5.237769 -1.648821
3.634740 9.729513 -7.134096 1.117025 9.254669 -2.192445
9.621260 -2.560236 -15.217111 -0.283997 4.303849 0.449173
0.526879 -9.419877 -6.255966 -0.206536 10.748686 2.452329
1.842650 7.158586 -12.501025 0.284691 6.474283 -1.931417
-5.181383 3.593717 -8.155880 -0.974779 8.521566 -1.534374
-9.507206 -13.541115 14.165447 0.885174 4.764619 -1.318882
4.692109 -13.493497 -6.012293 -1.142532 8.292356 1.463998
-1.816135 -7.249774 0.125109 1.306491 16.745495 -0.090001
14.715282 1.299566 -15.741137 0.134923 3.548307 -0.144329
-1.710972 -7.921319 -12.756025 0.262262 6.358022 1.955279
-1.528370 8.952597 7.295746 -0.529523 9.935055 2.527701
1.189517 14.015830 6.759564 0.295210 8.448647 1.677563
12.131666 -1.673419 -12.777226 -0.252730 4.385259 0.266179
4.118760 10.737997 6.490710 1.233792 9.167227 1.944319
-4.478517 -11.284786 12.685875 0.643328 6.007668 -1.822293
4.863158 -13.351189 6.820516 -1.118525 7.988829 -1.568716
12.600576 -9.171642 -0.318569 -2.052825 6.470501 0.051900
-8.332100 6.423337 6.612654 -1.753293 7.713011 1.391476
-6.337753 -7.245187 0.316428 2.815904 11.705859 -0.140591
15.170584 3.969148 6.052100 0.866822 4.820404 0.345807
-15.189193 -0.669573 -7.344527 0.144556 4.578026 0.069898
-15.622727 -12.865819 -4.398878 1.597967 5.007578 0.449938
-3.409066 -12.284104 -1.255447 1.266502 10.715775 0.466411
7.977442 -0.719515 -5.116153 -0.362648 8.651821 0.232576
-9.483236 -14.807277 9.821634 1.209588 5.688954 -1.252751
8.976204 -5.324191 -11.358759 -0.873966 5.550808 1.105943
13.235200 -10.417537 15.560869 -0.816820 3.965423 -0.960350
1.842195 -10.989714 3.044943 -0.800499 11.673504 -1.323136
10.965123 -3.349783 6.185904 -1.062395 6.364199 -0.599344
8.139994 -10.161363 -10.043862 -1.266232 6.282284 1.562391
-10.769669 14.276100 13.991102 -0.937318 4.599039 1.217690
-9.452317 9.656198 9.284794 -1.408885 6.155664 1.383916
-14.519707 11.439315 -14.605302 -0.909848 3.948211 -0.915211
-12.287873 7.853853 -9.414459 -1.269082 5.251366 -0.972318
8.416614 -7.178345 9.165540 -1.343251 6.577187 -1.462776
8.540259 4.691688 3.560099 2.066347 8.924495 0.861379
-3.873702 6.251971 -7.318356 -1.248554 9.803240 -2.358818
5.815031 7.532265 5.380667 1.988592 9.915082 1.840050
-6.921581 9.478704 -3.543325 -2.226047 9.505021 -1.139567
-3.383526 12.875769 -11.169868 -0.571041 6.607912 -1.885149
-13.154775 -9.017804 -1.292582 1.959584 6.183015 0.192548
14.111305 11.810358 11.947741 1.122074 4.416711 0.950036
8.182157 0.488069 8.639852 0.146061 6.676289 0.154231
-9.853190 4.756620 -1.139502 -2.095093 8.298844 -0.242293
-2.160589 3.870057 -3.011976 -0.527513 19.001632 -0.735382
-14.634895 13.405003 -2.523435 -1.722751 5.404895 -0.297047
4.805196 -13.488845 -10.997203 -0.762628 6.401004 1.745354
-2.635796 -5.703476 -0.913929 1.673243 17.875043 0.580176
10.063647 4.704273 -15.905531 0.453940 4.163593 -0.717449
-12.508207 7.931231 10.184852 -1.182045 5.029658 0.962484
-8.540552 5.569101 5.987217 -1.772130 7.876795 1.242323
2.853523 13.146947 -1.693829 0.975177 10.274882 -0.578858
-10.491797 -3.174284 4.861161 1.196838 6.979281 -0.554531
8.694636 -3.780856 -6.314973 -1.346487 7.592051 0.977962
0.114230 -14.816048 3.056564 -0.032655 9.373545 -0.873788
14.351805 -6.605665 8.752520 -1.114294 4.771443 -0.679558
10.390084 -3.320432 14.986824 -0.376718 4.264703 -0.543384
15.939391 -15.145547 -11.692794 -1.125068 4.121155 0.825326
-11.701022 10.650839 -2.797874 -2.034924 6.670590 -0.486578
0.139485 7.771763 -2.745922 0.091736 15.324664 -1.805929
-1.848555 -14.671556 2.159528 0.541223 9.501424 -0.632271
0.618348 -3.273651 -14.119162 -0.043821 5.606671 1.000593
8.367416 2.700294 1.200640 1.655138 9.880252 0.237495
-15.217967 -7.082405 9.143623 1.078318 4.515128 -0.647901
15.978745 -15.981751 10.091565 -1.211691 4.283411 -0.765258
-14.628493 15.756013 2.082223 -1.623307 5.282587 0.231062
-3.548130 -9.671578 -8.015431 0.987485 8.718641 2.230786
9.801063 2.090654 2.110843 1.089650 8.137442 0.234677
-10.860027 11.758083 -4.824384 -1.866521 6.641025 -0.829171
-3.539075 3.940374 -8.361052 -0.803448 9.116925 -1.898142
-7.279876 -4.932129 -15.499887 0.438382 4.616088 0.933377
-1.642576 -0.677238 11.436955 0.043768 6.901111 -0.304747
-9.518185 11.014102 6.340838 -1.769374 6.927088 1.178724
-7.951445 5.955700 8.214698 -1.408563 7.164810 1.455198
-13.552803 -5.269641 -11.996014 0.743364 4.360954 0.657975
0.684131 -15.958753 -5.968639 -0.150946 8.045461 1.316916
7.329443 9.082060 9.653350 1.280370 6.718331 1.686330
-14.766012 -0.514592 13.175889 0.068769 3.871491 -0.061363
-4.403922 1.208281 -13.407188 -0.122955 5.548972 -0.374320
-12.151336 4.313797 9.874902 -0.830700 5.058670 0.675076
2.340274 -13.472597 6.062413 -0.627630 8.813974 -1.625858
-15.062999 8.962448 -15.243432 -0.770390 3.736982 -0.779618
-5.782470 3.825316 14.063353 -0.386606 5.201195 0.940252
-2.251045 -0.742470 11.040634 0.069986 7.098882 -0.343259
5.522905 13.774589 12.491132 0.729792 5.772235 1.650568
3.631868 11.145771 -4.884686 1.252525 10.054717 -1.684585
-15.891300 0.396063 15.398994 -0.041322 3.447463 0.040042
-6.848232 0.761757 10.817310 -0.157268 6.161482 0.248417
10.934152 11.597603 9.784097 1.349899 5.537473 1.207916
2.867128 -14.960892 -12.318925 -0.399989 5.998598 1.718597
2.761489 -6.354634 0.923293 -1.881842 16.890100 -0.629186
1.679609 4.690120 13.648630 0.169812 5.839899 1.379909
11.758667 -14.091397 -2.762786 -1.802731 6.299112 0.423565
0.828797 13.722989 -4.157362 0.253008 9.621982 -1.269122
-11.532682 -4.205427 -7.890823 1.033095 5.717317 0.706858
1.747509 0.187716 10.252752 0.016807 7.766999 0.098610
-6.440157 7.354023 10.788569 -1.015367 6.513620 1.700946
-7.756634 1.037463 -3.583871 -0.627084 9.777510 -0.289737
5.591022 0.556517 15.223260 0.049430 4.773107 0.134588
14.021297 -4.748891 -5.142766 -1.165425 5.342853 0.427457
-3.542479 7.931509 5.553876 -1.470498 11.136881 2.305438
1.791535 -9.720539 -8.728559 -0.487718 8.606434 2.376215
1.064311 5.874298 15.094942 0.099227 5.314119 1.407316
-7.884218 -10.232515 11.910570 1.025101 5.714129 -1.548604
11.873812 -0.458921 10.762236 -0.089534 4.833293 -0.081152
13.218356 10.092197 1.440713 1.957966 6.122196 0.213405
-1.070341 12.209885 4.810776 -0.367455 10.161575 1.651572
9.058740 -6.128399 -3.077418 -2.289074 8.575852 0.777640
-1.017062 15.685553 -6.749725 -0.218598 7.880485 -1.450726
1.933420 12.507082 13.694555 0.259609 5.797901 1.838830
5.711321 5.521531 -1.916561 2.711512 12.944500 -0.909908
0.771349 7.504930 8.559315 0.236172 9.292009 2.620692
11.866778 -15.821790 -7.973225 -1.372375 5.411351 0.922091
-5.508101 -0.991270 2.210396 0.581793 15.437473 -0.233473
3.752935 -12.299103 -10.489234 -0.688783 6.913622 1.925107
4.623155 5.421222 -12.609948 0.544952 6.023012 -1.486392
-6.875704 15.483309 12.016917 -0.839411 5.570895 1.467069
12.730355 -6.443929 -2.447094 -1.785987 6.290788 0.343312
1.468571 13.263050 -7.592487 0.360859 8.316791 -1.865633
-8.957037 9.167733 -4.952036 -2.059687 7.807419 -1.138730
-11.201726 -6.301513 -15.533043 0.606304 4.137411 0.840741
12.938558 -1.904940 11.613165 -0.317271 4.451690 -0.284770
10.406517 -6.651016 0.382716 -2.301067 7.871733 -0.084625
-12.460210 1.897037 -2.837347 -0.699009 6.201578 -0.159173
11.721277 11.829668 11.607551 1.167828 4.948042 1.156497
-2.221289 3.987626 -11.936532 -0.269576 6.652163 -1.448619
10.766839 -14.241597 -4.865041 -1.682484 6.377175 0.760237
14.356752 10.578669 12.634992 1.033983 4.253364 0.909981
-10.135221 -15.590102 -10.792969 1.127884 5.286134 1.201081
4.945963 7.733092 4.095386 2.125676 11.400414 1.760115
-7.040044 5.298292 0.720546 -2.753813 11.460851 0.281852
13.375342 11.867375 2.321852 1.874547 5.929267 0.325406
9.281932 3.479282 -4.448029 1.488555 7.948298 -0.713336
1.979244 -15.447550 2.575482 -0.524494 9.003696 -0.682495
-0.638967 5.486220 -7.505188 -0.231372 10.807470 -2.717658
4.637443 -8.527283 5.832768 -1.644118 10.076429 -2.067897
-8.329622 -0.288343 1.902517 0.189685 9.779838 -0.043325
-10.220028 -6.467553 6.148207 1.715365 6.863679 -1.031937
-6.773524 13.348221 3.368836 -1.678097 8.368233 0.834607
10.853009 -15.928715 0.241637 -1.688423 6.456138 -0.037592
10.568559 5.467470 -14.017379 0.645624 4.513561 -0.856310
7.080208 -10.202344 -11.748232 -0.991662 5.941311 1.645470
7.229961 9.647854 -9.888812 1.237990 6.626705 -1.693267
-14.705407 -5.636300 7.110918 1.103979 4.884670 -0.533838
-2.374583 -3.088008 9.934002 0.353273 8.002593 -1.477909
-3.686903 5.971510 -3.130965 -2.098194 14.535148 -1.781813
8.661588 -4.291256 -7.185519 -1.320490 7.238829 1.095458
2.724544 5.560126 5.906122 1.194236 12.199550 2.588802
-5.427253 13.757083 11.318052 -0.804520 6.163390 1.677755
-10.771838 -12.115664 -3.973578 1.915889 6.782563 0.706744
4.404221 -3.075150 15.774944 -0.199736 4.775126 -0.715410
-0.224418 5.901476 -10.199944 -0.049749 8.053279 -2.261107
2.143973 -2.130861 7.272755 -0.418682 11.218125 -1.420246
-3.994454 -2.201656 -3.914999 0.935610 15.871047 0.917000
7.386846 6.006468 -7.074100 1.639808 8.031105 -1.570381
6.742941 -0.784947 2.643709 -0.543072 11.974710 -0.212923
-8.450681 -8.761466 -11.822827 1.037759 5.623580 1.451864
-11.906124 15.539266 8.746018 -1.331195 5.298784 0.977872
13.512603 6.230559 8.291020 1.167508 5.067789 0.716356
-9.578612 -9.640557 -9.548973 1.374507 6.035304 1.370254
2.126813 2.196810 -11.269102 0.179750 7.001379 -0.952419
-5.153598 9.385175 1.464060 -2.259021 11.549254 0.641754
-2.869292 14.025036 5.465515 -0.749522 8.731829 1.427712
12.936110 -15.706096 8.293372 -1.362025 5.125897 -0.873198
-2.297042 -1.079825 -14.877547 0.048174 5.173800 0.312013
1.155147 11.365826 6.327684 0.377279 9.735604 2.066664
1.654680 -8.192992 -0.201356 -1.117506 15.572995 0.135988
10.453089 -4.910672 -4.638730 -1.674669 7.137020 0.743162
-7.378979 1.821699 -10.935626 -0.366673 5.986824 -0.543409
8.417949 11.263157 0.199150 2.233696 8.546653 0.052844
-13.066286 15.252985 -0.386985 -1.729726 5.829861 -0.051229
-9.427701 6.865534 -12.939690 -0.842685 5.037325 -1.156601
8.596392 -5.040203 -10.754698 -0.911128 5.847884 1.139886
-11.625881 -2.567888 -3.397101 0.987305 6.604913 0.288492
-1.316602 13.458751 14.804650 -0.154604 5.398375 1.738459
9.788147 -3.717690 6.127805 -1.268869 7.014103 -0.794367
-0.218453 -1.592385 -11.307313 0.014156 7.089591 0.732744
-6.654097 15.953156 -3.417425 -1.338228 7.579212 -0.687290
-11.618054 2.274185 3.756576 -0.866643 6.534364 0.280220
-6.469352 13.078823 -15.332831 -0.631874 4.886747 -1.497588
-0.599355 15.431904 4.024200 -0.153908 8.815977 1.033370
1.550143 15.150475 -3.871789 0.407980 8.921313 -1.019012
8.320209 -9.496887 -5.462182 -1.975539 7.946799 1.296933
-1.604742 -15.381427 -7.670160 0.329682 7.626168 1.575777
-6.900780 1.186060 1.483581 -0.857157 12.330533 0.184278
-1.603912 -1.456827 6.221761 0.259858 13.805495 -1.008019
8.006240 14.549552 -2.334858 1.687686 7.671715 -0.492179
-11.893496 -9.487346 -7.989237 1.526573 5.705407 1.025448
-14.962147 -10.954036 2.874711 1.728258 5.356704 -0.332054
15.568392 -10.988437 3.577448 -1.643284 5.113857 -0.377609
-5.310580 7.483658 -13.373367 -0.632237 5.661658 -1.592129
-5.249596 7.467219 2.126117 -2.554832 12.395684 1.034722
3.940130 -8.940924 -14.872121 -0.431895 5.305758 1.630197
2.227387 6.852933 4.490960 1.221684 13.612912 2.463216
-8.553143 11.559422 -15.962749 -0.707231 4.509715 -1.319908
-9.509225 -3.376719 -11.909020 0.568236 5.170920 0.711639
-11.514218 7.627477 -8.600307 -1.384879 5.672151 -1.034407
1.859398 -1.864483 13.958798 -0.079474 5.577577 -0.596624
6.836829 -5.011021 -10.422367 -0.912955 6.509680 1.391750
-12.374966 -13.539507 -4.972355 1.703989 5.901766 0.684676
10.874179 -14.800855 -13.075342 -1.001587 4.744481 1.204329
-4.463459 -1.197645 9.788213 0.248673 7.488374 -0.545331
15.559521 3.558558 -9.609259 0.595917 4.258571 -0.368027
0.906403 -1.511385 -9.600820 -0.081485 8.491326 0.863105
