# units: length=mm, velocity=mm/s
x y z u v w
4.274948 8.939122 -3.146355 2.121349 12.510492 -1.561309
0.152315 8.707469 -0.131430 0.111314 16.723890 -0.096051
-6.029214 -3.328462 6.243603 1.575141 9.548640 -1.631150
-12.173266 16.697256 13.637166 -0.980393 4.421574 1.098291
11.245252 -7.886870 12.983888 -0.966948 4.728652 -1.116449
-14.230445 5.004057 -14.059400 -0.473060 3.882986 -0.467374
8.034204 -9.282659 14.896144 -0.746931 4.823660 -1.384877
-10.466320 -9.295037 -4.736431 1.970188 6.970085 0.891589
14.695014 -10.969231 -14.347956 -0.938625 3.966128 0.916457
0.349081 -7.759081 12.321786 -0.059068 6.622581 -2.084962
11.659009 15.393816 14.197841 0.944639 4.428936 1.150341
-1.405000 12.685061 -13.787721 -0.190973 5.830494 -1.874078
2.727236 -7.027188 6.061894 -1.116561 11.034765 -2.481808
-1.928273 11.136330 -13.043679 -0.289860 6.169130 -1.960741
-4.043971 2.701500 8.837644 -0.399287 8.419953 0.872598
4.097293 -9.700368 15.801344 -0.413187 5.005645 -1.593468
12.237606 10.980301 -0.584419 2.089014 6.608273 -0.099763
-12.971635 -5.573808 -1.124757 1.818853 6.265195 0.157711
4.079083 9.487422 7.969182 1.155880 8.817616 2.258209
15.109434 -6.164597 11.889622 -0.884111 4.146905 -0.695707
-14.977698 16.734308 -11.921574 -1.114356 4.238421 -0.886977
2.813996 -8.460705 -4.305738 -1.254223 11.681908 1.919106
7.186877 6.949685 -2.956294 2.527952 10.422489 -1.039863
2.191104 -11.012278 3.751875 -0.801963 10.567803 -1.373219
10.177182 -0.214166 5.937407 -0.458294 6.762590 -0.267370
-13.298984 14.496231 10.515438 -1.252451 4.793464 0.990306
-4.521334 -3.135885 -6.608201 1.326326 10.389398 1.938506
-1.066567 9.626326 -15.187513 -0.118265 5.359139 -1.684042
-15.735600 -7.472150 2.716920 1.563192 5.096422 -0.269902
1.425497 4.525801 11.129880 0.189806 7.230215 1.481949
-7.117034 -12.603573 9.175290 1.169934 6.538775 -1.508281
-1.665154 12.660026 -11.246938 -0.305354 6.888177 -2.062447
14.163041 0.728167 -12.767192 -0.038773 4.023733 0.034952
8.842892 7.803107 -4.732805 2.103268 8.157673 -1.125690
-6.584325 -2.233714 14.690108 0.327272 4.869571 -0.730169
-7.993727 -6.114260 5.321076 2.061401 8.476394 -1.372185
2.446736 7.587450 7.037924 0.918229 10.648597 2.641244
1.660510 -4.493948 -0.630657 -0.889017 19.177611 0.337646
8.652084 -2.131661 1.141295 -1.808066 9.527482 -0.238502
2.382921 11.486644 -7.424307 0.716889 9.174207 -2.233564
-7.901197 9.852653 -2.726245 -2.416578 9.214057 -0.833821
-15.006205 -9.976654 -9.854299 1.251063 4.546443 0.821550
-3.924527 -14.909360 -14.355688 0.429056 5.242473 1.569463
-15.085294 -2.728962 -6.908644 0.783680 4.731035 0.358904
11.325519 -14.022843 -1.097783 -1.772306 6.423970 0.171790
-12.711217 1.740053 13.829443 -0.098694 4.089554 0.107376
-6.255210 6.552147 -8.439362 -1.277836 7.818988 -1.724022
6.855344 -3.840531 -11.420043 -0.765534 6.052268 1.275272
-1.996760 -12.690609 5.583991 0.548002 8.972385 -1.532501
11.541784 8.730478 -7.573993 1.520747 5.916571 -0.997950
-4.465686 1.402980 -11.061871 -0.065441 6.656914 -0.162104
7.401106 -4.871753 -14.641553 -0.565320 4.870807 1.118368
4.660532 14.779123 -10.202575 0.790717 6.670467 -1.730993
1.171646 -5.217139 -1.200649 -0.812468 18.298676 0.832580
-2.900585 9.157117 7.619687 -0.939356 9.552151 2.467640
-2.489507 -13.715678 -1.265596 0.726532 9.487808 0.369348
5.759842 12.276219 -3.445857 1.842684 9.599385 -1.102396
-0.515227 2.215904 -13.656167 -0.015777 5.745766 -0.418170
-7.187467 -7.858999 -4.744662 2.117328 9.011385 1.397712
-5.225901 11.538456 -4.593861 -1.729489 9.737071 -1.520318
-4.655453 4.315837 -12.812852 -0.365987 5.832730 -1.007278
-10.055273 5.864055 -15.170003 -0.510008 4.321356 -0.769429
-5.584483 -7.611647 3.289086 2.260843 10.944190 -1.331566
-3.263887 1.847827 -7.537028 -0.233481 10.254035 -0.539160
-7.694655 11.333681 15.731366 -0.666431 4.657752 1.362487
-12.449513 -6.214778 11.118595 1.035640 4.828571 -0.924925
7.738208 8.138420 -10.070771 1.181914 6.440311 -1.538183
-14.588214 12.112949 10.455624 -1.219977 4.548599 0.874379
6.159490 -7.020992 5.859785 -1.895920 9.277078 -1.803669
15.340011 8.817342 -15.824287 0.671180 3.598165 -0.692368
7.294854 -7.420218 -15.443176 -0.621188 4.746147 1.315052
-4.969364 14.522252 -13.751033 -0.597788 5.471641 -1.654176
7.997251 -0.537381 -11.044236 -0.309500 5.767045 0.427420
14.397163 -5.946335 5.954400 -1.381259 5.189036 -0.571263
15.877269 -3.483658 -8.672460 -0.765219 4.336495 0.417977
-10.454980 6.356955 0.760626 -2.110301 7.835390 0.153530
-15.243750 8.611258 -8.663260 -1.160790 4.592854 -0.659695
-4.305544 12.209855 13.690286 -0.554221 5.664959 1.762251
-1.491084 13.166665 4.565342 -0.519137 10.249061 1.589474
13.127402 8.197975 -9.318896 1.188372 5.018558 -0.843603
-0.751101 11.462617 -2.514411 -0.368706 12.586956 -1.234291
-2.113669 7.061756 11.153156 -0.382836 7.219259 2.020102
1.182017 6.313631 -0.984136 0.509303 19.539832 -0.424041
0.221284 -6.244496 -1.087335 -0.163265 17.166033 0.802246
6.680650 9.613518 -12.621075 0.846870 5.723912 -1.599906
-7.042459 -5.596297 -2.445617 2.641064 10.641809 0.917156
-2.139542 -5.286322 12.649189 0.303581 6.356116 -1.794800
-8.962196 7.109411 2.983317 -2.314817 8.684124 0.770551
7.875747 16.917329 -10.838706 0.983686 5.662310 -1.353762
14.222740 5.209522 -11.989780 0.602740 4.200837 -0.508110
9.442924 1.274097 1.791229 0.159321 8.507834 0.030222
8.193594 -9.366134 -4.998240 -1.976386 8.031062 1.205631
11.343303 -9.144024 -0.533440 -2.180884 7.052857 0.102560
15.998190 -10.256490 -4.765743 -1.552827 4.894276 0.462576
-3.443202 4.452767 -2.045989 -0.638993 19.050392 -0.379697
9.932097 -0.587528 12.967876 -0.242707 4.750199 -0.316892
11.421352 2.123219 11.119858 0.212700 4.867448 0.207085
-6.496491 -4.444259 -3.783312 2.354476 10.834688 1.371158
2.580759 -3.887045 1.588827 -1.213665 18.627444 -0.747185
13.879814 -10.858164 -3.698119 -1.772552 5.637639 0.472276
-13.438732 3.056551 -11.344417 -0.343608 4.400867 -0.290059
13.601365 16.430373 13.499882 1.013220 4.239761 1.005660
0.293213 -7.996192 5.837773 -0.125416 11.344937 -2.496993
-15.854428 14.887348 12.192402 -1.095658 4.083216 0.842585
-6.705288 -7.043021 15.959031 0.541705 4.668872 -1.289294
13.426069 14.122808 13.912279 0.988260 4.224571 1.024049
-5.292739 2.321670 -7.683170 -0.450507 8.818843 -0.653976
-15.412416 7.525138 2.204393 -1.430300 5.178237 0.204572
-8.579068 -0.586837 15.802209 0.160280 4.290873 -0.295228
-13.188829 2.560830 1.277441 -0.558755 5.950553 0.054120
5.183165 11.618506 5.862447 1.540206 9.113648 1.742059
-13.562289 -9.849425 -13.288549 1.000060 4.289370 0.979875
5.996613 1.575464 -13.468354 0.071327 5.284730 -0.160201
-11.503523 16.933555 -12.881622 -1.011583 4.641110 -1.132769
14.028683 8.530574 15.870032 0.662913 3.747093 0.749925
-11.756628 -2.247678 -3.132441 1.207939 6.602461 0.321844
-4.333226 -6.131028 11.627590 0.694073 6.595822 -1.862445
15.956750 -1.608066 -9.159040 -0.451207 4.207214 0.258989
-13.581023 14.260336 -15.713946 -0.865530 3.930495 -1.001462
-9.512479 -12.419398 -14.317671 0.874627 4.733313 1.316442
-9.921700 -5.087043 -11.516936 0.935458 5.296487 1.085863
9.569897 2.206845 4.528809 0.558269 7.625254 0.264192
3.320297 -3.340584 0.802911 -1.158297 18.801139 -0.280098
1.984943 12.088795 -6.831533 0.617923 9.418066 -2.126690
-0.261453 -3.182207 10.123923 0.049362 8.109756 -1.911388
11.168431 -12.795765 -3.845622 -1.782798 6.436105 0.613870
-14.097988 1.752886 -13.936818 -0.095485 3.865732 -0.094394
3.368601 8.315834 -9.572189 0.793287 8.037373 -2.254197
6.796350 13.015217 15.669535 0.633965 4.780889 1.461657
-1.718008 0.269213 6.749056 0.134417 12.587786 -0.528047
-13.316353 0.648910 -0.690989 0.126984 5.889347 0.006589
8.264347 -5.196523 -2.709201 -2.462511 9.382882 0.807255
-2.897264 -12.594568 9.260266 0.577202 7.332957 -1.844858
-2.210388 -11.529424 -6.740339 0.611979 8.887386 1.866164
-6.591733 12.662616 -7.332969 -1.445152 7.643221 -1.607658
-10.016334 -2.815356 -14.025160 0.479302 4.545045 0.671133
-14.731273 10.681570 1.394987 -1.779872 5.524145 0.168546
-10.027470 -8.733493 7.318168 1.677423 6.541856 -1.224203
0.252126 -7.260832 2.291323 -0.163458 15.091291 -1.485506
-6.582162 4.762654 2.300507 -2.247311 12.007327 0.785449
-13.123649 10.920463 -0.828697 -1.983422 6.192285 -0.125244
1.492078 14.253354 9.145361 0.317172 7.602869 1.944036
-0.950247 6.690476 15.153570 -0.086085 5.287567 1.372802
-12.315321 12.170586 -4.171329 -1.874048 6.199140 -0.634760
10.728993 -11.054766 0.639046 -2.081938 7.131398 -0.124006
7.436255 12.797362 -14.131335 0.787440 5.106740 -1.496396
0.196292 9.848284 -15.379189 0.021465 5.306244 -1.681774
-11.951808 14.606108 5.286352 -1.688789 5.991074 0.746961
0.840184 -8.487093 6.732541 -0.307532 10.296756 -2.464306
-13.571012 12.742793 -7.291544 -1.534796 5.285808 -0.824628
13.427360 -7.960231 -7.800716 -1.444028 5.255356 0.838918
-12.546637 2.700378 -11.113722 -0.305151 4.623874 -0.270301
-12.835388 14.552791 -9.812154 -1.313001 5.009559 -1.003738
9.636216 -11.371886 -9.172793 -1.378180 6.001904 1.311901
-0.710888 14.226116 -8.698478 -0.159581 7.859114 -1.952644
-6.674590 12.469716 0.843933 -2.096765 9.509202 0.265114
3.319984 -6.853145 -4.978642 -1.510653 11.818989 2.265373
13.946437 6.550731 2.317282 1.477518 5.704463 0.245498
-12.232883 10.243066 -8.576134 -1.437366 5.470508 -1.007697
-5.748503 -9.435795 10.936661 0.961946 6.531454 -1.830125
-8.768777 -7.805387 1.002053 2.507770 8.856573 -0.286576
9.677429 -11.122377 -13.273885 -0.971971 4.964627 1.333188
7.698224 -11.949719 3.875732 -1.781087 7.983521 -0.896703
9.387251 10.772050 -3.453839 2.194397 7.876326 -0.807382
10.392533 -2.590314 15.551455 -0.377141 4.158631 -0.564357
-13.521714 2.404289 15.129195 -0.159019 3.778170 0.177923
-13.146474 14.160851 15.577595 -0.869898 4.005716 1.030764
8.180543 -4.353373 -0.056751 -2.595487 10.038644 0.018006
-8.395753 2.885752 13.496990 -0.261285 4.896631 0.420040
-5.201091 -8.044241 9.847965 1.049593 7.264425 -1.987343
6.745756 -7.543272 4.290901 -2.205562 9.593355 -1.402933
-4.867202 3.321957 -10.368316 -0.433811 7.015956 -0.924123
0.561324 11.981845 0.771014 0.274151 12.634008 0.376564
8.633830 12.529742 10.767530 1.184403 5.859542 1.477108
15.873069 -8.512909 -2.508276 -1.614267 5.079563 0.255088
6.289271 -14.030314 14.655878 -0.638555 5.007762 -1.488023
14.320185 -1.720429 11.235133 -0.434140 4.258007 -0.340612
1.856259 9.996554 -1.238237 1.115109 14.280665 -0.743845
5.185599 12.260523 -8.173716 1.185893 7.816819 -1.869245
1.542162 -0.953530 12.090352 -0.100421 6.535395 -0.787290
15.899687 4.918956 9.881168 0.622326 4.164133 0.386756
11.867444 -8.414090 -3.336437 -2.011980 6.598779 0.565652
-7.005684 3.083987 10.672023 -0.430350 6.215018 0.655568
-3.175647 -5.710319 -5.081880 1.516907 12.400116 2.427455
-11.059623 -2.355435 14.787635 0.391116 4.209305 -0.522954
3.039914 14.965000 -1.152942 0.948741 9.801106 -0.359827
4.494021 15.006518 -0.904572 1.305084 9.351832 -0.262692
-11.939021 -5.586680 -4.655010 1.734391 6.371211 0.676237
10.939060 5.120451 6.871376 1.171634 6.223250 0.735963
-4.238957 15.495855 4.979950 -1.032619 8.402780 1.213126
13.036847 -0.727950 -11.339746 -0.295918 4.477677 0.257396
-8.788083 -2.210603 -8.663171 0.863770 6.498911 0.851493
-11.231147 -8.928494 -11.765616 1.125316 5.020813 1.178867
-3.990118 3.657797 8.593959 -0.619145 8.689582 1.333522
15.136459 7.268767 -2.305441 1.427911 5.262571 -0.217486
-14.359367 10.658107 14.420717 -0.865138 3.966034 0.868835
-15.511085 15.761029 -8.225214 -1.355285 4.611271 -0.718680
-1.161046 -13.130947 12.559373 0.168457 6.101864 -1.822251
-12.585984 13.341477 3.950580 -1.824831 6.047193 0.572791
-9.661275 9.241508 -8.560006 -1.485375 6.338393 -1.316061
-14.155581 -12.632001 6.296927 1.550135 5.198262 -0.689557
-5.201493 14.276241 -10.707732 -0.841633 6.464399 -1.732576
0.830168 3.597482 -5.923955 0.240339 14.505939 -1.715021
-0.130100 14.273393 4.878834 -0.040066 9.611934 1.502498
-15.057411 -10.096899 2.000076 1.749577 5.370234 -0.232396
-8.114763 -1.419818 2.585534 1.445203 9.802404 -0.460472
-14.820265 -5.228635 -4.052734 1.381104 5.241418 0.377675
6.977534 -3.090761 -11.002687 -0.727960 6.164412 1.147900
-10.055435 -9.735726 0.097509 2.249859 7.697090 -0.021817
2.995073 11.906349 -7.188882 0.876184 9.046641 -2.103048
-7.634716 -3.432905 12.148498 0.666381 5.565627 -1.060358
-7.155317 -10.045150 6.704440 1.628870 7.786325 -1.526230
12.084763 -2.468486 13.332276 -0.472802 4.329932 -0.521609
1.761623 7.835686 15.866529 0.158153 5.051819 1.424448
-11.678424 -13.206171 3.214259 1.775140 6.272766 -0.488573
-12.502582 6.052088 -15.949981 -0.490132 3.857510 -0.625279
-2.796357 -13.863480 -7.888616 0.574091 7.574169 1.619529
9.108108 -6.877250 -7.328289 -1.679315 6.995950 1.351159
0.252041 -12.468404 -8.334489 -0.057670 7.973656 1.907043
-1.999464 7.447737 3.648750 -1.231347 15.127680 2.247041
2.590932 -5.767118 -6.042401 -1.125982 11.634263 2.625942
13.351033 9.366106 15.298548 0.749936 3.944077 0.859329
-1.644413 -12.868060 -3.191591 0.510929 9.756996 0.991647
13.477545 -13.308718 -9.408071 -1.324004 4.907664 0.924228
8.924142 -9.343165 13.942505 -0.869750 4.934377 -1.358842
-7.418457 14.721418 2.515946 -1.741701 8.126790 0.590692
4.996922 -2.496907 2.947182 -1.919154 14.426153 -1.131916
0.872849 10.846387 -11.298047 0.169394 7.091651 -2.192618
15.959947 -3.584078 -5.583646 -0.937402 4.666584 0.327954
5.018826 8.837162 7.994306 1.332155 8.531845 2.121941
12.861018 -5.247919 -1.126310 -1.794375 6.312715 0.157143
-12.169980 -4.475796 -3.625150 1.642873 6.399017 0.489373
10.012617 9.395574 6.236964 1.829387 6.919809 1.139545
3.868345 3.214280 4.443944 0.950540 14.966570 1.091978
-12.548517 -9.101848 -7.816643 1.526955 5.526725 0.951161
-1.497749 8.257232 -3.832700 -0.899666 14.425563 -2.302223
-14.754064 -8.027176 3.634754 1.664432 5.375002 -0.410043
11.294309 5.724635 0.425362 1.814380 7.221387 0.068332
14.624723 12.559003 11.935529 1.109421 4.322816 0.905420
-6.031192 -2.846128 -2.128205 2.306765 13.024128 0.813980
-2.881860 7.700773 10.002870 -0.638804 7.872907 2.217274
0.539852 4.209749 8.976844 0.108342 9.216506 1.801550
-10.657953 16.288512 -8.844493 -1.310305 5.586445 -1.087355
12.570220 7.913424 12.878391 0.848474 4.444230 0.869275
-1.805837 13.918590 -9.868787 -0.362458 7.321026 -1.980810
0.895858 -12.787830 -4.009123 -0.273527 9.632750 1.224080
2.250966 1.932657 12.928685 0.059157 5.999673 0.339775
-5.224188 -4.000116 4.538334 2.068409 11.768751 -1.796859
-4.064813 8.973811 -9.943388 -0.873446 7.580590 -2.136632
9.180752 9.247267 -15.071558 0.717644 4.579409 -1.178119
10.781229 5.715460 7.719190 1.195279 6.076279 0.855801
1.686074 16.452135 -13.589742 0.208987 5.618796 -1.684430
14.957544 -14.864506 -7.825948 -1.364854 4.735411 0.714106
13.383269 -8.208532 -3.363621 -1.840473 5.924084 0.462567
6.953129 -9.935603 -9.613237 -1.227184 6.727043 1.696677
9.558457 3.443321 6.932933 0.827270 6.787795 0.600035
12.995555 13.811063 4.410949 1.753143 5.817586 0.595052
-13.780506 -3.819345 6.156297 1.127639 5.285194 -0.503761
9.983364 -14.054056 12.670694 -0.995450 4.958374 -1.263406
13.960518 2.434037 9.511828 0.281327 4.580974 0.191679
1.340819 8.456148 -5.383038 0.663743 12.539816 -2.664755
8.136440 2.816745 -7.652067 0.615689 7.196440 -0.579037
2.250395 8.703651 12.014613 0.379442 6.696951 2.025799
-11.073607 16.236989 -4.623473 -1.619240 6.180668 -0.676068
1.040539 2.925736 14.872401 0.039346 5.245952 0.562365
9.165432 -6.641596 -11.178109 -1.089288 5.638086 1.328489
9.492248 7.300040 -13.613340 0.738191 4.826662 -1.058679
0.650339 -14.965904 15.457910 -0.067281 5.082091 -1.599208
-14.629344 7.710942 -14.128290 -0.708741 3.890735 -0.684467
-9.732816 0.811251 -13.064552 0.028858 4.748418 0.038736
-2.046256 16.108381 -11.594071 -0.307479 6.274834 -1.742171
7.656934 -10.252636 11.126992 -1.093132 5.987683 -1.588531
5.894350 -2.820299 -14.259446 -0.378893 5.119475 0.916607
3.371137 -9.097055 13.139087 -0.481796 6.007529 -1.877810
1.107671 4.436842 7.833933 0.295374 10.584767 2.089013
3.394685 -1.448789 15.837106 -0.128625 4.813472 -0.600069
-1.906715 -14.069266 5.362448 0.465907 8.487727 -1.310316
-9.348437 13.569624 -13.226161 -0.961881 5.024076 -1.360868
3.878971 8.243055 5.508403 1.620776 11.254038 2.301613
6.453442 -0.214162 13.339859 -0.158565 5.264188 -0.327769
-13.082130 -12.212988 3.208156 1.794376 5.880260 -0.440038
-14.482289 8.513869 2.494266 -1.648571 5.538403 0.283931
7.761670 -7.048381 8.088461 -1.548675 7.278431 -1.613879
-6.523148 2.278507 -2.076759 -0.897303 12.795821 -0.285672
0.003205 5.851949 7.329132 0.001162 11.211859 2.656602
-2.760832 12.862504 -9.683413 -0.584691 7.498246 -2.050760
-10.121107 -9.949688 6.282080 1.774825 6.702983 -1.101618
2.835129 -2.469832 9.817550 -0.461023 8.011266 -1.596442
13.454614 4.275858 11.837803 0.505536 4.343286 0.444787
-9.428570 1.314615 15.025267 -0.036676 4.340559 0.058447
12.101753 7.166655 12.121772 0.857698 4.660420 0.859117
-5.395439 9.502806 14.567863 -0.570093 5.245932 1.539270
-11.241861 -10.571712 -10.795044 1.245340 5.230959 1.195843
-13.949064 -14.175904 7.417051 1.431541 5.040531 -0.761185
-9.308907 14.667332 -9.930495 -1.240238 5.796225 -1.323053
3.214495 15.631752 -9.281005 0.592663 7.067768 -1.711157
6.559453 4.180234 11.499493 0.536272 6.016100 0.940148
1.995062 -12.652293 -1.471073 -0.665383 10.192410 0.490625
14.599564 -13.991516 15.116111 -0.918434 3.884764 -0.950929
6.945256 0.849935 5.231544 -0.079563 9.576220 -0.059931
-15.436550 -8.209875 14.719667 0.810864 3.761773 -0.773207
9.968527 5.116679 10.457042 0.807312 5.510348 0.846875
13.712110 13.474624 -15.384574 0.878140 3.956935 -0.985247
-13.300464 7.436681 -6.938923 -1.337536 5.385352 -0.697800
10.914941 -4.486300 11.957396 -0.822181 4.925812 -0.900705
5.585525 -1.945192 11.186356 -0.493894 6.393915 -0.989141
-2.988358 2.817372 12.977741 -0.144536 5.925326 0.627686
2.156779 16.116747 14.122726 0.256045 5.469916 1.676596
-0.101050 -11.578974 -1.270048 0.039792 11.194666 0.500129
3.755901 -3.263430 2.508534 -1.764066 16.686358 -1.178204
-11.239949 -8.790447 13.824352 0.922845 4.567379 -1.135035
-9.058527 8.452005 -8.848649 -1.411236 6.462416 -1.378539
-15.056797 15.786065 -14.026847 -0.986297 3.966790 -0.918830
13.143472 -14.612880 -10.587614 -1.206451 4.746617 0.971847
12.442210 16.873591 2.637674 1.653786 5.871364 0.350593
2.205331 4.279775 -14.488395 0.142409 5.390396 -0.935586
-12.869355 1.561425 -2.641909 -0.203864 5.987308 -0.041851
2.304969 -13.010921 -12.599153 -0.329509 6.045195 1.801124
-10.148200 7.657356 10.772588 -1.073056 5.471760 1.139078
11.680589 1.859378 8.358947 0.222189 5.438406 0.159004
6.312378 1.694252 4.754509 0.396817 10.749614 0.298884
8.276384 -2.787668 -7.114951 -1.239181 7.464371 1.065285
0.823021 -9.544396 4.763164 -0.339547 11.216442 -1.965098
13.143543 -8.642215 5.290069 -1.727579 5.767781 -0.695323
-9.390763 6.051804 5.793132 -1.652922 7.419190 1.019682
15.942424 14.485910 -12.057285 1.100743 4.086145 -0.832494
-11.787113 14.890177 -15.839878 -0.835379 4.135636 -1.122607
14.455471 1.614441 -9.558243 0.117133 4.449939 -0.077451
-5.942978 11.416542 6.503409 -1.582935 8.518164 1.732208
15.340949 12.215509 -15.610490 0.831688 3.699690 -0.846301
1.907936 2.290734 6.998937 0.249101 11.909677 0.913783
13.711517 6.956466 7.991864 1.148095 5.051429 0.669176
11.867039 -10.429137 -1.314190 -2.046747 6.647363 0.226663
10.060884 9.902818 -3.834642 2.147964 7.498218 -0.818683
6.617071 14.003694 13.745776 0.751340 5.295566 1.560773
-15.439601 -14.010250 -1.934711 1.627930 5.113486 0.203993
11.673730 -8.798702 -9.873055 -1.324000 5.345776 1.119773
-15.053008 -0.282262 9.579103 0.233139 4.321695 -0.148360
7.597879 -4.898992 12.574861 -0.762589 5.486804 -1.262121
9.806621 -12.939965 -0.381229 -1.891263 7.213859 0.073522
-10.979857 7.955438 -12.608793 -0.891038 4.811407 -1.023229
-13.821309 -9.757171 5.655372 1.656659 5.464710 -0.677868
-9.039273 -10.215445 -14.492729 0.837836 4.783215 1.343309
-1.789288 13.606809 -10.929313 -0.326256 6.900468 -1.992833
1.621964 -0.029875 6.938579 -0.173792 12.202208 -0.743462
2.881273 -6.488317 -0.635846 -1.905842 15.470228 0.420585
1.807292 -2.290953 4.230637 -0.538881 17.694045 -1.261450
-3.091675 -0.586520 7.694259 0.396910 10.125835 -0.987790
12.795362 -11.772207 -15.737992 -0.851303 4.024128 1.047082
9.022422 0.603442 -4.310658 -0.200922 8.127130 0.095995
9.168430 16.502114 -13.950914 0.858126 4.795915 -1.305747
-11.155673 -11.745557 12.165854 1.108182 4.931391 -1.208532
8.737935 16.028129 -5.504340 1.502285 6.799926 -0.946343
15.218575 10.723108 -14.427165 0.856577 3.842569 -0.812033
-0.068528 -10.664662 -3.161214 0.028149 11.351251 1.298527
-8.887146 -5.128092 -10.683966 1.039467 5.833183 1.249629
7.059821 -12.260640 -3.066227 -1.740789 8.334713 0.756061
12.161450 -10.329204 15.394605 -0.845418 4.151853 -1.070174
3.603032 9.336512 -14.721675 0.398899 5.379573 -1.629867
9.036799 -7.952273 -7.658940 -1.643333 6.870038 1.392771
-0.021252 8.897545 7.634920 -0.007530 10.097236 2.704977
1.834483 -8.707183 -11.463533 -0.343313 6.953051 2.145336
-12.563587 -6.033851 12.357646 0.902827 4.549628 -0.888028
2.541537 -5.879166 9.087616 -0.672475 8.635199 -2.404529
3.111828 3.801786 -11.539845 0.294821 6.712736 -1.093309
12.702225 -7.312319 -15.621666 -0.725825 3.978581 0.892647
11.200442 0.591135 -0.342549 -0.195173 7.139010 0.005969
11.686518 -13.132967 2.293125 -1.818625 6.356404 -0.356850
15.016867 -2.641461 -15.893042 -0.357391 3.527526 0.378244
-1.907183 -12.377987 9.065578 0.402175 7.575139 -1.911696
-15.369337 -0.907662 -10.535053 0.310774 4.137779 0.213023
3.003352 -10.997352 15.731707 -0.316188 5.088980 -1.656206
-8.229197 -10.455532 -8.066650 1.492027 6.838438 1.462556
-9.780259 -13.922214 -13.817148 0.905732 4.759841 1.279581
-5.852462 4.606698 -2.207795 -2.188876 13.396547 -0.825736
-7.082651 -7.713274 9.064172 1.355302 7.072573 -1.734477
-3.656617 -10.322759 -6.415598 1.085087 9.161170 1.903805
5.562853 1.843923 4.367045 0.494249 12.334953 0.388003
-14.610587 -3.543111 14.860871 0.484825 3.731390 -0.493130
2.656214 16.005257 8.722993 0.507426 7.253379 1.666385
-2.327111 -12.949544 1.075863 0.747281 9.986480 -0.345481
5.444933 -2.316899 -4.194568 -1.739298 12.292981 1.339889
-13.706952 -14.486054 -10.133574 1.241892 4.710852 0.918133
9.304218 -5.655245 13.395652 -0.781167 4.930729 -1.124678
-5.812750 7.388594 11.165403 -0.865906 6.486903 1.663273
-1.307627 -9.833306 13.191495 0.193684 6.110078 -1.953902
-1.813670 6.002897 -0.806222 -0.597920 19.592688 -0.265791
-3.047914 -12.482352 -11.229870 0.502607 6.545177 1.851826
-6.676170 0.982208 -1.253559 0.013023 13.035020 0.002445
15.459654 -0.761368 7.432961 -0.364808 4.512818 -0.175399
9.472488 -7.235760 -1.414892 -2.448179 8.376129 0.365681
-14.627367 -3.329722 -10.140452 0.715242 4.407820 0.495843
-9.331120 -8.618271 9.712692 1.349269 6.060254 -1.404444
2.088785 -10.712222 -5.968439 -0.668307 9.647151 1.909602
-9.933529 -5.270854 3.183823 2.153910 7.868519 -0.690356
3.249583 -10.850545 11.048403 -0.581478 6.797728 -1.976994
-1.281683 -3.323430 -10.807976 0.211588 7.507119 1.784249
-5.466948 -14.865009 -14.293304 0.576111 5.132694 1.506238
13.456495 -2.760969 -15.032581 -0.413034 3.842146 0.461410
13.005784 15.413772 -3.471358 1.715026 5.785026 -0.457755
4.424787 -3.836429 13.245440 -0.440324 5.749769 -1.318093
1.387022 4.410925 10.787926 0.193469 7.477254 1.504754
-13.194869 9.512475 7.729154 -1.443149 5.332930 0.845353
-0.208705 -7.872025 -5.469659 0.094383 11.758393 2.473562
11.054479 4.454716 -9.150234 0.788499 5.522012 -0.652672
0.060337 5.849533 13.938652 0.006043 5.762055 1.396122
2.275252 14.987603 -13.111866 0.309425 5.873755 -1.783162
9.611782 -13.185929 -12.566908 -1.006752 5.080435 1.316276
-12.500453 -10.026133 7.995136 1.516488 5.493520 -0.969927
-5.137283 7.967816 11.449532 -0.797636 6.518255 1.777701
-3.033601 -12.108391 -8.963079 0.638298 7.545139 1.885915
8.249525 -13.250449 0.887825 -1.785567 7.772050 -0.192165
-3.960059 4.362125 -3.769877 -1.484731 15.308973 -1.413427
6.584477 -1.958661 8.299041 -0.871085 7.679741 -1.097912
10.868791 -9.506008 7.147534 -1.668048 6.231418 -1.096942
8.677804 -8.232321 -0.302162 -2.492105 8.875957 0.086775
9.920582 11.555741 7.265179 1.669707 6.551464 1.222783
14.194830 6.959992 8.106961 1.105111 4.893162 0.631152
-10.302104 8.675237 -2.667908 -2.244073 7.664586 -0.581142
-12.037849 7.959136 2.613194 -1.941481 6.644144 0.421460
14.277326 7.602330 -13.640337 0.738137 4.012814 -0.705204
3.612139 -12.325342 9.867188 -0.674581 7.036074 -1.842737
15.801541 -4.886485 11.656321 -0.761693 4.015022 -0.561878
-1.230756 11.388700 -11.613633 -0.225416 6.864651 -2.127063
2.956909 -6.237190 1.784989 -1.902378 15.220798 -1.148404
-2.243843 -13.763339 9.369026 0.417021 7.112304 -1.741245
6.497656 10.154501 -7.361056 1.588278 8.082985 -1.799326
10.704604 9.411242 -12.310379 1.011081 4.981765 -1.162751
9.711468 6.297348 15.837001 0.499349 4.241466 0.814314
-12.521949 -13.428238 -10.226370 1.260840 4.975354 1.029697
-8.108266 -10.422572 13.848896 0.850282 5.087107 -1.452279
2.125582 -13.336193 -7.199423 -0.487814 8.072200 1.652244
-8.885986 -6.922740 -7.715672 1.619556 6.949537 1.406255
-4.501126 0.914114 -11.090713 0.013957 6.630590 0.034389
6.538874 3.323365 -9.306621 0.593185 7.070776 -0.844266
9.771669 11.204316 -11.990060 1.089760 5.283643 -1.337161
-7.440378 8.665483 10.965888 -1.065016 6.170466 1.569658
10.052488 -7.261037 -13.944402 -0.836088 4.709635 1.159788
-5.617308 -10.327340 4.624990 1.685900 9.226562 -1.388080
-14.404601 0.624758 -4.256308 0.106282 5.178725 0.031405
9.646079 6.995249 -12.701797 0.801282 5.026040 -1.055115
-10.473242 -11.456012 -0.484967 2.053258 7.193346 0.095077
10.396672 2.292936 -1.089495 0.668287 7.738215 -0.070032
3.197666 -0.563694 -7.611404 -0.408298 10.178983 0.971873
14.868059 -2.257199 -10.055664 -0.553348 4.335479 0.374244
-1.707604 -11.359564 -5.120968 0.556539 9.843882 1.669017
4.148310 -10.116671 10.668784 -0.767724 6.911451 -1.974462
-11.018981 -8.591838 13.649971 0.929792 4.638774 -1.151798
3.796901 -3.679962 15.734472 -0.254079 4.895110 -1.052910
10.372062 -5.561401 -0.267785 -2.301243 7.903019 0.059413
-12.142027 12.311498 6.086555 -1.716061 5.955008 0.860227
-15.786977 12.657964 -10.359663 -1.198949 4.322244 -0.786769
5.034638 -14.672796 7.638767 -0.915026 7.085825 -1.388316
-1.584132 8.095046 -12.105158 -0.261872 6.706360 -2.001095
-13.817005 14.879985 -0.079095 -1.789892 5.710722 -0.010246
-13.138636 -2.152937 -15.178526 0.347821 3.848668 0.401823
-12.485591 -8.883042 -15.597094 0.793637 4.049417 0.991418
-11.578998 -0.641982 -9.183367 0.384678 5.288516 0.305090
-15.338381 -8.466862 -0.761575 1.712283 5.320529 0.085018
-1.846721 -1.692273 -15.065175 0.091093 5.168865 0.743114
-8.140810 5.099883 -12.239526 -0.628727 5.407094 -0.945278
-0.672515 9.743700 -6.936890 -0.252391 10.436080 -2.603381
-0.412412 3.935789 6.108881 -0.132778 13.986748 1.966781
10.286473 -14.678248 -8.783606 -1.282913 5.647765 1.095478
10.765561 13.599356 -4.127012 1.867171 6.702192 -0.715786
-14.495764 0.600441 8.727542 0.081778 4.562471 -0.049236
5.215513 6.473529 -14.686473 0.431516 5.131958 -1.215115
-15.045856 9.260235 15.635564 -0.710179 3.670064 0.738014
-2.506995 14.058493 12.307913 -0.381342 6.230740 1.872170
14.269624 -10.705637 -11.643728 -1.142188 4.433922 0.932002
-10.749579 8.240512 -0.934278 -2.266599 7.583320 -0.196997
-8.933243 -3.214872 -7.765837 1.198148 6.849396 1.041572
0.578076 -1.214818 4.577020 -0.032522 19.443693 -0.257496
-13.027781 -5.600418 4.598951 1.605041 5.885607 -0.566597
-13.541273 -14.628479 -8.995184 1.316046 4.899254 0.874222
0.971217 10.160132 -4.356858 0.478792 12.466729 -2.147848
-13.284539 -8.770431 11.762731 1.099926 4.586790 -0.973924
9.256975 2.305858 -10.162151 0.299210 5.711161 -0.328468
2.421418 1.798086 13.681237 0.046832 5.636498 0.264606
-2.466295 0.001944 8.350454 0.184985 9.560994 -0.626329
3.740583 -2.440862 3.808581 -1.432679 15.566470 -1.458723
-15.007770 -7.234487 13.720508 0.832214 3.934480 -0.760832
11.617473 -9.976220 -11.382532 -1.183772 5.023493 1.159833
5.225494 -0.649383 0.913221 -0.716023 17.372579 -0.125134
-6.839572 -2.579592 6.239146 1.401256 8.928619 -1.278243
-8.166811 7.706035 -13.129999 -0.782429 5.222947 -1.257932
4.252582 -12.231508 13.585296 -0.536825 5.614445 -1.714940
9.340729 -8.035536 11.773044 -1.078480 5.436185 -1.359315
-1.279248 0.738079 -7.214894 0.034106 11.821570 0.192355
-0.349709 11.603728 6.643938 -0.119159 9.923028 2.263846
-2.006504 10.155838 8.579208 -0.567608 8.797118 2.426922
3.288604 9.711322 -2.955194 1.700886 12.853193 -1.528444
-12.905885 -3.123138 0.038198 1.386162 6.229794 -0.004103
-1.298508 2.368856 -8.088133 -0.148362 10.277772 -0.924118
6.604853 -7.661916 -12.083261 -0.902439 5.938851 1.650968
-1.336402 -6.386902 -15.659514 0.129655 5.154827 1.519257
5.283895 10.839723 11.299294 0.876057 6.507936 1.873396
9.074264 8.877193 -7.019904 1.732294 7.124912 -1.340113
14.796147 -4.552796 15.075148 -0.560452 3.704263 -0.571020
3.994381 8.924437 6.754188 1.367545 9.888830 2.312413
1.901434 -13.201393 -7.053557 -0.448475 8.199245 1.663661
-5.662205 5.059147 -13.753678 -0.420895 5.336862 -1.022368
2.425175 -11.643971 1.944800 -0.888212 10.674091 -0.712277
3.068371 -7.341718 -7.471620 -0.998856 9.573916 2.432258
6.461456 7.396231 1.026066 2.838289 11.822699 0.450715
6.583535 -7.066440 -5.289636 -2.042159 9.316501 1.640802
0.126190 -11.406411 -5.684925 -0.039993 9.673303 1.801693
-14.121774 -1.313781 -15.409996 0.248602 3.674328 0.271280
11.226954 15.114132 -0.727660 1.865994 6.607401 -0.120942
4.239271 5.892415 -8.063649 1.077884 9.062104 -2.050276
-9.839736 14.128880 -2.243749 -1.939110 7.254011 -0.442174
-15.622517 7.999291 -8.099427 -1.123243 4.555517 -0.582341
8.954862 -10.401147 4.806822 -1.918754 7.528782 -1.029955
8.886841 10.092818 -0.670878 2.483523 8.734546 -0.187484
-6.546999 12.669013 -1.364512 -2.029628 9.450779 -0.423011
13.012001 13.517684 5.369404 1.698869 5.709348 0.701038
2.091151 12.504758 -9.194379 0.486267 7.907131 -2.138019
12.517573 -10.989333 -11.427649 -1.184877 4.817237 1.081708
-14.005574 -8.578184 12.285557 1.032102 4.354063 -0.905351
6.597330 -13.174515 4.551341 -1.471217 7.911551 -1.014957
15.085043 -7.032133 -5.553405 -1.444816 5.050678 0.531894
6.465475 -9.176706 -14.260225 -0.703466 5.219496 1.551562
-0.674504 1.929736 -7.366192 -0.062452 11.654507 -0.682031
5.677805 15.705273 -7.187511 1.103959 7.308500 -1.397498
12.160974 3.704473 0.579121 1.067222 6.573237 0.050822
-7.251324 15.038518 12.327997 -0.889471 5.541988 1.512193
-10.598105 9.737332 -6.268101 -1.796630 6.630329 -1.062592
-13.883342 0.405485 -9.371081 0.119776 4.612651 0.080847
-3.094508 16.323877 4.383785 -0.752133 8.489858 1.065497
15.809553 -10.411182 -6.492309 -1.466786 4.780345 0.602347
4.970044 -12.427236 -8.984009 -0.945723 7.121555 1.709519
-1.525704 15.753656 -14.585179 -0.176713 5.383668 -1.689309
8.043286 -13.950351 -4.717899 -1.515882 7.188392 0.889161
-6.232549 12.701096 1.066526 -1.996176 9.652272 0.341589
-2.669734 -11.264847 -13.076948 0.380977 5.992811 1.866107
4.446716 -2.600095 -8.550840 -0.842100 8.545448 1.619320
-8.455653 -0.255259 -1.177073 0.822986 9.786570 0.114564
13.255144 -7.779619 4.839231 -1.729357 5.794454 -0.631359
11.284413 7.374619 10.611556 1.045640 5.201152 0.983291
5.708872 15.899932 3.948518 1.303543 8.105673 0.901590
0.186511 -10.384113 9.571313 -0.042923 7.852073 -2.202687
5.532529 -5.168306 -0.201625 -2.859269 13.334301 0.104202
-1.068979 4.684432 10.962920 -0.153587 7.385533 1.575114
-7.803976 -12.293643 -11.290322 1.038982 5.784612 1.503136
13.404277 -11.298223 5.841385 -1.651282 5.530088 -0.719604
-9.568760 -11.414460 -2.358510 2.014587 7.502330 0.496556
12.131861 -11.150020 -4.254818 -1.837709 6.193246 0.644511
-13.306908 6.347443 7.460603 -1.142434 5.246492 0.640513
-7.588260 6.982852 3.095296 -2.467896 9.935555 1.006669
-4.345676 12.794213 15.122018 -0.472889 5.179748 1.645551
-0.324618 2.145376 11.653312 -0.014188 6.841513 0.509328
-8.563653 -11.952356 -4.980089 1.738232 7.372589 1.010848
11.161245 0.521752 -9.401180 -0.113533 5.342351 0.095630
-6.477790 2.961746 -4.113734 -1.153751 11.076471 -0.732692
-1.156273 -14.314589 8.744058 0.221345 7.288674 -1.673871
12.899593 -7.097452 10.124319 -1.184980 4.946954 -0.930039
1.978045 4.645180 12.618135 0.198079 6.278399 1.263566
5.289997 9.094114 0.250849 2.600294 12.423024 0.123305
-0.610483 14.367827 13.852857 -0.079888 5.730738 1.812791
-8.275505 -9.101505 15.068462 0.741132 4.744884 -1.349491
-13.237492 -14.430028 -13.803111 0.989657 4.247799 1.031943
-4.273553 0.110819 10.314632 0.162418 7.174908 -0.392010
0.179623 0.636284 12.995047 -0.001900 6.056855 -0.137444
-0.975747 -6.576619 4.363407 0.551281 13.723683 -2.465251
14.835483 11.627223 -6.132139 1.545391 5.090351 -0.638776
-3.376263 0.361714 10.779689 0.089803 7.077431 -0.286721
-11.347123 8.841747 13.089396 -0.903510 4.659484 1.042238
7.277371 -7.825137 -6.782196 -1.758684 8.038366 1.639017
0.210311 -9.577398 11.477574 -0.039365 6.948880 -2.148316
-14.227904 -6.100766 -5.090524 1.481965 5.365895 0.530224
-1.414138 -12.122133 -1.591699 0.508597 10.627184 0.572457
14.916346 15.511034 -0.915865 1.692606 5.316267 -0.103926
13.260393 10.539652 -6.252910 1.628056 5.575905 -0.767706
-6.175881 -8.865153 9.892012 1.144798 6.914137 -1.833642
-15.770779 5.023358 6.368691 -0.818423 4.617077 0.330503
0.460845 11.497776 -11.811384 0.082647 6.784973 -2.118235
13.963956 4.361441 13.204136 0.442913 4.034960 0.418813
-9.220726 -11.994853 -4.705148 1.782135 7.162119 0.909387
1.560431 16.787444 3.957786 0.383158 8.606510 0.971819
2.981627 -8.682672 3.629751 -1.362183 11.894048 -1.658284
-2.384159 1.983275 15.534073 -0.040490 4.939673 0.263814
-4.938481 -11.105374 10.552250 0.861671 6.707922 -1.841167
14.205778 -12.361859 -10.824279 -1.218433 4.564862 0.928401
-1.238629 -14.583243 14.737552 0.138078 5.291143 -1.642889
-2.242443 15.049348 5.628737 -0.589252 8.768183 1.479077
-0.962309 10.936212 -9.512766 -0.237544 8.130064 -2.348203
-10.397276 -10.231526 -9.826387 1.345636 5.681049 1.271751
-7.750137 4.806647 -15.615543 -0.358872 4.489421 -0.723082
2.979202 12.960915 -12.319537 0.463372 6.282031 -1.916128
-15.253445 10.272904 -8.693275 -1.269322 4.628852 -0.723415
11.194027 -11.614944 -8.501157 -1.461836 5.711182 1.110172
-13.131245 -11.390048 -0.198026 1.914240 6.066362 0.028868
-12.295046 12.955607 4.770969 -1.800345 6.074753 0.698606
15.718465 15.401265 -11.917100 1.116553 4.136762 -0.846525
-0.738423 13.122398 -0.059900 -0.311248 11.633887 -0.025248
-6.063784 -10.468491 -9.381923 1.147036 7.006313 1.774701
14.654794 -14.212060 -4.907269 -1.552421 5.131312 0.519840
5.870587 9.293472 11.238391 0.935607 6.451689 1.791085
3.688280 16.554779 8.430953 0.673090 7.094353 1.538600
0.575783 8.073725 -13.853898 0.072635 5.876261 -1.747667
-12.265835 10.011537 -0.911564 -2.087109 6.628484 -0.155108
-0.065207 -14.959603 11.263399 0.009785 6.318294 -1.690247
-1.678254 -4.776663 -6.718290 0.686681 11.532687 2.748882
-11.273179 -8.831677 -0.220600 2.205538 7.123640 0.043159
0.128847 6.862811 5.206771 0.069719 14.031925 2.817364
-14.857770 10.258300 4.791311 -1.594531 5.230337 0.514202
14.167077 7.579122 -0.639668 1.642453 5.723777 -0.074160
-15.777472 -10.346120 13.034407 1.000010 3.973052 -0.826149
-15.215333 -7.739643 14.602798 0.798119 3.796375 -0.765988
-4.709402 9.894666 0.918350 -2.298593 12.367978 0.448234
9.307711 -5.646737 15.413324 -0.611705 4.432832 -1.012968
-6.419102 6.571613 -1.999363 -2.707936 11.878438 -0.843443
-0.521795 -3.892129 5.492229 0.257968 14.149031 -2.715280
7.007293 2.360884 -6.690301 0.564284 8.443105 -0.538758
15.250134 -7.965012 9.441823 -1.192693 4.518920 -0.738433
-7.146641 12.785280 -12.530955 -0.906879 5.618454 -1.590126
10.438796 0.977336 11.300954 -0.004358 5.046717 -0.004718
-9.341875 -11.400559 -1.302839 2.060709 7.714487 0.287391
9.240977 -14.978377 2.244062 -1.598052 6.893918 -0.388068
-6.977233 7.561494 12.775177 -0.760793 5.566235 1.392997
14.393128 6.253577 -5.208942 1.210344 5.223689 -0.438029
-14.019904 -11.040002 -8.440279 1.418258 4.984094 0.853822
6.735138 4.393543 -0.270428 2.237640 12.519883 -0.089845
-15.944160 8.216690 6.754597 -1.214311 4.642254 0.514432
-11.069273 -5.295488 1.346997 2.109587 7.354387 -0.256711
5.918550 -5.182913 15.174434 -0.476273 4.920678 -1.221104
-10.740662 14.535309 4.136549 -1.790041 6.588465 0.689398
-15.159904 12.204396 4.941841 -1.607941 5.121362 0.524158
9.022897 -12.443362 -14.961010 -0.805501 4.660649 1.335614
3.705161 -3.109074 -4.781067 -1.554955 13.579454 2.006483
5.895362 -5.505512 -8.887941 -1.238936 7.691119 1.867840
-11.739497 10.979808 6.180613 -1.746179 6.138674 0.919329
-14.777400 14.775856 -4.717377 -1.610578 5.186559 -0.514144
-11.136219 -3.225905 -9.104870 0.930887 5.541246 0.761085
-14.422949 -2.316870 12.830500 0.446360 4.014923 -0.397077
7.816137 -11.132158 -3.304480 -1.941499 8.271872 0.820820
-5.921956 16.614336 -15.505883 -0.557806 4.814726 -1.460544
-1.041088 1.054414 11.319507 -0.002333 7.023425 0.025365
4.400859 -8.928922 3.257002 -1.811056 11.129450 -1.340332
-3.693213 16.517148 -15.253765 -0.379288 5.049957 -1.566542
10.847465 12.010200 -13.910563 0.938637 4.629018 -1.203689
-2.661410 -11.218172 -12.670156 0.398206 6.151988 1.895739
0.322781 15.000376 -12.517564 0.047521 6.148474 -1.842897
-9.878689 -9.590468 -11.555724 1.143830 5.372472 1.338010
-1.437105 -13.217693 -0.373670 0.460416 10.015565 0.119716
-11.280029 6.872769 10.645796 -0.990118 5.174659 0.934447
-12.530736 0.695538 7.360122 0.082145 5.365253 -0.048249
-12.550473 1.197361 -10.350468 -0.039066 4.755703 -0.032218
12.349934 -3.537242 1.579595 -1.548899 6.497368 -0.198109
7.745918 -1.152514 -5.119882 -1.046758 8.881502 0.691884
-14.119577 -9.643689 -3.869089 1.755682 5.572453 0.481097
-6.146895 15.924153 -5.045335 -1.298363 7.716633 -1.065688
12.664457 5.120364 3.113230 1.325296 6.159170 0.325790
1.945288 -4.753537 13.855035 -0.215981 5.777105 -1.538293
-11.864000 7.035082 9.819578 -1.078164 5.220773 0.892373
-0.291142 -4.949031 7.346610 0.110635 10.929478 -2.791741
8.759563 12.907949 -8.016362 1.499629 6.629988 -1.372394
-13.115692 -7.056657 10.679735 1.119383 4.785931 -0.911481
6.179437 -9.903219 -8.841782 -1.251686 7.271678 1.790962
-7.196169 -2.828777 -6.902642 1.324124 8.238973 1.270114
10.637624 -9.003590 10.435331 -1.273316 5.484288 -1.249101
7.025636 5.523159 -1.778235 2.513250 11.399763 -0.636120
9.193795 9.157697 -2.027643 2.440953 8.509717 -0.538339
-14.493746 16.901247 2.158375 -1.618189 5.305593 0.240977
5.304157 -1.795245 -15.260093 -0.228832 4.836777 0.658352
-9.031694 -13.403481 -6.340551 1.509188 6.644843 1.059500
-10.359536 -8.587231 -4.588388 2.019726 7.113502 0.894566
15.396304 -4.410964 10.824225 -0.777762 4.186445 -0.546798
15.973747 9.636094 6.286065 1.359395 4.726013 0.534956
-5.824351 -3.055467 7.960358 1.139460 8.341165 -1.557343
-2.790088 7.711678 9.767260 -0.646970 8.062797 2.264848
-6.503538 15.365948 -1.670049 -1.582527 8.382021 -0.406379
9.807524 9.016801 -1.641337 2.396088 8.130249 -0.400997
5.920192 6.350749 2.785480 2.557770 12.220382 1.203443
14.667396 8.274298 -10.840984 0.988392 4.392247 -0.730541
13.181784 -9.786633 -7.715475 -1.514508 5.345903 0.886462
7.680633 6.338270 7.789407 1.417377 7.493216 1.437450
7.590227 12.549939 -2.855983 2.045556 8.649397 -0.769684
1.275703 11.603135 -3.253398 0.582830 12.011336 -1.486379
-14.589037 2.092661 -7.653894 -0.241254 4.699323 -0.126570
-13.060645 -5.155453 -3.680039 1.617467 5.984770 0.455746
1.576395 -1.496471 8.961579 -0.252703 9.092999 -1.436579
1.398434 -3.482099 -3.483997 -0.631895 17.980438 1.574276
10.920065 -4.644119 -12.348912 -0.801882 4.836989 0.906805
0.524366 10.596774 15.737897 0.055762 5.187320 1.673585
-14.809589 10.347122 4.527832 -1.620149 5.274445 0.495339
-8.499720 4.651454 -14.963823 -0.392983 4.546806 -0.691849
-0.225609 4.529753 13.319560 -0.019816 5.991023 1.169876
10.948592 -9.274367 1.894645 -2.168470 7.171140 -0.375252
9.484483 -9.077078 -0.092010 -2.351619 8.153932 0.022813
-7.607044 0.824767 14.987125 0.019191 4.594201 -0.037810
13.819504 -0.447622 -5.168031 -0.408108 5.293565 0.152619
4.367682 -8.359780 -3.490963 -1.868223 11.364817 1.493217
-3.973287 -12.017409 11.096406 0.658277 6.543043 -1.838406
2.482693 -1.267429 11.022215 -0.223957 7.121325 -0.994286
-7.978011 -2.309920 -14.638468 0.368440 4.692758 0.676034
12.495447 7.015160 2.774725 1.743701 6.363408 0.387204
-14.514103 -10.093406 -2.272292 1.792891 5.544650 0.280691
-12.082274 -5.747854 -9.692065 1.156838 5.214784 0.927984
-2.631560 -14.980992 -3.476946 0.630667 8.494985 0.833269
4.912102 -14.081902 -4.122277 -1.144799 8.233287 0.960725
-9.549901 11.597746 13.271181 -0.958597 4.997529 1.332131
7.669722 8.129074 -14.600237 0.652283 4.888366 -1.241698
-12.479755 5.522090 9.225456 -0.906183 5.116020 0.669881
10.678364 0.699846 -8.896118 -0.077900 5.629830 0.064899
5.773042 -6.409941 0.037790 -2.774131 12.299072 -0.018159
10.658045 5.691321 0.686385 1.928459 7.672052 0.124194
0.501371 15.636110 -8.352066 0.104754 7.637097 -1.745034
-9.410927 -12.802909 -12.787714 0.987143 5.079872 1.341345
8.219470 -1.500793 14.252734 -0.304288 4.734870 -0.527642
-14.669516 3.583162 3.306005 -0.714207 5.217279 0.160958
8.905593 14.128542 11.256087 1.112711 5.580977 1.406394
11.614227 1.657020 9.278770 0.154092 5.238702 0.123106
12.031710 14.677548 -15.609955 0.855130 4.143709 -1.109446
-0.862273 -10.858539 -8.025016 0.228250 8.579207 2.124278
11.308220 16.800507 -1.450446 1.692355 6.298417 -0.217069
5.646356 -4.335127 11.347641 -0.753895 6.406468 -1.515125
-10.112656 9.476850 2.341598 -2.299247 7.783282 0.532393
5.977959 -5.474610 14.097543 -0.574585 5.269558 -1.355016
-2.939801 12.560807 -8.882416 -0.687266 7.935528 -2.076530
-1.161988 -10.670056 5.614626 0.394241 10.011883 -1.904939
-14.833614 9.154967 12.359228 -0.929301 4.157149 0.774285
-10.728078 -12.188528 0.974587 1.963700 6.944951 -0.178391
0.988686 5.748753 -10.973686 0.168475 7.422165 -1.869945
-1.431289 -9.269649 11.692422 0.259271 6.823201 -2.118025
6.370076 -0.042108 -9.376221 -0.272416 7.056946 0.400974
-9.203813 5.828251 9.300318 -1.070619 6.169527 1.081845
-6.613212 -14.584547 15.893197 0.588732 4.667170 -1.414870
-13.943277 -8.529650 5.996947 1.596480 5.384540 -0.686640
-5.413216 8.692351 -8.954347 -1.214498 7.786310 -2.008978
-6.907884 2.992754 -7.987035 -0.651828 7.670814 -0.753657
12.262927 -9.793524 0.277884 -2.062786 6.549201 -0.046744
-14.451306 10.265239 -0.041769 -1.816700 5.657289 -0.005251
-15.907494 4.334084 11.522639 -0.471310 3.942261 0.341395
5.955678 -9.331044 0.284668 -2.241273 10.543725 -0.107128
-12.406391 -1.403661 6.832413 0.662989 5.559967 -0.365119
-13.062447 -10.056657 15.002853 0.874535 4.088695 -1.004446
13.971593 10.458716 -9.164091 1.305313 4.878170 -0.856166
0.665937 5.915417 -15.778763 0.049297 5.036438 -1.168054
12.826887 -14.433090 5.037234 -1.578374 5.594547 -0.619842
2.921579 15.990858 -9.822396 0.506995 6.836052 -1.704527
7.073284 5.374962 15.555847 0.388879 4.606193 0.855237
1.397640 0.306228 15.545733 -0.017115 4.972727 -0.190371
3.008572 2.405293 -13.523739 0.102287 5.665052 -0.459786
-6.612358 9.908759 -7.140497 -1.647386 8.176128 -1.778966
13.049507 0.724189 8.120182 -0.066451 5.052416 -0.041350
8.766740 11.802001 6.823902 1.710221 7.115423 1.331211
12.190876 3.488411 12.639161 0.375407 4.417396 0.389211
-9.721225 12.456801 -13.230531 -0.976049 4.974417 -1.328397
3.610452 3.493790 -4.432913 0.994581 15.286781 -1.221147
-12.514234 5.914823 8.781851 -1.005902 5.216337 0.705891
14.169488 13.708385 1.495975 1.807489 5.639202 0.190830
-13.270031 -7.450413 -13.740300 0.869978 4.213204 0.900808
3.128592 -6.709178 4.060725 -1.614750 12.867751 -2.095849
4.824531 10.301279 -0.030409 2.259399 12.056993 -0.014241
7.609593 1.431345 -9.953024 0.105078 6.305903 -0.137438
-0.485264 6.851304 -15.836869 -0.040323 5.056365 -1.315971
4.296766 15.826901 -13.487333 0.521698 5.531510 -1.637584
-12.639572 6.425625 -3.681864 -1.561867 6.154112 -0.454967
9.695780 14.008034 10.460860 1.226735 5.617885 1.323534
6.521867 10.166802 7.311320 1.598584 8.095501 1.792088
-6.658406 14.299708 -6.110995 -1.443001 7.696852 -1.324367
-5.382840 -0.195063 -12.389469 0.167158 5.818267 0.384740
11.436621 -4.444716 -10.943490 -0.906864 5.045487 0.867761
2.073690 5.985538 1.029124 0.805766 19.344626 0.399883
13.683206 -4.485509 10.954118 -0.841341 4.521785 -0.673538
-9.670749 13.813233 14.483428 -0.870316 4.683793 1.303431
6.038672 -0.626016 -9.811247 -0.381217 6.945615 0.619377
-15.263103 4.304860 -15.948297 -0.323111 3.486207 -0.337616
8.128942 14.941830 -11.385037 1.032594 5.649528 -1.446205
12.440253 4.009615 -14.885278 0.347076 3.987000 -0.415291
10.356485 -2.262865 -15.334059 -0.355014 4.197712 0.525643
15.769253 7.151778 11.859901 0.775853 4.002239 0.583511
2.784796 14.727846 3.870339 0.823635 9.424720 1.144696
-5.437413 -5.757935 13.808234 0.575841 5.459222 -1.462341
-14.563971 -5.549147 1.546148 1.564089 5.529509 -0.166048
0.643349 15.530877 6.960266 0.151155 8.214350 1.635311
-3.756976 7.828970 7.255707 -1.242218 9.818654 2.399049
-9.879624 15.811085 -8.814351 -1.311054 5.820433 -1.169689
-12.913030 5.647788 10.554713 -0.795014 4.738512 0.649820
14.630974 15.800128 12.619938 1.078901 4.216237 0.930605
0.527220 16.520067 -0.334228 0.146793 9.316546 -0.093058
11.878536 3.415455 -12.130311 0.390431 4.576830 -0.398706
-5.968950 1.450952 7.260449 -0.173883 8.733597 0.211506
-13.203796 14.482136 -7.289162 -1.514175 5.329011 -0.835901
-9.842772 -4.249823 -11.169038 0.886375 5.382788 1.005809
-13.228165 -14.408838 5.841015 1.529420 5.397012 -0.675329
14.934442 -9.534081 -15.558561 -0.816323 3.745801 0.850438
7.506500 13.032188 1.894781 2.030319 8.709710 0.512491
13.459933 11.008495 -11.236759 1.152459 4.647745 -0.962108
7.840955 -8.876443 -10.242985 -1.226164 6.306650 1.601793
7.089693 11.779835 4.115706 1.993120 8.820147 1.157045
-10.721731 -11.738658 -4.689333 1.813740 6.611462 0.793270
3.920886 14.149595 13.199661 0.521596 5.778945 1.755951
-8.832615 1.092143 -1.140929 -0.059168 9.306088 -0.007643
-1.325278 12.519935 6.457888 -0.420199 9.570476 2.047571
4.583223 -3.858169 12.042633 -0.555185 6.274166 -1.458775
14.628968 -1.724272 -1.832878 -0.788247 5.334598 0.098760
14.390831 3.073623 5.951491 0.518724 5.009840 0.214524
6.381708 -7.854784 -10.698691 -1.060035 6.553032 1.777108
14.528265 -2.374241 -14.385315 -0.389150 3.779999 0.385321
-1.908212 -1.960469 -7.755839 0.449319 10.513051 1.826236
11.927505 -8.641657 -7.492185 -1.585467 5.801154 0.995901
-8.503764 -11.296235 11.923516 1.044806 5.522159 -1.464970
-6.739784 -5.897391 -12.909723 0.753042 5.574375 1.442415
5.380104 -3.108501 9.144188 -0.908290 7.710119 -1.543758
8.335139 -6.781559 -8.088162 -1.552608 7.042967 1.506603
0.132828 -12.081361 -4.597206 -0.042524 9.831104 1.471754
11.297923 1.259321 10.075903 0.056406 5.134981 0.050305
-6.197355 5.824191 -14.627258 -0.445548 5.000846 -1.051600
0.497303 -11.662500 9.191181 -0.110548 7.768681 -2.043159
11.180335 -4.961212 -3.869976 -1.843540 6.912926 0.638125
-11.039252 5.519587 3.552768 -1.627531 7.016296 0.523789
-6.961689 -5.672944 11.752395 0.884383 5.959030 -1.492973
-0.034846 11.941400 5.421797 -0.013071 10.589524 2.033819
1.853455 -7.266143 12.567607 -0.294129 6.439776 -1.994382
11.194152 15.745858 -5.989588 1.569434 6.006622 -0.839748
-15.874583 9.026852 -14.919841 -0.728215 3.648533 -0.684418
-9.354027 -12.142738 -0.262423 1.984661 7.585980 0.055679
-9.613394 -6.702225 15.755128 0.650862 4.349765 -1.066680
1.801407 13.448849 8.820043 0.414738 7.920437 2.030640
3.099122 15.974719 8.996557 0.573720 7.111293 1.665473
-15.027859 -2.199007 -5.386099 0.756635 4.912397 0.271184
1.553233 0.734776 5.224171 -0.030496 17.596802 -0.102572
10.076731 -5.810199 6.770860 -1.662027 6.742945 -1.116767
-1.338747 -4.701640 -9.480711 0.330395 8.588941 2.339785
8.128530 -5.063374 -3.373697 -2.365362 9.294058 0.981729
-0.706280 -12.764371 -13.903280 0.090837 5.684611 1.788145
-14.796288 0.541532 -2.036040 0.135414 5.210674 0.018634
7.361627 9.040976 0.855186 2.685264 10.269496 0.311942
14.383492 16.868780 -9.945084 1.241809 4.593628 -0.858616
-12.256651 3.860080 -14.454016 -0.348037 4.083233 -0.410433
-15.363655 -9.096555 -14.963952 0.834589 3.759351 0.812876
12.910024 6.622011 -3.534970 1.567937 6.053057 -0.429326
2.401690 -9.597026 1.934962 -1.128441 12.239441 -0.909148
0.642698 11.791946 2.185238 0.308014 12.437656 1.047277
5.558243 1.068944 -1.662603 0.037869 16.127070 -0.011327
-12.206260 -6.148961 11.596178 0.989521 4.781980 -0.940064
12.767394 16.528194 2.804364 1.670164 5.801059 0.366852
6.155119 14.879520 -0.973222 1.622866 8.766548 -0.256601
-7.196677 -6.710389 1.006503 2.719845 10.518259 -0.380388
-6.931503 -14.360485 1.229515 1.510365 7.915297 -0.267910
3.451325 14.148470 -12.661475 0.492417 6.010683 -1.806474
-13.779835 14.187117 10.474198 -1.252931 4.706408 0.952366
11.286822 -6.064085 9.786892 -1.203823 5.430505 -1.043845
-11.627262 0.430470 4.586358 0.213062 6.323715 -0.084042
0.229618 11.743055 -3.730626 0.101421 11.763432 -1.647803
-8.813038 -12.799804 9.708256 1.231154 5.958384 -1.356213
14.390903 9.555096 -8.690365 1.279108 4.829577 -0.772426
0.443618 -6.178409 -12.488303 -0.070193 6.548912 1.975994
-7.679337 7.514850 15.389349 -0.558586 4.652320 1.119404
-7.347706 -4.325098 -1.294269 2.676578 10.933488 0.471469
-15.581519 -14.992498 -13.091633 1.037581 3.998636 0.871778
12.275848 7.190751 5.214676 1.585493 6.096725 0.673504
-2.059078 13.362512 -0.216396 -0.815148 11.194823 -0.085667
14.999013 -5.369160 4.113092 -1.375739 5.178447 -0.377261
-15.607293 -14.259804 11.160944 1.161870 4.237693 -0.830866
-11.785574 -9.988128 10.952742 1.226752 5.077692 -1.140063
-7.484587 14.949136 13.109276 -0.848437 5.302222 1.486041
-4.358542 3.791802 -9.305203 -0.589264 7.938796 -1.258040
11.512331 -1.392407 -11.583338 -0.417227 4.769642 0.419800
10.520982 8.177438 -2.616730 2.195578 7.550481 -0.546074
6.230082 -3.057839 11.474556 -0.642586 6.148396 -1.183515
-0.848109 -0.559559 12.145574 0.044740 6.530387 -0.640706
-7.984861 -13.895239 15.769868 0.688445 4.579464 -1.359659
-1.439771 -12.027824 -9.323133 0.305388 7.576320 1.977519
13.753448 -2.382146 -14.153376 -0.407498 3.923788 0.419347
-3.110971 -12.831676 11.119043 0.509275 6.533787 -1.820219
-10.402018 10.579680 -11.632617 -1.126539 5.235195 -1.259813
-7.557417 -2.694363 -10.422165 0.750094 6.226567 1.034429
5.292883 10.819939 12.552799 0.750123 5.989715 1.779020
2.903089 11.982203 -9.478436 0.654087 7.736830 -2.135562
13.007570 11.843543 -15.402615 0.839802 4.028518 -0.994433
-11.068158 14.279104 -2.416869 -1.902642 6.696971 -0.415465
9.395369 -7.297432 -5.543289 -1.968718 7.453555 1.161548
12.422547 8.545162 -15.358805 0.701916 4.039244 -0.867825
-5.087543 10.571111 -6.313099 -1.556355 9.223708 -1.931271
-11.459903 -1.671728 -6.705153 0.798375 5.975426 0.467127
7.162475 7.966480 15.784422 0.532909 4.628963 1.174407
-2.052481 14.980128 -12.728605 -0.291251 6.018364 -1.806215
-8.437216 -6.571471 -13.314773 0.822716 5.144062 1.298329
-1.172954 -11.129612 13.876617 0.156991 5.783781 -1.857280
-7.659817 14.449022 -9.230325 -1.218599 6.408265 -1.468450
10.061485 -0.661740 10.007137 -0.377281 5.525878 -0.375244
-4.601917 -14.186747 -3.573927 1.102820 8.395428 0.856469
-15.544423 8.915794 -2.754229 -1.541247 5.145230 -0.273085
-2.957920 -12.761624 -7.051558 0.703466 8.196908 1.677033
-11.086664 -2.333134 10.694300 0.636706 5.109819 -0.614172
-6.251639 11.647718 -8.015569 -1.384425 7.648635 -1.775047
-14.587650 -2.735107 -6.367973 0.847621 4.947379 0.370014
-13.104535 -11.825197 -10.670333 1.246828 4.820965 1.015226
-2.647177 6.557301 14.036916 -0.273808 5.641616 1.451894
12.912897 7.727751 3.986375 1.686105 6.028266 0.520522
9.167539 12.785301 -6.070344 1.748989 7.050888 -1.158104
6.505009 2.882690 8.889114 0.526443 7.311778 0.719387
-15.195659 16.028361 -12.773126 -1.064926 4.105981 -0.895153
-8.557630 6.106965 -11.657236 -0.812089 5.548223 -1.106231
8.050401 -13.542048 3.879721 -1.614197 7.435604 -0.777928
-14.965496 4.281424 -10.912224 -0.514320 4.193958 -0.375021
-7.503033 -1.841318 -10.025975 0.640653 6.378504 0.856077
-12.394933 4.103747 -14.028030 -0.392997 4.142444 -0.444776
-15.200337 -2.407643 -5.561838 0.779987 4.847223 0.285399
5.946770 -7.315085 10.768207 -1.004489 6.646698 -1.818894
5.299237 -8.191293 -10.534010 -0.970835 6.887335 1.929860
8.669325 14.887147 -2.999836 1.781726 7.495898 -0.616528
-4.788012 2.100863 -0.955747 -0.006345 19.971272 -0.001267
6.931318 7.734694 -1.529395 2.761437 11.015404 -0.609311
3.022624 11.257929 11.071542 0.570323 6.979266 2.089032
12.334516 7.051335 13.693907 0.715990 4.303273 0.794899
-7.650567 16.763557 11.171380 -0.949628 5.635494 1.386650
14.080604 -2.876183 9.738257 -0.695431 4.579675 -0.480966
-3.732327 -13.768742 -9.402569 0.664446 6.927803 1.673888
12.474278 -12.464885 -12.264007 -1.110941 4.654731 1.092214
11.914402 10.400970 13.912857 0.905761 4.429052 1.057688
-14.609434 -13.903743 -7.257442 1.436245 4.917414 0.713475
-6.239223 0.916766 -5.704556 0.041910 9.905951 0.038319
-13.153013 10.093689 12.743064 -0.986632 4.423254 0.955881
-6.398516 2.068126 14.873188 -0.108586 4.786537 0.252406
4.326132 -9.225207 15.474656 -0.447131 5.085219 -1.599397
4.890238 7.661921 4.057041 2.207753 11.955229 1.831597
15.365727 7.573426 -14.814335 0.645967 3.690652 -0.622787
-9.623863 -5.195620 -14.594519 0.649953 4.560084 0.985649
-8.815253 14.951005 6.723264 -1.501716 6.695893 1.145337
-14.121237 12.452122 -14.234745 -0.938951 4.060277 -0.946499
-3.396813 11.286142 3.223779 -1.459909 11.489758 1.385541
-7.405373 13.238129 -8.170826 -1.380378 6.973809 -1.523060
2.591566 11.186085 -1.074083 1.302761 12.749104 -0.539933
8.087207 11.705086 10.356353 1.217595 6.165251 1.559234
-6.023176 -5.868480 15.953768 0.462425 4.707510 -1.224839
-9.829036 16.574803 10.492455 -1.138571 5.408159 1.215420
4.390411 2.974560 -13.080163 0.209227 5.705935 -0.623340
-8.324968 -7.729964 -13.315791 0.866951 5.191104 1.386688
-1.416645 -8.436297 -8.177632 0.425213 9.115383 2.454554
-5.185000 10.288019 -9.848564 -1.044589 7.250058 -1.984127
-14.957879 14.430211 12.102475 -1.113278 4.244285 0.900757
0.290463 -5.181528 -8.300835 -0.093033 9.786766 2.658680
-0.607927 -5.579576 7.099095 0.241456 11.031718 -2.819611
5.826255 5.347481 -5.610225 1.726078 10.262784 -1.662078
-8.533803 3.036377 4.711144 -0.987080 8.399843 0.544924
12.951982 2.836065 6.119304 0.521141 5.474561 0.246219
9.429484 -12.730580 -0.258497 -1.911253 7.420397 0.052394
-12.963596 4.726958 10.977974 -0.631931 4.612968 0.535139
3.495831 -11.160396 -13.075386 -0.489323 5.927877 1.830206
3.420448 -6.676554 -10.634068 -0.683243 7.317811 2.124183
1.216433 -8.575581 -6.841380 -0.433299 10.127469 2.436933
-11.780731 9.111633 13.619584 -0.870663 4.478017 1.006564
2.672443 3.029071 13.829386 0.123700 5.581114 0.640126
-12.947789 -1.108235 14.012720 0.269836 4.039586 -0.292029
8.345359 -9.300950 -10.770576 -1.182878 5.976327 1.526631
-8.765343 13.132366 14.263799 -0.849627 4.874167 1.382594
6.163431 -9.817683 -13.749621 -0.726609 5.416596 1.620948
-5.556982 -10.618587 2.460658 1.835679 9.835221 -0.812847
3.788545 2.442476 14.997152 0.097991 5.031688 0.387901
7.932827 0.096637 13.904181 -0.117716 4.842755 -0.206326
4.062738 -5.452672 -5.620727 -1.668599 11.302755 2.308478
14.406597 14.237722 -8.430605 1.397795 4.869482 -0.817976
11.434397 13.096725 1.927338 2.008492 6.733456 0.338544
15.110739 13.452720 -3.852291 1.664292 5.208436 -0.424290
5.210836 -9.093516 -14.623230 -0.576017 5.264586 1.616485
11.070947 2.476189 9.368604 0.349098 5.393056 0.295419
9.621666 10.637337 -14.584422 0.820388 4.659046 -1.243536
-6.543335 -5.884118 1.331553 2.788841 11.462763 -0.567523
5.593471 4.551763 8.352825 0.959050 8.159219 1.432165
12.192373 5.840198 -6.309557 1.265660 5.857415 -0.654979
-5.935689 13.428187 -3.122592 -1.718095 9.129961 -0.903840
-13.028559 -1.217276 12.870548 0.319762 4.219564 -0.315884
6.717518 -8.830646 4.523577 -2.027568 9.158074 -1.365364
3.892728 1.997466 8.657914 0.242984 8.638447 0.540427
-1.960959 -10.567841 13.888295 0.261686 5.772915 -1.853366
-3.578995 -6.129641 -8.527904 0.981470 8.770205 2.338611
9.340282 2.665941 -4.719407 0.762425 7.738953 -0.385234
-11.508161 14.961536 3.324183 -1.792672 6.352214 0.517821
5.844070 -12.667481 3.367991 -1.509908 8.628585 -0.870173
8.864577 -3.839263 -14.998143 -0.502623 4.527978 0.850397
-11.472524 -9.076017 7.930958 1.558318 5.850285 -1.077266
-13.926843 5.348480 14.605066 -0.485978 3.855799 0.509645
13.083480 13.565387 -1.717515 1.884618 6.029358 -0.247401
5.900006 -8.639518 -2.132814 -2.273816 10.646823 0.821970
-14.303712 13.650879 4.301092 -1.691567 5.411059 0.508650
3.378838 -10.658204 0.471816 -1.369035 11.246664 -0.191170
-14.058869 6.863930 -8.157615 -1.098056 4.919516 -0.637144
-7.672996 -2.647457 -9.443971 0.865341 6.620346 1.065067
-2.223065 -13.869460 -8.924980 0.425908 7.255297 1.709902
-15.245347 1.936064 -15.026462 -0.102881 3.570206 -0.101404
-2.358072 7.312825 8.080573 -0.742021 9.651096 2.542737
-14.190271 1.184115 -5.545587 -0.049431 5.099723 -0.019318
10.217697 10.316954 5.765524 1.886809 6.912488 1.064667
2.615068 -13.122782 12.379324 -0.378047 6.088715 -1.789616
9.762951 1.182848 -2.336794 0.099473 8.089188 -0.023809
14.998523 -9.298926 7.570922 -1.416383 4.860116 -0.714959
11.913693 14.471850 3.500396 1.811487 6.243567 0.532238
3.769242 8.981014 9.497639 0.881177 7.937054 2.220367
-2.687090 4.218361 -13.458982 -0.202403 5.785845 -1.013787
0.268771 -12.580318 -3.261252 -0.087562 10.022601 1.062471
10.808579 9.590399 6.560574 1.741076 6.465204 1.056796
9.738690 0.586499 11.604182 -0.077327 5.131753 -0.092140
-2.707743 -1.504798 8.889010 0.416632 8.879630 -1.367724
14.966106 -6.471929 -1.675882 -1.609050 5.396135 0.180179
-2.060121 9.538872 -6.788974 -0.768661 10.398520 -2.533064
15.980933 -3.651572 -3.172458 -1.046320 4.859438 0.207710
11.467287 12.437165 0.253365 2.094002 6.865798 0.046266
10.240988 -2.720074 3.575186 -1.534600 7.512265 -0.535737
15.384915 9.905211 -5.226882 1.497680 5.012888 -0.508823
-4.542071 13.705697 -2.142760 -1.469937 9.846579 -0.693455
3.244985 -1.818250 -13.758305 -0.201475 5.586956 0.854225
5.159555 -3.724202 -4.123247 -2.119707 12.344117 1.693960
-14.937885 -11.695034 -9.500010 1.303321 4.610942 0.828870
-5.999101 -0.012524 -8.623192 0.300592 7.689207 0.432075
-1.111370 4.121018 -10.790531 -0.145393 7.487298 -1.411652
-14.274601 16.865692 -11.611025 -1.134177 4.391090 -0.922545
7.758004 10.859175 13.184137 0.879853 5.342894 1.495243
8.405621 -13.402599 2.821215 -1.712749 7.498362 -0.574857
7.107258 -8.265603 0.378583 -2.529580 10.108862 -0.134743
5.622492 8.419759 -12.032669 0.792594 6.153285 -1.696227
-8.046157 1.479810 10.429497 -0.108238 5.969261 0.140299
14.919819 9.654528 -6.844456 1.405522 4.954793 -0.644782
7.313969 -8.888986 15.647528 -0.644608 4.719094 -1.379077
-3.002306 12.079414 -0.740040 -1.329447 11.836845 -0.327696
-7.490146 -13.199586 -4.671093 1.554005 7.565469 0.969127
-9.349781 -7.942270 1.172122 2.436614 8.388901 -0.305463
11.448206 -2.869272 11.614847 -0.642744 4.824588 -0.652100
7.858072 -0.454324 15.707239 -0.143989 4.396558 -0.287815
-3.434353 0.277923 13.683418 0.057713 5.543099 -0.229945
-11.063628 13.376683 -7.316963 -1.589332 6.016736 -1.051110
4.304861 -6.920067 -3.714512 -2.033486 12.108113 1.754623
4.489631 -14.385490 -15.928710 -0.427039 4.836712 1.515086
3.954618 12.694172 -1.095202 1.525553 10.891235 -0.422491
1.962291 12.658534 14.126763 0.254264 5.682056 1.830478
0.608204 12.804829 11.437454 0.109829 6.831956 2.065359
3.630506 -1.980499 15.954380 -0.160466 4.777115 -0.705175
-6.682374 10.667139 -3.628633 -2.173655 9.578331 -1.180329
10.464815 7.631485 -14.604373 0.690465 4.442680 -0.963592
11.927639 -13.528830 -13.941764 -0.967630 4.432045 1.131026
-2.778543 -10.262199 12.748931 0.419748 6.174667 -1.925951
-3.313141 0.249449 -14.366929 0.051314 5.286106 0.222516
10.551171 5.727285 -2.966593 1.813728 7.463481 -0.509952
-2.980190 -7.510084 -1.680920 1.732518 13.934172 0.977194
-14.690862 7.068710 -11.738762 -0.811186 4.211693 -0.648180
-11.526496 2.659252 -10.118479 -0.349636 5.082116 -0.306926
10.730537 -9.327947 2.838272 -2.125582 7.171957 -0.562226
-10.467150 -9.609861 1.795368 2.188946 7.399614 -0.375457
11.123663 8.346948 -3.381048 2.044827 7.044185 -0.621527
-8.616762 6.411336 13.188549 -0.688465 5.070086 1.053743
-12.467483 14.081263 -3.546153 -1.814172 6.076203 -0.516009
11.331505 1.471676 15.846868 0.050603 3.935255 0.070767
4.724404 5.179973 -13.296070 0.411048 5.656065 -1.156828
-3.949010 -7.446944 2.236389 2.066029 12.949669 -1.170026
1.872366 5.457521 7.422096 0.613674 10.827225 2.432617
5.927026 4.335657 14.471654 0.327217 5.027410 0.798945
-5.558368 -9.409163 1.406464 2.127883 10.668417 -0.538430
-3.125039 15.182518 3.930344 -0.868263 9.108989 1.092009
10.000280 -6.153122 12.237700 -0.942315 5.117154 -1.153144
10.789885 15.387495 -14.083397 0.930097 4.576059 -1.214001
-10.274831 -0.852140 -0.850659 0.958852 7.876497 0.079384
-11.970937 1.328551 1.715584 -0.138144 6.556311 0.019798
2.806248 2.725930 -13.027252 0.128987 5.918370 -0.598785
5.337862 2.238775 4.676808 0.687473 12.241794 0.602335
5.187618 -13.113532 1.113448 -1.425770 9.035475 -0.306021
-14.250519 15.855257 -4.750788 -1.589498 5.273289 -0.529901
-8.248625 16.400475 -7.567599 -1.285315 6.429577 -1.179197
-13.883280 10.105563 8.336363 -1.371485 5.033955 0.823522
1.928045 11.662669 -12.525011 0.308485 6.372154 -2.003986
15.875437 6.623893 10.846374 0.781057 4.098350 0.533632
2.963476 11.650588 -9.337915 0.687886 7.861196 -2.167528
10.964700 0.054145 -14.904030 -0.113403 4.156210 0.154146
-12.169115 -1.566317 -6.495087 0.740309 5.727837 0.395129
5.045704 12.541916 14.048163 0.604532 5.450736 1.683127
-0.597526 8.427813 -12.169742 -0.100490 6.720064 -2.046669
-8.789362 -7.320717 -12.963465 0.905109 5.197757 1.334949
4.029787 -3.584768 -4.296794 -1.836728 13.639574 1.958427
13.218644 -2.527522 3.961560 -1.061149 5.765132 -0.318021
7.326569 -11.852400 0.275221 -1.931100 8.649240 -0.072541
12.166009 -13.876344 -2.293463 -1.747411 6.098078 0.329411
3.402824 7.532035 8.813176 0.891737 8.654189 2.309562
-11.127987 -11.758887 -8.476287 1.459545 5.726823 1.111749
14.469564 13.457948 -1.058302 1.801117 5.562074 -0.131733
-7.524658 -5.801643 8.779844 1.369034 7.087020 -1.597402
13.327965 -2.185497 -3.775283 -0.971618 5.726393 0.275221
12.955941 1.388999 7.560358 0.099451 5.186114 0.058034
10.286124 10.032794 -9.584898 1.359497 5.815763 -1.266817
2.889687 -14.042920 -8.075655 -0.575530 7.447585 1.608402
4.991854 6.472469 -11.925418 0.646583 6.277148 -1.544671
-13.582090 -8.351211 0.718165 1.923985 6.007565 -0.101732
15.005173 15.756552 10.847652 1.195404 4.390367 0.864190
-2.350681 -3.049060 7.503397 0.702070 10.592784 -2.241015
-10.963327 5.831110 -1.980192 -1.842371 7.337250 -0.332768
11.879910 -0.399808 -4.917654 -0.490336 6.145568 0.202973
4.961402 -8.313147 14.552737 -0.550453 5.313122 -1.614583
2.198166 1.338884 14.053208 0.017001 5.490861 0.108693
-8.362049 -8.401389 -15.585950 0.687912 4.595419 1.282194
-11.849877 4.362636 -3.965454 -1.173272 6.417213 -0.392625
-12.617871 -12.456297 -9.908982 1.307876 5.044568 1.027092
-11.691155 11.006804 14.278047 -0.894669 4.406051 1.092631
9.758945 4.908580 1.337532 1.868676 8.350857 0.256115
-7.526119 7.095190 -4.387599 -2.229445 9.379572 -1.299728
-15.237039 -12.454801 -3.788778 1.637518 5.143830 0.407178
-1.471692 1.410428 9.934696 -0.033571 8.086384 0.226621
-5.225323 10.311908 -13.384158 -0.665064 5.690129 -1.703497
5.380375 1.063394 -6.762680 0.026367 9.647053 -0.033141
-9.483022 14.002225 9.760638 -1.289042 5.845915 1.326779
13.033054 12.166990 12.444128 1.081958 4.530465 1.033068
2.197155 6.417356 13.364000 0.253837 5.968914 1.543940
-14.195159 16.316297 -8.631631 -1.344114 4.823559 -0.817314
-14.660955 -2.298835 5.092077 0.817891 5.067348 -0.284072
-1.577366 -2.106630 -7.101002 0.445910 11.623228 2.007401
-5.124489 8.985301 1.876947 -2.485477 12.318096 0.910356
9.698306 15.927611 -1.095237 1.763490 7.029722 -0.199152
-8.682043 -2.940162 -10.800146 0.754717 5.757542 0.938840
-9.083648 -11.028777 9.602583 1.323175 6.058136 -1.398765
-5.256823 -1.622504 -5.932223 1.139485 10.625752 1.285887
9.995087 8.727232 -8.744057 1.427892 6.157576 -1.249170
-8.465231 7.690067 -8.580094 -1.408063 6.791938 -1.427169
-4.790482 -6.687692 0.257855 2.581819 13.259710 -0.138970
-15.542985 0.307054 13.124583 0.090004 3.762751 -0.076000
1.323308 13.517264 7.338629 0.354345 8.701360 1.965081
-0.959219 -3.610819 15.056760 0.075995 5.278494 -1.192881
-0.338222 5.884334 14.019806 -0.033545 5.725739 1.390476
5.774459 -6.014231 3.200106 -2.483102 11.501692 -1.376092
15.510826 -4.618529 -13.402084 -0.643013 3.826612 0.555594
-14.768747 9.423039 -11.556621 -1.010342 4.296433 -0.790598
5.748062 12.112002 5.943190 1.567951 8.681282 1.621178
-5.207021 -0.770063 11.052562 0.307133 6.511800 -0.651929
12.849966 6.155414 -5.380881 1.344115 5.778945 -0.562844
0.564793 11.485806 -14.799472 0.068688 5.512873 -1.799867
-0.132617 7.209923 4.749428 -0.076372 14.475550 2.735118
-13.861251 6.574950 -0.772483 -1.537593 5.818340 -0.085690
-12.578451 11.935903 -1.496864 -2.004819 6.358071 -0.238578
-12.614687 11.085493 1.253517 -2.030779 6.400456 0.201798
-0.410591 2.320895 -15.052129 -0.010489 5.176492 -0.384529
14.931346 -7.997431 -7.757490 -1.350806 4.834596 0.701803
1.063627 7.058178 -15.853222 0.089788 5.049086 -1.338282
-11.803873 -2.128157 10.103951 0.626328 5.054971 -0.536128
-14.936743 15.701488 -5.503955 -1.532556 5.031058 -0.564723
5.804332 -8.614382 11.201129 -0.944578 6.449614 -1.822834
2.339579 -4.607474 11.920508 -0.353429 6.713551 -1.800777
5.710326 -0.894905 -5.040396 -0.997276 11.179108 0.880277
0.634158 16.262214 6.528683 0.144000 8.116762 1.482488
-14.415076 8.177565 -0.340708 -1.678119 5.641572 -0.039663
-4.355087 -6.348845 -8.693954 1.102583 8.359082 2.201059
-10.966902 -6.906069 -11.782430 1.039868 5.040166 1.117195
3.491754 11.692648 10.208445 0.712375 7.297240 2.082689
-3.411229 3.959879 -14.066997 -0.207924 5.450626 -0.857422
1.565103 11.441831 -12.868597 0.241770 6.254157 -1.987878
-9.271471 0.831491 -10.135987 0.039207 5.701170 0.042863
8.394304 1.843879 3.786268 0.475443 8.948667 0.214450
-11.296419 7.917200 -10.199777 -1.142043 5.319251 -1.031175
3.503630 11.524881 -1.611597 1.572977 11.859926 -0.723537
5.937300 2.056116 -15.559197 0.092124 4.645414 -0.241419
11.821922 -1.970286 1.521146 -1.185418 6.740576 -0.152530
-5.941606 -2.651440 2.151770 2.221107 13.249003 -0.804380
15.432673 14.827167 -0.617108 1.691995 5.204050 -0.067658
9.246850 12.269882 -0.345131 2.224361 8.055923 -0.083023
3.619003 6.402834 -12.536757 0.455338 6.212149 -1.577357
-15.714161 4.515721 -9.914549 -0.569910 4.186058 -0.359574
7.706267 -4.965676 -3.090880 -2.454690 9.820786 0.984543
-14.339639 -6.372134 -8.950295 1.171273 4.768778 0.731067
-15.134925 -6.211059 -12.501896 0.843753 4.056587 0.696965
12.693387 -4.679264 4.827138 -1.499574 5.962015 -0.570269
15.845047 13.346623 -10.079846 1.228518 4.349429 -0.781523
7.001800 16.877523 -13.907458 0.719822 5.061695 -1.429759
12.163947 8.743082 -13.572133 0.851747 4.410174 -0.950351
-13.296453 -12.750139 -12.232502 1.114747 4.509487 1.025547
-12.373392 9.933831 -13.240198 -0.943637 4.469168 -1.009742
15.554032 3.447870 15.241436 0.257224 3.522349 0.252055
14.965263 -13.650774 9.797400 -1.268151 4.535832 -0.830228
0.732649 11.358246 3.488884 0.342770 12.168020 1.632278
9.659702 -14.081267 -6.402796 -1.478253 6.342041 0.979839
2.541945 -14.439278 6.704177 -0.545219 7.844089 -1.437972
-4.458534 -2.231736 1.317954 1.310917 17.639162 -0.387510
5.671510 -14.918953 9.352581 -0.876796 6.430852 -1.445877
-1.292021 1.097095 -11.103086 -0.005388 7.157199 -0.046303
7.066638 -5.652139 -10.805899 -1.014300 6.322542 1.551010
1.038893 16.085582 11.007895 0.166806 6.527585 1.767441
-1.968133 -9.073462 8.896730 0.512937 8.396328 -2.318677
14.022306 9.462236 7.347432 1.419267 5.142726 0.743670
12.544520 -2.549093 12.050565 -0.549426 4.491726 -0.527792
1.983636 -14.258104 -8.052823 -0.397478 7.495404 1.613612
7.580072 -11.672852 1.095352 -1.966065 8.544544 -0.284105
0.177900 -7.848168 -7.322870 -0.063134 10.081697 2.598779
-15.425567 -5.673522 4.727541 1.331681 4.989212 -0.408126
-12.694864 2.555693 -7.721642 -0.394432 5.255843 -0.239913
11.776506 -10.038449 0.241223 -2.095292 6.758568 -0.042919
-15.214269 12.845348 5.760396 -1.556162 5.015195 0.589191
-3.917006 0.641491 -5.783607 0.150506 12.563186 0.222228
-8.903798 14.231909 -13.031191 -0.951837 5.127645 -1.393065
-5.298943 -12.609846 3.826851 1.399232 8.742924 -1.010514
-4.174649 -9.012371 -15.890355 0.410425 4.970229 1.562238
-1.448145 -5.476883 -4.813695 0.801712 13.867551 2.664924
8.515358 -5.320458 7.233034 -1.618861 7.339777 -1.375077
-5.702349 -8.646204 5.253846 1.821074 9.470314 -1.677842
0.175211 16.717480 10.751578 0.027844 6.526521 1.708583
-11.496053 2.729900 11.809336 -0.297918 4.708033 0.306037
-3.777287 11.352671 2.952440 -1.595657 11.368025 1.247213
11.819218 -3.732864 2.253127 -1.650762 6.750904 -0.314689
-12.681706 -9.774241 -2.026891 1.981802 6.290370 0.316747
11.600240 -0.597587 10.307813 -0.328489 5.017464 -0.291891
0.880016 -4.077315 -8.532114 -0.253247 9.616740 2.455334
9.996972 -6.240401 -15.233853 -0.673377 4.395789 1.026124
-12.301134 -11.015351 5.122179 1.770134 6.017301 -0.737082
-7.892939 9.387436 3.677845 -2.328965 9.031873 1.085219
-4.801550 -8.826243 -2.141676 2.041984 11.360287 0.910803
-14.549652 -11.989696 8.769712 1.370095 4.794180 -0.825816
-1.095836 -12.526509 11.137264 0.188796 6.718014 -1.918781
-13.246946 11.100696 9.028564 -1.372471 5.096609 0.935419
2.573098 -11.084329 12.767250 -0.382902 6.131097 -1.899889
5.354403 3.802921 5.923064 1.209026 10.527263 1.337430
-4.474879 -2.857478 -13.575522 0.353423 5.562970 1.072187
-12.101097 -11.232705 -5.755093 1.717609 5.974577 0.816868
-10.196324 -9.804262 -5.083180 1.917979 6.970419 0.956171
-15.613725 4.396340 -0.738527 -0.876800 5.032129 -0.041473
-2.361101 14.635870 -11.699168 -0.374886 6.408850 -1.857548
3.750076 -1.142801 14.061070 -0.167482 5.390834 -0.627982
13.420067 -4.750258 13.119626 -0.715631 4.210201 -0.699610
-8.787149 8.331960 8.169330 -1.518366 6.825671 1.411611
15.510280 15.937848 3.097135 1.598439 5.047553 0.319181
6.238100 -14.031259 6.012965 -1.234766 7.417825 -1.190203
6.708303 -8.569657 -14.457918 -0.695152 5.123229 1.498210
6.565734 -0.207415 -10.098411 -0.277979 6.598929 0.427545
-5.715842 10.296536 -12.507332 -0.792320 5.943645 -1.733744
7.607407 2.628734 -4.410874 0.893084 9.451219 -0.517822
3.548834 -7.835348 13.174297 -0.495741 5.993755 -1.840333
-11.092923 -2.198171 -2.173204 1.343920 7.157308 0.263286
-6.939587 -11.557641 6.947033 1.454736 7.491599 -1.456297
14.395194 -0.448314 14.702114 -0.167702 3.724107 -0.171277
1.693895 -6.829677 9.969263 -0.402846 8.025262 -2.370913
-2.540606 9.858892 -4.268888 -1.220658 12.237163 -2.051027
3.381029 2.370827 -10.634758 0.196212 7.190036 -0.617170
-10.314983 12.695594 12.410798 -1.070986 5.056410 1.288591
3.693998 9.234745 -13.850427 0.458781 5.697854 -1.720174
3.021794 5.147731 -0.542640 0.418556 19.656559 -0.075162
-1.912313 -9.747154 -9.280798 0.460216 8.033392 2.233510
9.918621 9.869268 -13.917698 0.861921 4.753429 -1.209438
-5.559973 -14.839836 15.664070 0.519817 4.799048 -1.464477
12.925685 -13.916397 -3.590093 -1.679737 5.754364 0.466545
-11.760468 1.301254 0.351656 -0.133566 6.759132 0.003994
-12.486792 -2.125437 9.335881 0.656027 5.036290 -0.490486
-8.854764 -8.017009 0.670974 2.493167 8.773435 -0.188921
-7.795829 4.730030 -11.320822 -0.661843 5.798926 -0.961104
-2.048089 -3.347836 -6.606833 0.765984 11.952122 2.470952
15.332366 -7.489063 -12.887467 -0.898147 4.005644 0.754928
13.854265 -6.253017 -6.191323 -1.444032 5.346585 0.645322
9.178275 -7.787983 5.929217 -1.915117 7.408986 -1.237176
6.371265 5.783888 0.328651 2.735838 12.692265 0.141123
-9.595767 -0.241695 4.759086 0.559522 7.526423 -0.277499
-11.598565 3.100155 -3.760376 -0.807068 6.537984 -0.261660
-13.275655 9.667073 -11.524486 -1.071453 4.608961 -0.930119
3.305733 -14.811217 -1.174667 -0.834817 8.770868 0.296646
-11.172430 -3.289836 -8.951622 0.956306 5.572772 0.766216
15.836264 4.830057 -15.315206 0.386521 3.503442 -0.373803
-5.528191 6.959648 7.106533 -1.542057 9.105128 1.982326
5.349334 10.745731 1.817562 2.196359 11.096516 0.746264
-4.986656 -9.997253 0.329870 1.933681 10.827857 -0.127914
-7.320402 12.634147 10.566784 -1.123674 6.231565 1.621990
4.731226 1.319785 -12.781624 0.038760 5.750674 -0.104713
-4.489046 16.728704 3.031377 -1.046396 8.310613 0.706614
-8.368494 -14.274282 9.965036 1.112908 5.846351 -1.325229
3.339832 5.663523 1.985125 1.679109 17.495362 0.998027
7.541510 11.230003 11.989253 0.996007 5.760848 1.583421
12.519362 11.979662 11.045165 1.211240 4.893976 1.068613
12.294705 -6.903903 -9.885390 -1.220088 5.148575 0.980995
-15.881824 -7.665118 5.591378 1.414070 4.824227 -0.497839
-0.223547 -8.408464 9.587860 0.056040 8.198785 -2.403539
9.548487 -5.184775 -3.477441 -2.166132 8.078879 0.788879
-9.261362 14.764580 0.389232 -1.902173 7.483325 0.079944
12.388977 -6.906004 14.978296 -0.749870 4.120267 -0.906594
7.461459 -13.736789 9.726054 -1.091195 6.156514 -1.422378
7.252035 9.230096 -2.581789 2.512180 9.943102 -0.894358
7.105482 -11.112684 -14.824198 -0.712686 4.961253 1.486880
7.892949 0.951834 11.985112 -0.008476 5.437735 -0.012871
-11.245108 3.220095 -10.543658 -0.444582 5.068940 -0.416850
4.516562 1.362947 -15.956777 0.024490 4.660346 -0.086522
-13.054228 -9.046955 2.742861 1.922815 6.105182 -0.404008
-5.387395 4.938688 -12.051265 -0.528567 6.069873 -1.182371
1.412929 10.721621 7.942332 0.430953 9.212116 2.422466
3.586582 -1.588744 7.861635 -0.657228 9.640209 -1.440615
14.726913 0.482673 0.598534 -0.157652 5.285758 -0.006407
-3.085650 -3.573832 6.975546 1.029076 10.846669 -2.326371
7.691333 -9.930172 -6.723707 -1.672502 7.576444 1.462089
-15.757913 -1.012581 -13.207323 0.253962 3.733693 0.212855
-10.396945 13.591105 15.666874 -0.805903 4.344208 1.214393
-11.096886 -3.001006 10.435755 0.766437 5.198306 -0.720774
0.190798 3.784895 9.872577 0.028137 8.299651 1.455936
8.862080 4.991120 7.298796 1.227271 7.071191 1.010779
-5.719057 11.083093 -4.805389 -1.841235 9.539265 -1.547082
3.853726 9.177453 -0.701002 2.206489 13.792122 -0.401366
-12.916920 3.240138 -5.245228 -0.674210 5.650507 -0.273779
7.058927 6.513417 8.962663 1.211364 7.172361 1.538060
8.555383 13.063786 1.624377 2.084816 8.170370 0.395836
-6.334281 0.731837 -4.170797 0.164957 11.319965 0.108616
11.239169 -13.118533 5.392465 -1.655761 6.155597 -0.794421
-14.591508 -10.771952 4.266923 1.689786 5.351847 -0.494136
15.822016 -9.130691 -13.373427 -0.934134 3.901305 0.789569
-13.418131 -7.395730 -0.636427 1.913732 6.089178 0.090769
-1.748628 16.744423 8.874521 -0.318755 7.104913 1.617726
13.305819 16.653384 -4.364712 1.590495 5.509494 -0.521730
15.239563 1.341893 15.371339 0.036463 3.526935 0.036779
14.259391 2.640132 4.030962 0.469789 5.273269 0.132804
-11.084403 -10.432269 4.194404 1.932295 6.687547 -0.731192
-7.636178 -0.343673 -0.091380 0.964294 11.182660 0.011539
-10.534022 10.166509 1.784745 -2.268402 7.525603 0.384328
-8.020783 -4.136618 -3.058617 2.315512 9.604469 0.882989
-12.636520 5.578041 -0.870813 -1.531148 6.379112 -0.105515
5.566704 -3.572517 2.991255 -2.369673 12.878463 -1.273338
11.004562 -6.558868 -15.897292 -0.656872 4.133842 0.948923
4.221079 10.468083 14.804736 0.468876 5.307361 1.644505
8.026507 -0.093207 0.179974 -0.766038 10.535521 -0.017176
5.732319 0.199546 -1.258184 -0.475969 15.736404 0.104470
4.875815 -10.295425 -7.908328 -1.166033 8.029113 1.891248
5.830510 -6.671007 -3.489688 -2.374941 11.024035 1.421454
13.708911 1.968280 -15.699251 0.103309 3.670682 -0.118309
-1.136507 8.434168 -3.882595 -0.680418 14.343111 -2.324481
11.830288 -1.336478 11.276593 -0.418415 4.764252 -0.398832
7.363942 8.225489 -13.085971 0.784789 5.405915 -1.394596
13.940397 14.499672 5.537065 1.612046 5.353673 0.640298
11.457704 2.720034 -15.044475 0.200909 4.071144 -0.263802
-6.385510 -7.012370 9.071512 1.297480 7.352593 -1.843252
-5.427357 3.447575 -5.062653 -1.232878 11.462045 -1.150032
-7.209892 -6.349219 -5.823480 1.972337 8.728906 1.593071
9.342995 3.493479 5.043058 1.063843 7.642667 0.574229
10.163163 -14.140285 13.131593 -0.966698 4.832790 -1.249048
9.604563 6.691433 9.245996 1.185827 6.081790 1.141557
10.117990 8.173539 12.881813 0.877545 4.925573 1.117254
12.611837 15.386920 4.072932 1.699389 5.856248 0.548809
14.141797 9.859794 0.582239 1.837358 5.776878 0.075647
7.766376 2.339609 9.656051 0.338134 6.398454 0.420407
3.930810 8.133339 0.770658 2.406083 14.675335 0.471727
11.066213 -11.922155 2.702427 -1.921302 6.719595 -0.469192
14.816895 16.535096 5.410613 1.509723 5.028118 0.551298
-12.332787 5.492994 -3.502245 -1.433075 6.292202 -0.406962
-9.992663 -9.321586 -5.186464 1.938307 7.087895 1.006034
-4.589965 -4.979231 3.728590 2.237477 12.883966 -1.817581
0.776624 9.159147 -14.057889 0.099879 5.803325 -1.807934
-3.244591 14.861908 10.424466 -0.564704 6.776828 1.814322
-0.235898 10.346515 6.669742 -0.088472 10.448378 2.501452
-14.229097 5.736873 -5.736502 -1.102748 5.189080 -0.444576
-1.225353 -6.099387 9.889510 0.296712 8.190040 -2.394690
12.449143 -13.077578 6.096962 -1.595256 5.681128 -0.781276
-15.612471 -8.147692 -5.635449 1.463966 4.906896 0.528431
0.743449 0.225634 6.643756 -0.063464 13.260816 -0.567143
-4.939531 7.114351 -3.495576 -2.356106 12.616618 -1.667355
-11.574997 7.055682 -1.711684 -1.967663 6.995293 -0.290973
15.950636 15.815881 -4.931135 1.513701 4.822200 -0.467960
-10.591926 -2.244916 2.615108 1.410717 7.445177 -0.348301
-13.861199 -6.513385 -5.149725 1.556242 5.502345 0.578177
-0.869093 12.369194 5.148420 -0.317998 10.473935 1.883786
-5.601549 8.834742 -15.214262 -0.520305 4.999949 -1.413191
-8.290517 14.249863 -6.187634 -1.580944 7.119843 -1.179939
2.517944 0.029163 -12.312025 -0.077150 6.292215 0.377243
2.192553 -10.790909 -2.912860 -0.862129 11.045705 1.145359
-6.724984 -13.679341 1.588211 1.568972 8.193775 -0.370537
-4.233517 -8.092897 -13.258136 0.571512 5.874890 1.789809
7.180059 16.488856 3.509282 1.445728 7.539930 0.706605
7.523766 11.249984 6.590829 1.729002 7.805114 1.514608
-3.260827 -12.722286 -0.189382 1.045492 9.939364 0.060720
-6.451689 -12.094887 7.646023 1.285553 7.300136 -1.523534
6.448039 14.153435 13.481908 0.755286 5.387141 1.579193
1.739692 15.338291 11.214084 0.283102 6.537062 1.824881
0.161535 -9.476679 5.231651 -0.064615 10.983835 -2.092690
-9.907572 -5.014154 11.859911 0.890920 5.200645 -1.066481
-0.063024 9.943788 0.101306 -0.040616 15.022154 0.065286
5.707935 12.459863 -15.865427 0.544167 4.845144 -1.512532
-14.635747 -0.238542 -2.697164 0.362454 5.240553 0.066795
9.560458 13.310552 -5.267829 1.798860 7.015067 -0.991175
0.355477 11.093131 6.005668 0.135836 10.624983 2.294906
-5.055066 3.028144 6.602223 -0.807845 10.083634 1.055094
15.848046 6.538265 -4.441554 1.152829 4.841127 -0.323091
-11.751837 -2.970300 10.151162 0.767088 5.090075 -0.662606
2.932734 -4.965619 -2.560340 -1.841619 16.003582 1.607773
-14.723586 14.082642 -5.245800 -1.603345 5.178033 -0.571248
12.689643 15.520645 -3.360036 1.722319 5.885654 -0.456045
3.527116 13.517484 8.660489 0.779188 7.729215 1.913219
14.485127 13.706762 0.750312 1.795772 5.551853 0.093019
1.955609 4.687195 -14.818223 0.132588 5.293067 -1.004661
2.315491 9.389595 12.964432 0.343440 6.211650 1.922920
-0.979503 16.772423 -2.250158 -0.256942 8.989684 -0.590260
-2.902845 -6.568350 -15.580884 0.279486 5.114305 1.500129
-0.194731 -4.303877 -7.635453 0.068485 10.708102 2.685305
14.183462 0.603583 14.743204 -0.046283 3.739593 -0.048109
-14.504501 14.141067 14.594473 -0.941118 3.967547 0.946956
0.919957 7.713714 8.275173 0.295849 9.681999 2.661211
-14.319746 -13.310213 0.501251 1.737837 5.515526 -0.060832
-10.687159 16.718002 -9.610433 -1.232103 5.398143 -1.107969
1.333662 -2.455436 6.057444 -0.486762 13.570589 -2.210857
-14.462349 15.371968 8.502917 -1.371929 4.816376 0.806605
-5.255537 -14.575348 14.779870 0.539266 5.048841 -1.516549
7.501541 -3.562757 -11.134607 -0.788410 5.987906 1.170245
8.383581 -7.204494 5.873335 -1.953091 7.905342 -1.368289
8.415893 2.872127 -0.996595 1.207621 9.866194 -0.143004
5.936055 -5.437097 -13.579872 -0.614272 5.455891 1.405266
6.313697 -6.574968 -4.604550 -2.195285 10.010014 1.601011
11.416346 -3.180311 0.381855 -1.652813 7.118423 -0.055283
-7.226613 1.913859 13.119040 -0.130317 5.199588 0.236575
9.691686 -14.692031 6.324656 -1.437579 6.258492 -0.938143
-13.650106 -6.295395 14.067353 0.769684 4.065614 -0.793211
-12.335354 5.956556 1.323362 -1.653757 6.540554 0.177418
-0.802956 15.501033 -11.788646 -0.123893 6.342458 -1.818945
10.809609 2.856558 -5.069364 0.707148 6.682957 -0.331630
-8.404738 -5.881857 -14.698227 0.657377 4.744225 1.149622
-1.184377 -14.987220 10.721631 0.184665 6.468656 -1.671687
-8.393387 -12.881444 15.245091 0.752164 4.669732 -1.366171
-1.396463 2.014019 14.480298 -0.030220 5.366537 0.313364
-3.330562 -8.557954 9.746156 0.751640 7.719969 -2.199508
2.968691 -0.544653 -10.867781 -0.188674 7.118742 0.690698
15.975151 -7.177465 14.938228 -0.734301 3.636949 -0.686639
-15.932705 -11.467275 0.774536 1.685776 5.098939 -0.081951
-7.505349 16.665659 13.663967 -0.775063 5.069196 1.411052
-2.114672 3.459959 -14.184165 -0.111695 5.487323 -0.749198
6.961248 11.628989 3.817441 2.038974 9.034151 1.118142
-3.890334 -10.371429 -9.514075 0.823210 7.472631 2.013215
14.319407 9.477242 11.906270 0.999301 4.329996 0.830896
-9.983028 6.286566 7.354832 -1.393708 6.557146 1.026792
0.355631 -13.449144 -4.738260 -0.097683 9.077283 1.301485
-12.292407 -12.621374 -7.958807 1.471701 5.458997 0.952863
12.451147 -12.694293 6.886880 -1.554001 5.588109 -0.859537
3.579386 12.320320 15.687652 0.373299 5.074834 1.636086
-4.025697 16.324270 -7.090328 -0.811223 7.528196 -1.428781
12.225826 2.467701 6.392162 0.438492 5.692518 0.229262
-11.978091 -10.188850 11.709588 1.153939 4.877566 -1.128072
6.694185 -1.776295 -6.298721 -1.147623 8.993061 1.079827
13.050654 -0.528472 -6.939081 -0.404341 5.285096 0.214990
-15.734036 8.257633 13.181183 -0.786190 3.868163 0.658631
2.786268 -2.569375 -4.152635 -1.086136 16.293403 1.618769
-7.901406 -11.626532 -13.858690 0.834856 5.094709 1.464298
-15.763941 -9.244142 -1.230362 1.683518 5.168308 0.131397
6.215720 5.954639 15.122322 0.423540 4.852986 1.030437
8.085837 13.505769 -4.427470 1.812870 7.797890 -0.992653
11.760759 -10.877144 -8.508907 -1.474959 5.583025 1.067133
-3.781426 -0.079911 -3.600141 0.243578 18.260318 0.231901
15.541270 15.677680 -2.978897 1.610258 5.057849 -0.308649
11.251181 6.173342 -9.007156 1.086188 5.571369 -0.869550
-14.459909 -8.389400 9.151151 1.279420 4.757222 -0.809698
-11.278764 11.981246 -15.509416 -0.816710 4.246990 -1.123058
10.848239 16.599557 -8.917541 1.294684 5.502560 -1.064265
9.292040 -14.375243 -3.288977 -1.627061 6.901379 0.575908
2.304249 12.561435 -2.603941 0.940680 11.287195 -1.063025
5.365752 9.259273 -8.008899 1.372707 8.326556 -2.048897
15.012296 5.853967 3.419252 1.174343 5.174006 0.267472
-2.386888 -12.593533 -0.679269 0.801541 10.229348 0.228106
-8.526287 -6.726729 -11.110871 1.089381 5.828806 1.419607
-4.815994 -6.776948 14.047256 0.543288 5.484119 -1.584659
-2.065354 -12.203308 -2.258237 0.709685 10.321583 0.775963
8.009716 -11.310794 -15.537123 -0.715323 4.671307 1.387573
4.074785 9.218693 0.972514 2.259635 13.484057 0.539299
7.804316 0.217673 -2.042509 -0.532742 10.480803 0.139427
-11.939062 0.885279 0.506702 0.049654 6.642654 -0.002107
-15.430224 -0.853940 0.196690 0.512302 5.053513 -0.006530
-1.599535 16.036860 14.329581 -0.188021 5.436777 1.684408
-13.340179 3.417267 1.223343 -0.829454 5.907721 0.076064
4.150660 15.087714 2.067464 1.191485 9.292476 0.593485
9.988074 14.980497 14.208879 0.897387 4.676324 1.276609
6.506880 -6.522568 6.014401 -1.905210 9.053155 -1.761012
5.661290 6.871756 1.171967 2.815272 13.138658 0.582801
-3.688798 -9.069773 13.110632 0.523339 5.985149 -1.860038
-0.707097 7.634424 12.880930 -0.101565 6.327839 1.850169
4.367602 0.257175 -2.981447 -0.197053 18.182381 0.134514
-1.752194 -5.691429 12.496545 0.264797 6.476654 -1.888520
5.510749 -12.115163 5.865974 -1.330620 8.212286 -1.416392
-9.482407 -4.105071 7.672508 1.345830 6.666869 -1.088953
-10.838324 9.252835 -0.715498 -2.287631 7.486048 -0.151019
-6.514875 -1.345360 -5.825510 1.074452 9.518732 0.960760
-14.859269 -3.607189 9.854172 0.761537 4.408862 -0.505026
-12.591950 -11.849191 -9.625682 1.342780 5.119587 1.026463
4.912855 2.358134 -8.713038 0.367147 8.138951 -0.651142
-8.256131 11.897085 -12.537497 -0.980314 5.434958 -1.488673
-0.729808 0.464643 7.555180 0.037793 11.302817 -0.391245
15.952596 -8.640297 -13.529397 -0.899564 3.851133 0.762920
2.443572 -2.685669 -12.555872 -0.245947 6.269997 1.263756
-9.975274 9.499150 15.282967 -0.731190 4.424935 1.120244
-12.442586 -13.223582 -10.617928 1.233876 4.931830 1.052933
-12.866784 4.256241 -10.563974 -0.587817 4.698101 -0.482613
-6.173434 2.472400 1.155281 -1.013887 14.196337 0.189736
9.368119 14.391925 9.223039 1.322664 5.981896 1.302181
3.632684 2.855039 5.096966 0.750960 14.118729 1.053661
-9.973133 -14.103640 -10.077699 1.196751 5.503132 1.209299
-6.890517 -10.034285 2.447226 2.107725 9.310560 -0.748577
-0.841032 -11.245622 -13.187701 0.121918 6.044986 1.911716
-11.556352 -0.526363 -12.149455 0.252722 4.618767 0.265692
9.063854 -1.306547 13.438816 -0.323918 4.805535 -0.480268
-15.116876 -11.072517 11.179718 1.165551 4.343465 -0.861986
-14.128291 -2.922550 13.282945 0.502427 4.011018 -0.472365
-11.051245 -4.553749 6.564157 1.462944 6.319149 -0.868952
-9.608217 15.678151 4.459409 -1.647352 6.765364 0.764576
-5.736336 1.099482 -4.481728 -0.058600 11.922686 -0.045784
-4.224918 -6.112667 -0.037190 2.526498 14.422913 0.022240
7.239052 -14.249833 -2.235338 -1.532312 7.759033 0.473161
14.719997 -6.566175 1.549446 -1.653972 5.498023 -0.174099
13.157738 -12.385779 -1.178144 -1.845483 5.959361 0.165245
-15.464400 4.486550 -9.395145 -0.598659 4.304858 -0.363706
-4.228038 -4.707529 5.538865 1.713495 11.494939 -2.244733
13.611945 3.986187 -2.675163 0.934477 5.709119 -0.183653
-12.312132 -14.646029 15.878426 0.841103 4.051819 -1.084734
13.591848 -0.540935 -7.779483 -0.362403 4.967503 0.207426
11.404947 1.330156 5.139820 0.121102 6.315734 0.054577
-14.582586 3.811325 -10.659254 -0.465668 4.294827 -0.340384
-10.784435 6.770390 -1.025508 -2.105193 7.574851 -0.200186
-8.517067 -1.130999 8.922543 0.583273 6.456085 -0.611041
-1.908089 -7.773798 -7.096165 0.677760 10.086828 2.520584
-14.732906 -2.848750 -9.503180 0.678327 4.463686 0.437542
8.143538 4.710410 -10.175646 0.786735 6.144298 -0.983054
-8.802990 -8.691610 7.025184 1.729716 7.142489 -1.380392
5.499360 -10.390876 -12.392703 -0.778641 5.960731 1.754653
8.814652 -0.134441 0.075790 -0.730175 9.422882 -0.006278
7.731990 10.296722 0.494809 2.522479 9.582921 0.161426
-2.753870 1.155512 12.222662 -0.013727 6.304105 0.060927
-6.200865 16.287622 -13.728648 -0.680111 5.234436 -1.505759
-11.763221 1.005553 -1.501984 -0.002415 6.699229 -0.000308
-2.962317 15.481923 6.726316 -0.679976 8.088287 1.543971
7.859801 -10.538595 -1.855484 -2.127864 8.672734 0.502331
-0.363505 1.625551 -7.178205 -0.023602 12.100604 -0.466074
11.641654 -2.564986 5.605755 -1.112699 6.195704 -0.535793
-3.193959 -13.186733 0.594822 0.972261 9.674494 -0.181068
1.934493 1.709831 10.815499 0.061250 7.302722 0.342442
10.187566 -6.387570 6.262058 -1.775326 6.848170 -1.091251
-13.055527 -8.269285 12.119251 1.051372 4.558539 -0.975973
14.689213 2.296840 -6.793097 0.302170 4.792137 -0.139740
-1.374299 -10.894302 -14.078591 0.179992 5.714888 1.843869
-2.650138 -14.640019 8.434729 0.494538 7.200881 -1.573991
12.780072 2.787305 -5.179346 0.554811 5.703784 -0.224847
13.550537 12.370977 10.542889 1.245296 4.758591 0.968893
14.364445 14.945273 -14.286564 0.968070 4.031230 -0.962821
8.894531 14.224475 -5.855974 1.645960 6.992091 -1.083666
-10.412946 13.745282 7.125113 -1.591443 6.238183 1.088953
12.757410 7.312605 -7.930004 1.264793 5.373326 -0.786195
-10.631905 16.424900 14.124631 -0.909093 4.563961 1.207742
-7.633594 -14.738269 -12.513733 0.856775 5.316457 1.404510
-10.449008 13.466550 14.936585 -0.860602 4.480942 1.230209
1.136467 7.665777 -1.615191 0.816263 17.435640 -1.160105
2.666653 -1.008302 -12.728808 -0.150815 6.087251 0.719892
-14.793956 11.481289 12.052258 -1.067562 4.261873 0.869716
0.131838 16.761772 1.805840 0.035150 9.086056 0.481460
2.335217 10.447106 -5.468952 0.950836 11.014596 -2.226808
-7.827714 -9.137839 5.783775 1.872881 7.987534 -1.383842
5.998268 14.431334 7.621717 1.207776 7.368931 1.534664
-15.848962 -13.891951 -7.779892 1.369256 4.584426 0.672136
1.773442 -11.719170 -13.046396 -0.255180 6.028916 1.877239
-1.678422 10.805608 -0.063928 -0.936975 13.647609 -0.035688
12.712670 -6.561111 13.883548 -0.811064 4.254330 -0.885766
2.357175 -3.881963 11.836404 -0.333445 6.734726 -1.674373
-9.750727 -11.431328 -6.525293 1.664425 6.634716 1.113851
-4.678065 -4.328544 -7.367143 1.330620 9.435166 2.095496
-9.575337 -0.180783 1.188555 0.678926 8.479550 -0.084273
-9.855742 16.906836 -4.085379 -1.559348 6.521434 -0.646377
-10.428305 -2.600434 -14.769875 0.416384 4.311785 0.589735
-11.398773 15.596887 10.368453 -1.232633 5.177380 1.121217
-3.450577 -8.090665 -2.417644 1.756418 12.734044 1.230633
15.282752 -12.457766 1.096912 -1.709477 5.256755 -0.122697
-14.989221 0.332828 -1.915325 0.193049 5.147605 0.024668
-6.968512 1.188716 -7.666342 -0.068011 7.801688 -0.074821
-8.731224 -9.345366 -11.901869 1.067715 5.532612 1.455444
-7.126798 16.569396 -9.729805 -1.019222 6.116643 -1.391485
-5.364067 -11.027818 13.427585 0.675899 5.597164 -1.691941
8.879950 3.774281 14.809179 0.317177 4.504365 0.528959
0.305545 -9.908912 -8.545749 -0.081657 8.560952 2.283846
4.085224 4.421028 15.505514 0.215707 4.896862 0.818718
-7.254972 12.219226 -2.179679 -2.125066 9.078455 -0.638453
-13.118405 15.120136 4.306855 -1.688033 5.695752 0.554192
-4.695876 0.890446 5.353409 0.054165 12.262224 -0.061750
-11.634385 -7.659631 8.345149 1.468831 5.708864 -1.053568
15.773975 13.152382 -9.431943 1.274887 4.444574 -0.762310
-1.142259 -10.591759 -15.508866 0.127053 5.241811 1.725046
-7.763292 -14.836117 -14.502641 0.737372 4.841262 1.377488
12.370674 -8.757006 -6.190421 -1.703398 5.902905 0.852399
12.924110 -9.705381 -7.347040 -1.561995 5.489414 0.887956
13.617542 -4.204212 3.045608 -1.427724 5.770817 -0.319315
13.834748 -11.633202 10.666314 -1.237880 4.671656 -0.954381
-0.925924 7.033664 -10.086962 -0.209676 8.108873 -2.284197
-1.538844 -13.078290 -2.942317 0.472742 9.716546 0.903898
-9.939218 -0.184248 -9.094126 0.308123 5.835170 0.281925
-6.046051 1.968223 -5.227235 -0.516844 10.596274 -0.446848
14.230698 9.659772 -2.102429 1.779373 5.681612 -0.262883
2.369002 13.352301 8.413532 0.564249 8.078817 2.003936
-12.387833 7.854398 6.833992 -1.473275 5.746789 0.812761
-3.188840 -11.851517 3.770172 1.022478 9.807858 -1.208878
1.868968 13.993814 14.685893 0.222954 5.439349 1.751916
-13.345689 -13.412555 1.662132 1.762070 5.789169 -0.219456
-5.573932 -4.901289 -11.475728 0.775861 6.382055 1.597360
-11.045003 8.003875 -12.764852 -0.879388 4.763927 -1.016320
10.284407 -8.058346 9.875998 -1.322468 5.734295 -1.269951
10.880178 -1.384172 6.417788 -0.777288 6.298857 -0.458492
9.472373 4.379551 14.313969 0.411820 4.550875 0.622313
-5.545134 -1.061033 3.281501 1.256196 13.572219 -0.743392
14.805612 11.816719 9.558949 1.279058 4.632184 0.825799
-5.036254 -12.095099 -6.220762 1.223044 8.239824 1.510699
11.089068 13.060448 -9.226433 1.402155 5.607745 -1.166635
-9.524499 6.812015 14.655034 -0.615428 4.547407 0.946939
4.765964 5.442057 -3.407169 2.147469 13.775152 -1.535217
15.472880 16.874693 -3.642356 1.544350 4.978086 -0.363544
5.653735 -0.277268 -13.187188 -0.159368 5.451707 0.371722
14.512728 -13.373943 -13.305799 -1.034525 4.144352 0.948490
-1.216306 -7.281420 -13.696687 0.164935 5.946471 1.857311
15.241612 -4.871416 -15.378410 -0.564935 3.616151 0.570005
13.888657 5.124581 6.170659 0.989272 5.216493 0.439529
2.444561 -14.016245 -12.559039 -0.335539 5.944229 1.723845
7.303775 -5.821179 -8.299179 -1.452000 7.414673 1.649887
-6.691021 14.752895 -5.828335 -1.427203 7.658427 -1.243191
-9.552944 14.416783 -5.407577 -1.691747 6.822422 -0.957637
-9.887250 0.126408 1.726056 0.477464 8.097751 -0.083353
-2.922419 5.151565 15.411305 -0.192774 5.042353 1.016589
-10.207352 3.657864 5.883918 -0.956957 6.813627 0.551627
-12.224834 9.313967 8.399965 -1.416451 5.501229 0.973276
-4.578046 2.108756 14.852346 -0.090274 5.000514 0.292872
-1.738590 -9.249318 10.437169 0.369904 7.467434 -2.220625
3.912298 12.520178 -2.952878 1.447839 10.572429 -1.092783
-0.173630 10.486244 -12.499075 -0.028723 6.510469 -2.067694
-5.120362 -9.287018 7.154698 1.375457 8.556010 -1.921931
14.696784 2.401914 5.708483 0.350766 4.929285 0.136244
-13.817697 12.266318 -0.111757 -1.898138 5.864580 -0.015352
-4.946889 -0.218429 1.232111 0.282710 18.718220 -0.070414
0.817149 9.468639 11.830261 0.147988 6.882568 2.142488
-13.312041 0.692231 9.088971 0.066277 4.802753 -0.045252
-2.640831 1.388973 -13.528261 -0.025521 5.681221 -0.130735
-3.265852 1.500743 11.673659 -0.057018 6.540619 0.203807
-13.383621 -5.819059 -3.711027 1.654978 5.859330 0.458894
12.752178 8.488684 -13.650791 0.824388 4.287375 -0.882481
9.792592 16.059794 8.774570 1.297625 5.825279 1.162726
1.315460 13.345440 15.251511 0.149789 5.301629 1.736662
11.634018 -1.483646 -8.289940 -0.626356 5.511250 0.446317
-15.062230 2.548037 -11.330281 -0.240484 4.082977 -0.180900
-12.346452 11.141545 -4.524793 -1.864827 6.184717 -0.683432
-14.304288 -11.451164 1.462309 1.807041 5.606862 -0.184731
-8.769890 7.653369 14.817244 -0.644746 4.651608 1.089336
9.967081 9.876493 8.741308 1.473419 6.166972 1.292215
4.929629 3.394101 10.980736 0.399401 6.643436 0.889665
-10.782136 8.422188 -12.134659 -0.972641 4.981325 -1.094650
15.796809 12.227365 -3.683479 1.621357 5.035634 -0.378066
12.681755 1.571051 -4.424060 0.192632 5.844863 -0.067200
3.465021 14.229707 -1.078631 1.154793 10.118273 -0.359477
4.575319 -14.922366 -2.628096 -1.054824 8.274519 0.605898
8.752111 -13.405116 -3.226182 -1.712005 7.311712 0.631075
-14.497933 -6.494790 7.320837 1.312675 4.980712 -0.662845
-10.335812 -9.690521 14.771015 0.848824 4.524170 -1.213064
-5.128105 4.927679 0.006069 -2.246620 15.650643 0.002659
-8.226691 6.994523 -2.502781 -2.480651 9.505205 -0.754681
-0.249472 12.545835 -12.333853 -0.040862 6.459474 -2.020198
0.560285 8.479867 6.300229 0.247273 11.622498 2.780509
-0.368319 -7.210566 -1.057950 0.253474 15.799529 0.728073
-3.918734 11.641225 15.434653 -0.414823 5.131327 1.633855
13.295886 10.141711 13.386909 0.932925 4.286531 0.939312
1.171311 14.804786 -3.073389 0.371657 9.883922 -0.975188
-15.450872 -6.063157 -7.004765 1.221355 4.740414 0.553710
11.243699 -2.702657 -6.287535 -1.116149 6.222492 0.624156
1.865345 5.414682 -11.514422 0.267189 6.967981 -1.649307
-5.299985 3.347864 -2.631124 -1.385904 14.818073 -0.688018
-13.554484 -5.053385 7.034750 1.259577 5.269090 -0.653718
3.582622 9.768801 -14.742763 0.402211 5.380542 -1.655128
-1.815318 5.389004 -3.048738 -0.715156 18.494283 -1.201069
14.767508 -1.283477 15.481742 -0.240169 3.585505 -0.251785
0.773441 16.432873 -0.505525 0.216913 9.348373 -0.141775
-4.165058 6.594034 2.471274 -2.343926 14.827189 1.390733
-8.288472 7.190674 -0.906753 -2.639599 9.751626 -0.288770
7.692873 6.918348 6.922081 1.660864 7.937783 1.494453
1.568524 -2.991657 11.547515 -0.209833 6.956909 -1.544797
-2.526074 -13.592332 -14.380029 0.295871 5.413535 1.684287
6.883712 1.002011 -0.994132 0.001491 12.641067 -0.000215
-11.931419 -9.321423 1.977952 2.070605 6.663742 -0.343258
9.815374 0.698253 0.529754 -0.173179 8.288830 -0.009347
8.038748 5.257263 14.604116 0.461388 4.726155 0.838211
3.356113 6.499845 -11.275593 0.538376 6.942829 -1.808790
-10.608715 11.982143 -6.141735 -1.779128 6.538940 -1.029996
-4.867688 11.068896 -9.835380 -0.987314 7.267275 -1.994913
4.923601 16.610964 -9.715294 0.778156 6.497982 -1.535463
14.024001 -9.779056 -2.123298 -1.847285 5.740364 0.279687
6.140844 -13.164995 11.623301 -0.843435 5.913108 -1.596441
0.520409 -11.870856 7.142820 -0.139093 8.727571 -1.909099
10.116209 2.878439 13.854544 0.254026 4.514762 0.347899
-5.076821 13.672133 3.547023 -1.503494 9.293009 1.050446
11.679305 -6.929708 15.353458 -0.721563 4.154705 -0.948558
8.984297 -10.832010 1.001484 -2.142635 8.047972 -0.238841
13.422908 -8.352942 -7.422114 -1.498172 5.326500 0.828405
13.358609 6.857194 4.871002 1.443047 5.681642 0.526184
-11.018250 15.517025 -5.423778 -1.624268 6.175244 -0.799552
-2.590192 12.508802 3.222736 -1.018146 10.998579 1.266784
0.202692 -12.408312 -8.263954 -0.046899 8.023725 1.912119
9.350570 15.363090 10.418376 1.170844 5.615342 1.304551
-2.915381 -6.829024 -1.344475 1.838923 14.833314 0.848049
9.142959 -6.052727 -9.231582 -1.325570 6.289124 1.338419
-15.656059 15.586156 7.545620 -1.395088 4.658780 0.672379
-3.975063 -5.679913 1.758002 2.385763 14.654817 -1.055122
3.229385 8.959404 -10.978219 0.620197 7.139844 -2.108345
9.286569 16.600376 -1.430823 1.663325 7.015946 -0.256276
-3.412830 12.186348 10.154954 -0.690260 7.272876 2.053885
-13.131943 9.508253 -13.901353 -0.861733 4.209770 -0.912223
-12.716715 -9.152299 -8.250256 1.474745 5.391170 0.956774
-3.881828 -7.508427 -9.024106 0.961492 8.163197 2.235186
9.126081 -1.364528 -15.680579 -0.244505 4.264569 0.420112
-12.692337 -7.599019 -13.206541 0.927657 4.410388 0.965239
2.216673 -5.658639 -11.093766 -0.418371 7.246369 2.093818
15.425358 12.725461 0.179619 1.740424 5.279486 0.020266
9.241405 -5.447585 7.439838 -1.566300 6.901046 -1.260958
-6.755791 5.745929 7.476294 -1.389567 8.162060 1.537764
5.482275 16.517257 13.564970 0.621562 5.340363 1.537952
-8.045626 -6.131547 -1.839906 2.619220 9.679171 0.598974
7.879297 12.802146 11.007857 1.110665 5.947563 1.551666
3.715600 -0.437499 7.111937 -0.461291 10.532668 -0.882945
13.933098 -14.157955 -2.299448 -1.677731 5.515779 0.276884
3.059819 5.351888 9.760957 0.579913 8.026447 1.849949
3.613183 -9.959675 -1.479348 -1.537598 11.507218 0.629540
11.701758 -7.675915 -10.948805 -1.163521 5.081608 1.088654
10.613928 -1.512350 -5.866415 -0.881221 6.593436 0.487059
-13.098560 -0.953852 -3.254627 0.655051 5.843656 0.162762
-10.033633 1.115865 9.269184 -0.029622 5.735873 0.027365
-14.619310 -12.577148 0.562837 1.754705 5.465837 -0.067555
9.714938 1.611321 -10.921961 0.125626 5.333870 -0.141234
-1.944260 8.567265 1.118725 -1.343604 16.003015 0.773108
15.314531 1.312310 -5.272878 0.076338 4.778235 -0.026284
13.452978 6.322128 2.435055 1.503029 5.904678 0.272056
0.066704 -10.741769 3.169714 -0.027133 11.290204 -1.289341
-9.410873 -4.060141 9.738458 1.040604 5.954135 -1.076827
10.592635 4.454381 -4.456858 1.312427 7.039681 -0.552205
1.688896 13.296646 -13.953945 0.221991 5.728211 -1.834127
10.930730 -6.885880 2.444902 -2.180004 7.290995 -0.487607
-13.305456 -2.412463 5.087741 0.957237 5.564498 -0.366028
-8.308859 -6.055816 -15.003644 0.639246 4.684965 1.154313
-11.990225 11.669927 12.747709 -1.047973 4.664274 1.114179
-10.736947 5.692060 -5.274148 -1.511218 6.791709 -0.742333
-0.004686 -4.302486 -0.904823 0.001628 19.800816 0.314410
2.420039 -13.219318 -15.056623 -0.268340 5.242643 1.669518
3.310073 -0.478500 11.001902 -0.192144 6.962477 -0.638640
1.777686 6.846860 1.096124 1.144741 18.456475 0.705849
-15.167214 -9.112469 -2.280804 1.717807 5.328547 0.258319
-6.236025 -4.691957 7.305600 1.529121 8.562160 -1.791389
4.366539 1.841216 13.759998 0.080212 5.408610 0.252768
-9.059399 -4.356562 -6.236241 1.655861 7.451198 1.139849
7.203160 -10.368276 11.983564 -0.968735 5.797685 -1.611640
14.452899 16.837853 -4.782102 1.535466 5.155615 -0.508047
-11.933010 2.623313 11.048804 -0.301652 4.773203 0.279300
6.693389 13.194740 8.092209 1.326946 7.227822 1.604259
-4.262700 9.529945 2.127935 -2.158183 12.665122 1.077362
7.403172 11.642213 13.290355 0.856358 5.368332 1.537355
-5.325897 -1.362810 0.610705 1.274811 16.476084 -0.146179
-9.168341 1.936357 -8.851533 -0.261338 6.195561 -0.252308
0.330684 9.243816 -14.827401 0.038216 5.500652 -1.713543
5.779812 -0.757260 -14.807769 -0.168027 4.893545 0.430483
-6.453332 -14.912529 2.876675 1.338941 7.727682 -0.596854
2.095187 0.381148 -11.750643 -0.046989 6.655042 0.263534
-14.577316 12.429383 3.359756 -1.740690 5.442324 0.401191
-12.592790 -10.284351 -3.840849 1.874261 6.124720 0.571657
-5.459913 -5.649079 -5.750515 1.883344 10.105010 1.983585
-10.659385 -14.495684 -2.869478 1.674594 6.467194 0.450796
9.587838 -6.886667 14.685486 -0.743606 4.599733 -1.138965
-6.829598 -1.925996 9.262376 0.736469 7.005051 -0.998807
5.098183 -1.178027 1.637617 -1.085875 16.673400 -0.348800
-14.421999 -5.315331 0.293633 1.573066 5.611758 -0.032028
-10.280720 -14.294682 14.122407 0.898551 4.617007 -1.234321
-9.350312 13.698944 10.082044 -1.261158 5.815107 1.359854
9.388780 -10.943832 11.760554 -1.105640 5.398396 -1.384944
-8.069723 -11.925916 0.368250 1.971362 8.254608 -0.089960
-11.562531 11.594317 -10.326888 -1.289338 5.270024 -1.151552
4.743017 11.566805 12.160407 0.723281 6.209287 1.854388
13.746433 13.652676 11.479297 1.172895 4.559164 0.979455
-14.406028 5.648264 -2.215921 -1.252778 5.481147 -0.192701
-12.785167 3.793799 -13.239901 -0.385281 4.209827 -0.398984
9.187674 1.102932 0.992631 0.063556 8.907903 0.006867
15.708723 -14.232361 -11.979455 -1.109600 4.122723 0.846179
-2.480640 -11.931163 3.167568 0.836591 10.150724 -1.068256
-10.010500 16.748900 14.609825 -0.848701 4.546730 1.238637
-3.005575 1.854391 -13.453290 -0.063522 5.685587 -0.284331
-3.061064 6.595424 14.752702 -0.279461 5.327765 1.346853
-10.102212 10.464369 13.862510 -0.891584 4.746748 1.223454
1.701270 -6.872201 -3.536398 -0.999011 14.067489 2.076626
-6.983634 13.177619 8.281899 -1.334456 7.072811 1.582532
15.830186 -7.222580 6.912283 -1.299068 4.684425 -0.567241
-10.956909 -6.568829 1.880443 2.203441 7.355620 -0.378158
5.969223 -12.352097 7.100568 -1.259400 7.575554 -1.498094
-12.718529 -2.342943 2.890626 1.126205 6.122270 -0.255960
-1.699911 -13.681495 -3.948663 0.466974 9.110265 1.084718
12.215569 -9.049784 1.254575 -2.075649 6.590576 -0.213175
0.002484 -7.120639 15.867547 -0.000246 5.122568 -1.572153
-15.336839 -4.090396 10.113555 0.787031 4.285667 -0.518991
-2.773978 -7.465270 -8.182181 0.825164 9.071906 2.433921
-2.208996 12.778534 3.778312 -0.827859 10.698008 1.415986
-1.867434 -9.303550 2.986128 0.882073 12.238697 -1.410483
-3.062040 8.116452 -5.932582 -1.297178 11.373576 -2.513231
7.677508 7.272716 2.529350 2.566755 10.010713 0.845616
14.191672 -7.088625 0.696389 -1.785636 5.747963 -0.087622
0.157301 -9.520351 8.149097 -0.045224 8.925373 -2.342880
-2.130515 6.509982 -12.352951 -0.297210 6.489402 -1.723256
8.100101 10.511805 -3.508802 2.251730 8.709710 -0.975404
7.838940 15.938868 -14.989357 0.726636 4.762486 -1.389449
14.148994 -4.827923 -1.955951 -1.507568 5.652887 0.208406
15.869293 -5.225997 14.691737 -0.618079 3.630022 -0.572216
12.230390 5.507611 -3.528498 1.448926 6.341840 -0.418019
2.552440 15.622963 -14.588349 0.292586 5.349134 -1.672260
-4.293274 -10.804589 -9.434383 0.881107 7.358045 1.936214
3.218213 -2.508879 15.431821 -0.181801 4.990679 -0.871762
9.331110 -4.675465 15.688882 -0.529697 4.335065 -0.890608
-7.338104 -11.202560 -4.062540 1.832719 8.305236 1.014635
-1.268563 5.455078 -7.440294 -0.424687 10.977144 -2.490849
-5.773355 -0.532145 6.259314 0.682226 9.814496 -0.739650
6.238417 -14.955661 -8.356712 -1.003756 6.592158 1.344588
-9.978898 5.911132 9.772667 -1.003382 5.752083 0.982645
-7.141242 0.879250 -13.558045 0.016058 5.068154 0.030488
-2.621562 -6.181704 8.217023 0.800531 9.317453 -2.509184
-4.914311 13.776435 0.687411 -1.585482 9.836707 0.221776
4.323202 14.487057 1.672489 1.322319 9.599646 0.511557
-9.251511 7.681398 0.060140 -2.520470 8.812787 0.016384
11.690163 -5.528542 1.811656 -2.002708 6.922590 -0.310365
-13.756786 5.350401 -2.044547 -1.279722 5.753374 -0.190194
-3.746131 -9.556303 10.019527 0.777054 7.364279 -2.078335
-3.982468 9.057923 0.230710 -2.287163 13.828961 0.132498
-8.581178 -8.914199 14.298612 0.815792 4.893999 -1.359335
13.571666 -5.835939 -2.958690 -1.679653 5.858990 0.366173
-7.328833 -2.200663 -7.952444 0.985327 7.515997 1.069168
15.566943 7.123755 -10.017819 0.901045 4.285240 -0.579851
-7.088938 1.656658 -12.382598 -0.105129 5.475105 -0.183634
4.573018 15.493323 5.993251 1.033294 8.009067 1.354202
2.660958 -12.191461 -2.563090 -0.887623 10.118247 0.854978
6.387841 1.795130 14.311781 0.088565 4.952013 0.198427
9.986054 -14.424383 -0.990153 -1.717107 6.828303 0.170257
-3.947064 -1.275152 -13.128408 0.218487 5.755910 0.726713
15.841527 -1.779548 -0.094283 -0.717012 4.939098 0.004267
-0.276469 -3.708069 9.355541 0.065553 8.818277 -2.218264
-12.463690 -1.317929 7.353327 0.608208 5.429143 -0.358831
6.007711 2.377994 15.432929 0.123041 4.677512 0.316075
-12.557708 8.253640 -0.084927 -1.973570 6.516464 -0.013347
-1.174695 -7.846882 5.020750 0.552847 12.070012 -2.362917
-15.464945 -4.181178 -15.235660 0.513400 3.588596 0.505789
-7.709818 1.973448 1.161064 -0.690491 10.920895 0.103985
7.071478 -0.846294 12.453084 -0.286260 5.476497 -0.504112
15.380319 1.628107 12.705771 0.085400 3.839680 0.070550
11.510356 -1.891008 -14.733563 -0.342821 4.142697 0.438820
1.233611 -11.809143 6.414489 -0.350465 9.065401 -1.822334
14.952134 6.610955 15.713690 0.531617 3.602585 0.558694
1.658993 8.748341 -12.020789 0.284077 6.745436 -2.058375
-15.502973 15.216355 15.657401 -0.883436 3.704960 0.892236
-1.939372 13.099202 -11.175574 -0.350742 6.847493 -2.021138
12.280155 -4.753212 7.889702 -1.232722 5.519743 -0.791994
-11.357880 -10.352970 1.258477 2.090863 6.895496 -0.231672
15.052373 -10.704049 -3.804417 -1.678783 5.247798 0.424305
-6.690916 5.052225 4.990716 -1.806321 9.959262 1.347325
-3.958851 -14.778110 -9.728068 0.640108 6.599890 1.572936
11.956121 -0.739758 13.966184 -0.229555 4.193944 -0.268148
13.833619 14.457177 11.179260 1.195213 4.581743 0.965879
-7.173673 9.320599 -15.534726 -0.605033 4.734295 -1.310210
10.806087 10.736276 3.295935 2.111315 7.119502 0.643966
1.197704 1.191315 -10.382527 0.011604 7.723930 -0.100587
-1.761460 16.991288 5.274189 -0.397354 8.166015 1.189762
4.759411 2.254555 -11.228016 0.202619 6.510344 -0.478001
5.660714 3.835628 -14.466537 0.275073 5.045961 -0.702977
5.271965 14.942612 -7.705193 1.063260 7.413934 -1.553998
6.940896 -7.536726 -0.752680 -2.632270 10.504299 0.285447
-12.111392 -7.997046 -11.432570 1.120755 4.886714 1.057939
-9.915725 11.326846 -7.272886 -1.674896 6.565841 -1.228486
6.462981 -6.444884 -4.713552 -2.186504 9.860962 1.594652
9.007982 -14.119492 7.523987 -1.357313 6.285743 -1.133706
12.627436 -1.345549 12.530822 -0.354638 4.353801 -0.351924
12.180530 2.108091 -14.008447 0.146023 4.143483 -0.167937
9.521812 -9.668610 12.367553 -1.048560 5.234307 -1.361938
6.168979 12.091052 10.643100 1.026382 6.510930 1.770777
-11.464633 3.869156 10.641492 -0.552740 5.009758 0.513054
-10.042534 4.603883 10.534814 -0.715681 5.444205 0.750763
-7.544690 -10.242464 -6.301829 1.695865 7.736733 1.416500
-8.792674 -3.277106 -14.607696 0.477282 4.613913 0.792932
4.861991 11.116549 0.060516 2.091020 11.474711 0.026027
-0.565020 -2.026654 12.723074 0.048837 6.269661 -1.099706
14.645894 1.267744 -13.670126 0.034287 3.821569 -0.032003
-2.099793 -8.011212 9.005829 0.560398 8.503894 -2.403498
14.026799 2.621023 10.488515 0.288046 4.412063 0.215386
-1.280765 7.939988 14.565305 -0.142231 5.552057 1.617506
2.496207 -10.181943 -9.859534 -0.539843 7.561045 2.132275
6.263828 7.689500 -5.808598 1.937853 9.471224 -1.797018
-8.619917 -4.116579 -14.848614 0.530448 4.609881 0.913746
-3.603346 7.706479 -0.346260 -2.332147 15.593660 -0.224105
-3.490210 -4.036953 -0.390307 1.918920 17.682974 0.214591
12.847430 2.219608 -7.747679 0.306561 5.195007 -0.184872
12.737155 4.662546 -1.363844 1.271042 6.259006 -0.136098
8.666002 7.557251 -10.670006 1.076444 5.915998 -1.325370
8.107088 16.823211 0.209375 1.576227 7.405755 0.040708
-14.070892 10.391658 -15.681114 -0.769568 3.815957 -0.857634
-15.387182 0.146215 -7.931684 0.173489 4.456864 0.089429
13.892426 11.809403 9.208402 1.345617 4.902112 0.891924
15.290389 8.783300 -8.630819 1.174519 4.591139 -0.662969
-5.800387 9.489539 1.110388 -2.558590 11.562101 0.489800
-10.523021 -9.994621 -5.107130 1.894070 6.802063 0.919247
10.630109 4.496585 -15.648060 0.365100 4.106484 -0.537446
7.305340 4.967564 6.693831 1.395531 8.298915 1.278715
4.060599 -4.587301 13.293819 -0.449714 5.811009 -1.472299
-14.368961 -1.855341 -1.569654 0.851269 5.454916 0.092992
-14.302425 10.626881 -3.384084 -1.749837 5.561800 -0.414027
10.641150 4.046266 13.163435 0.437514 4.608941 0.541218
-5.412539 -8.148768 -6.936454 1.534295 8.807848 1.966280
-13.432053 13.892097 -2.034671 -1.836069 5.861937 -0.278126
5.087127 7.244253 9.756728 0.992710 7.455244 1.903943
1.559352 -9.311079 6.822742 -0.522789 9.798165 -2.287394
11.872371 -1.884912 -7.454268 -0.769263 5.640355 0.482995
10.694084 6.559701 -2.711162 1.977567 7.430432 -0.501352
12.845447 0.439068 -2.086706 -0.208483 6.049641 0.033868
5.687859 10.455995 -12.540444 0.787906 5.933864 -1.737155
-14.572935 -10.048203 -14.369366 0.915502 3.968516 0.902713
1.149075 -11.483618 8.275123 -0.282248 8.243675 -2.032623
11.368361 5.364998 3.689945 1.527564 6.784116 0.495817
1.944107 5.591389 4.355935 0.991150 15.822333 2.220755
13.255943 14.831132 -8.543524 1.405170 5.109292 -0.905639
10.213175 0.578593 10.484586 -0.090825 5.324770 -0.093239
-15.173385 -14.458091 2.536466 1.606803 5.136207 -0.268602
-1.106739 -0.470888 10.950705 0.071089 7.305056 -0.703398
2.543352 2.903315 -8.812587 0.315834 9.002933 -1.094347
8.857907 5.960534 -0.726844 2.371129 9.289208 -0.194565
6.688241 -9.981153 -12.950915 -0.838260 5.588838 1.623183
7.195440 2.078191 -11.278219 0.207266 5.877644 -0.324872
-5.324083 -12.505484 0.512769 1.550971 9.301351 -0.149376
-3.088076 -13.413370 2.353248 0.891049 9.371226 -0.679018
-11.633215 1.948631 10.577297 -0.190443 4.936894 0.173157
-0.440658 -2.038841 -14.284747 0.028427 5.529512 0.921524
-13.494010 4.689063 -4.465483 -1.042352 5.589723 -0.344939
11.550564 -9.535906 7.440487 -1.611801 5.922328 -1.038268
7.726997 -10.343010 -11.197424 -1.088574 5.944618 1.577485
7.644028 6.355585 15.032501 0.509972 4.708761 1.002895
3.492694 -1.287712 4.275650 -0.842317 16.030097 -1.031139
8.446560 14.204807 14.005303 0.849673 4.963567 1.408850
9.541161 6.737706 -14.476884 0.623521 4.584244 -0.946074
3.592374 8.788050 -8.122826 1.044925 8.993621 -2.362712
-15.693802 10.552180 -7.139583 -1.373718 4.722774 -0.624946
9.373476 7.077447 2.812138 2.268290 8.390053 0.680510
-2.381762 5.129105 13.003531 -0.241461 6.069152 1.318287
-15.614231 7.218233 14.144263 -0.651413 3.732661 0.590087
-8.027981 16.029957 -1.922913 -1.642156 7.572140 -0.393340
8.978987 10.520580 -2.972392 2.284460 8.269482 -0.756245
-1.332369 -10.898736 6.438886 0.409226 9.420232 -1.977649
-3.327273 -0.219597 8.654133 0.265758 8.881672 -0.691229
6.033043 -2.006808 -12.559582 -0.411960 5.682733 0.857618
-0.688213 -6.181625 -11.009398 0.139091 7.423422 2.225043
15.091582 14.368287 15.722448 0.870774 3.742229 0.907175
-4.710374 -14.500904 12.209298 0.616097 5.799400 -1.596925
-3.277671 -1.795375 13.280946 0.220094 5.789014 -0.891808
11.284717 -13.219785 14.877391 -0.888556 4.363444 -1.171442
-15.404674 8.173241 3.228184 -1.467684 5.140261 0.307566
7.773135 -1.087842 -6.271053 -0.870705 8.172835 0.702450
-6.419546 1.912594 -13.096415 -0.124307 5.350114 -0.253596
-4.143382 -8.541345 4.295521 1.669524 10.947232 -1.730827
-6.728119 15.924062 -7.084487 -1.222599 7.026610 -1.287357
7.686032 10.557883 9.294679 1.352222 6.726670 1.635235
13.853556 0.711528 0.153253 -0.097973 5.649182 -0.001084
13.144393 13.966293 12.770385 1.073739 4.455254 1.043187
12.435397 13.855592 -9.867988 1.322320 5.111845 -1.049314
14.780464 3.448603 -11.468046 0.375765 4.130447 -0.291553
1.941618 -14.585808 -9.073784 -0.351398 7.060227 1.642192
-4.335622 -3.841389 -14.943984 0.329535 5.114759 1.135837
12.311717 0.883516 14.593723 -0.014392 4.017923 -0.017060
-8.469180 -3.481847 -12.906514 0.619081 5.143841 0.943442
-4.424144 -7.380228 -12.216120 0.673717 6.296268 1.860295
14.221732 -7.318000 0.895783 -1.793705 5.733696 -0.112980
-14.845286 7.183102 -11.902690 -0.805917 4.162362 -0.646171
-7.380565 1.896051 -8.133323 -0.294372 7.309033 -0.324395
2.900170 7.463521 -9.666008 0.674645 8.124955 -2.248531
-13.299733 -7.745641 -0.869436 1.941555 6.135768 0.126924
-15.322895 16.995025 0.145427 -1.605141 5.118955 0.015234
-12.421276 10.189980 -15.272850 -0.790660 4.098065 -0.972173
-2.185992 16.074455 -8.206555 -0.437297 7.470953 -1.641683
-12.344098 6.110148 5.544990 -1.376366 5.961198 0.618266
-3.334690 5.936887 5.653450 -1.402705 12.336582 2.378069
-5.754877 -11.009564 12.773739 0.764365 5.758940 -1.696614
-6.414489 4.795440 12.607543 -0.513480 5.623673 1.009233
-11.110028 8.393770 1.784820 -2.175962 7.274471 0.349567
14.000491 5.218726 4.792048 1.087478 5.373317 0.372219
-2.378225 -7.585807 -0.116136 1.483287 14.656197 0.072433
-3.229875 -7.449564 4.371767 1.518433 12.053628 -2.055261
1.106871 1.952851 -9.628205 0.063071 8.432550 -0.548632
-6.764684 11.885605 -6.169073 -1.682043 8.196777 -1.533944
-10.258367 9.190286 -5.281270 -1.946672 7.075415 -1.002197
-1.289150 10.621269 -5.787696 -0.518286 10.937249 -2.326871
-6.832217 13.705537 6.253481 -1.505567 7.730673 1.378035
7.888920 6.058191 -3.612152 2.222026 9.509321 -1.017414
15.338756 -8.840130 -15.644074 -0.781671 3.669287 0.797230
-8.447209 6.590297 8.264091 -1.353328 6.912403 1.323990
-13.863926 9.809164 -0.986484 -1.865867 5.883591 -0.132765
-5.157548 -10.598260 -3.486761 1.683129 9.756597 1.137880
-14.804091 12.144226 -14.984681 -0.874054 3.851372 -0.884716
8.560725 3.532060 11.992887 0.432057 5.331263 0.605277
11.197335 -9.894500 -3.731217 -1.993920 6.760182 0.664421
-4.184801 6.387015 -0.954477 -2.447558 15.951873 -0.558244
11.428090 1.548807 8.410269 0.143919 5.506955 0.105914
-11.459118 -4.900395 -8.428084 1.242101 5.680840 0.913555
4.226050 3.708757 13.885754 0.236130 5.425025 0.775866
11.897989 -10.128972 0.520416 -2.077384 6.688686 -0.090864
-0.503470 14.175526 -7.387258 -0.128340 8.502063 -1.883094
-8.645810 -7.782209 9.562323 1.346268 6.340316 -1.488981
6.183508 -13.856370 -11.780431 -0.814027 5.795264 1.550832
-13.946125 13.824807 7.542642 -1.486677 5.118631 0.804057
2.915049 -11.716030 -15.452337 -0.315593 5.160900 1.672924
11.197685 14.237938 14.576825 0.909903 4.440423 1.184486
-3.084492 0.880674 -10.808482 0.015590 7.112888 0.054631
9.065122 15.366854 -11.679796 1.049261 5.372286 -1.351901
-6.206352 -4.154053 -2.249856 2.628239 12.201429 0.952759
5.919780 4.243969 4.953584 1.578683 10.887360 1.321019
-7.649993 -2.371942 -11.882688 0.556102 5.611008 0.863790
1.916282 3.741632 12.881447 0.143564 6.105969 0.965053
-13.590127 -3.044015 5.304069 1.058455 5.449314 -0.413103
-14.768413 -4.243939 -5.948664 1.123428 5.005788 0.452513
0.316060 4.769323 -11.904254 0.038502 6.784327 -1.450165
14.470546 -2.466397 -15.767969 -0.349530 3.604399 0.380869
0.659792 6.957540 8.282750 0.209873 9.815465 2.634655
-12.808097 0.766620 -15.476830 0.025933 3.810625 0.031337
6.490874 0.618092 7.230713 -0.148734 8.401146 -0.165687
-13.191403 15.029417 -14.764574 -0.930176 4.123775 -1.041106
-4.945666 8.907042 -2.088969 -2.440045 12.464291 -1.030635
-0.947882 15.269870 -13.620457 -0.123253 5.734194 -1.771060
5.761459 4.129603 -7.696845 0.988375 8.559280 -1.320390
15.873331 -3.333187 14.268696 -0.473036 3.633280 -0.425217
1.155379 -6.279123 4.122444 -0.680195 14.204335 -2.426968
